{
   "id" : "id169440",
   "p" : [
      {
         "l" : [ -1.5175000000000001, 1.6029, 0.93269999999999997 ],
         "u" : 0
      },
      {
         "d" : 1.0668000000468669,
         "l" : [ -1.5174999999904832, 1.6029000000458906, 1.9995000000000001 ],
         "u" : 1.0000000000258962
      },
      {
         "d" : 2.8766051433788649,
         "l" : [ -1.1500000001682669, 3.3749999991886099, 1.9995000000000001 ],
         "u" : 1.9999999995421307
      },
      {
         "d" : 4.1807051442075194,
         "l" : [ -1.1499999999999999, 3.375, 0.69540000000000002 ],
         "u" : 3
      }
   ]
}
