{
   "id" : "id307792",
   "p" : [
      {
         "l" : [ 0.98205723473264195, 0.98712427157875904, 0.89499999349057302 ],
         "u" : 0
      },
      {
         "d" : 1.7300000024158135,
         "l" : [ 0.98205723337332906, 0.98712426958165156, 2.6249999934905701 ],
         "u" : 1.0000000007897663
      },
      {
         "d" : 4.7889007859899646,
         "l" : [ -0.73910119757078896, -1.5416081516331099, 2.624999993288232 ],
         "u" : 2.000000000197403
      },
      {
         "d" : 5.8139007857876264,
         "l" : [ -0.73910119757078896, -1.5416081516331099, 1.59999999349057 ],
         "u" : 3
      }
   ]
}
