{
   "id" : "id310893",
   "p" : [
      {
         "l" : [ 3.5218100008286801, -1.6514553206401399, 0.88499999349057301 ],
         "u" : 0
      },
      {
         "d" : 0.25000000165666847,
         "l" : [ 3.5218099993765581, -1.6514553214375747, 1.1349999934905699 ],
         "u" : 1.0000000006777958
      },
      {
         "d" : 2.6942045051927259,
         "l" : [ 1.3793918830743399, -2.8279672295252398, 1.1349999934549915 ],
         "u" : 2.0000000001694209
      },
      {
         "d" : 2.9042045051571446,
         "l" : [ 1.3793918830743399, -2.8279672295252398, 0.92499999349057305 ],
         "u" : 3
      }
   ]
}
