{
   "id" : "id302206",
   "p" : [
      {
         "l" : [ 1.9814037569351599, -2.1581538929224999, 2.3749880000000001 ],
         "u" : 0
      },
      {
         "d" : 1.45,
         "l" : [ 1.9814037569351599, -2.1581538929224999, 0.92498800000000003 ],
         "u" : 2
      }
   ]
}
