{
   "id" : "id298488",
   "p" : [
      {
         "l" : [ -2.1646048774168398, 2.07261142795377, 0.63500000000000001 ],
         "u" : 0
      },
      {
         "d" : 0.043954542590665481,
         "l" : [ -2.1308783469865098, 2.0444241443051698, 0.63500000000000001 ],
         "t" : 0.013186362777199643,
         "u" : 1
      },
      {
         "d" : 0.16830278770156221,
         "l" : [ -2.0076924369794602, 2.0613863858402599, 0.63500000000000001 ],
         "t" : 0.050490836310468662,
         "u" : 2
      }
   ]
}
