{
   "id" : "id275918",
   "p" : [
      {
         "l" : [ -0.56718381746945601, -3.37980777776917, 0.89500599999999997 ],
         "u" : 0
      },
      {
         "d" : 0.0076437055021908347,
         "l" : [ -0.56975296890406102, -3.3726093333168898, 0.89500599999999997 ],
         "t" : 0.00091724466026290013,
         "u" : 2
      }
   ]
}
