{
   "id" : "id310836",
   "p" : [
      {
         "l" : [ 2.8279672423925701, 1.5002374627513599, 2.3749999934905701 ],
         "u" : 0
      },
      {
         "d" : 1.4499999999999971,
         "l" : [ 2.8279672423925701, 1.5002374627513599, 0.92499999349057305 ],
         "u" : 2
      }
   ]
}
