{
   "id" : "id274366",
   "p" : [
      {
         "l" : [ -2.1875, -2.1875, 0.92500000000000004 ],
         "u" : 0
      },
      {
         "d" : 0.53500000000000003,
         "l" : [ -2.1875, -2.1875, 0.39000000000000001 ],
         "t" : 16.806282722513092,
         "u" : 1
      }
   ]
}
