{
   "id" : "id268683",
   "p" : [
      {
         "l" : [ -0.38290000000000002, -3, 1.9995000000000001 ],
         "u" : 0
      },
      {
         "d" : 0.13725902520417366,
         "l" : [ -0.50390000000000001, -2.9352, 1.9995000000000001 ],
         "u" : 1
      },
      {
         "d" : 1.2059590252041736,
         "l" : [ -0.50390000000000001, -2.9352, 0.93079999999999996 ],
         "u" : 2
      }
   ]
}
