{
   "id" : "id298345",
   "p" : [
      {
         "l" : [ -2.1057297332662399, 1.8199441363386699, 2.125 ],
         "u" : 0
      },
      {
         "d" : 1.45,
         "l" : [ -2.1057297332662399, 1.8199441363386699, 0.67500000000000004 ],
         "u" : 2
      }
   ]
}
