{
   "id" : "id293340",
   "p" : [
      {
         "l" : [ -1.3026907753591901, -0.77373705172412599, 0.63998799267501005 ],
         "u" : 0
      },
      {
         "d" : 0.068753155372135458,
         "l" : [ -1.2742968682773552, -0.83560026284631594, 0.63998799267501005 ],
         "t" : 0.020625946611640637,
         "u" : 1.999999999853338
      },
      {
         "d" : 0.69353771678165121,
         "l" : [ -0.84559021062427986, -1.2900959722422263, 0.63998799267501005 ],
         "t" : 0.20806131503449535,
         "u" : 3.0000000003757732
      },
      {
         "d" : 0.77034965406843059,
         "l" : [ -0.77728088798844297, -1.32307299324091, 0.63998799267501005 ],
         "t" : 0.23110489622052915,
         "u" : 5
      }
   ]
}
