{
   "id" : "id183578",
   "p" : [
      {
         "l" : [ 0.36759999999999998, 0.124, 1.1182000000000001 ],
         "u" : 0
      },
      {
         "d" : 0.28349999999999986,
         "l" : [ 0.36759999999999998, 0.124, 1.4016999999999999 ],
         "u" : 1
      },
      {
         "d" : 3.4603399282935241,
         "l" : [ 3.4239000000000002, 0.99080000000000001, 1.4016999999999999 ],
         "u" : 2
      }
   ]
}
