{
   "id" : "id307424",
   "p" : [
      {
         "l" : [ -0.82582447346383203, -2.11976265251967, 1.59999999349057 ],
         "u" : 0
      },
      {
         "d" : 0.70499999999999696,
         "l" : [ -0.82582447346383203, -2.11976265251967, 0.89499999349057302 ],
         "t" : 2.8199999999999878,
         "u" : 1
      }
   ]
}
