{
   "id" : "id310669",
   "p" : [
      {
         "l" : [ 2.4480362967835498, -1.8990516881355, 0.88500000042284499 ],
         "u" : 0
      },
      {
         "d" : 0.0079567971082429474,
         "l" : [ 2.4405835221666501, -1.8962658696935499, 0.88500000042284499 ],
         "t" : 0.0047740782649457686,
         "u" : 2
      }
   ]
}
