{
   "id" : "id278533",
   "p" : [
      {
         "l" : [ -0.15025072880981299, -0.392499922702233, 0.89500599999999997 ],
         "u" : 0
      },
      {
         "d" : 0.53517611640771401,
         "l" : [ 0.14349227898537001, 0.052723357945428602, 0.89500599999999997 ],
         "t" : 3.6489280664162318,
         "u" : 34
      }
   ]
}
