{
   "id" : "id307255",
   "p" : [
      {
         "l" : [ -0.84077925946237497, -2.3269802486223599, 1.59999999349057 ],
         "u" : 0
      },
      {
         "d" : 0.70499999999999696,
         "l" : [ -0.84077925946237497, -2.3269802486223599, 0.89499999349057302 ],
         "t" : 2.8199999999999878,
         "u" : 1
      }
   ]
}
