{
   "id" : "id308118",
   "p" : [
      {
         "l" : [ 0.053863728185071, 0.89012424844411597, 0.89499999349057302 ],
         "u" : 0
      },
      {
         "d" : 1.7637218982745404,
         "l" : [ -0.93613635769943604, -0.56851234966945496, 0.89499999349057302 ],
         "t" : 0.70548875930981614,
         "u" : 5
      }
   ]
}
