{
   "id" : "id180038",
   "p" : [
      {
         "l" : [ 0.64190000000000003, 2.9902000000000002, 1.9995000000000001 ],
         "u" : 0
      },
      {
         "d" : 3.0487004969330789,
         "l" : [ 2.8235000000000001, 0.86060000000000003, 1.9995000000000001 ],
         "u" : 1
      },
      {
         "d" : 3.845700496933079,
         "l" : [ 2.8235000000000001, 0.86060000000000003, 1.2024999999999999 ],
         "u" : 2
      }
   ]
}
