{
   "id" : "id274192",
   "p" : [
      {
         "l" : [ -2.1875, -2.1875, 0.23999999999999999 ],
         "u" : 0
      },
      {
         "d" : 1.635,
         "l" : [ -2.1875, -2.1875, 1.875 ],
         "u" : 2
      },
      {
         "d" : 7.82218433538229,
         "l" : [ 2.1875, 2.1875, 1.875 ],
         "u" : 3
      },
      {
         "d" : 8.7721843353822901,
         "l" : [ 2.1875, 2.1875, 0.92500000000000004 ],
         "u" : 4
      }
   ]
}
