{
   "id" : "id278519",
   "p" : [
      {
         "l" : [ -0.156216211617556, -0.39727811864809698, 0.89500599999999997 ],
         "u" : 0
      },
      {
         "d" : 0.0076437055021944551,
         "l" : [ -0.15025072880981299, -0.392499922702233, 0.89500599999999997 ],
         "t" : 0.00091724466026333457,
         "u" : 2
      }
   ]
}
