{
   "id" : "id278299",
   "p" : [
      {
         "l" : [ -0.53881020159177995, -1.24989354727017, 0.89500599999999997 ],
         "u" : 0
      },
      {
         "d" : 0.081734615136293043,
         "l" : [ -0.485790378006557, -1.1876886791450001, 0.89500599999999997 ],
         "t" : 0.55728146683836166,
         "u" : 1
      }
   ]
}
