{
   "id" : "id166510",
   "p" : [
      {
         "l" : [ 0.54090000000000005, 2.5222000000000002, 0.69279999999999997 ],
         "u" : 0
      },
      {
         "d" : 1.3067,
         "l" : [ 0.54090000000000005, 2.5222000000000002, 1.9995000000000001 ],
         "u" : 1
      }
   ]
}
