{
   "id" : "id295221",
   "p" : [
      {
         "l" : [ -0.87442679036489801, -1.80061684764159, 0.63998799267501005 ],
         "u" : 0
      },
      {
         "d" : 0.038475319333976132,
         "l" : [ -0.91247770501557002, -1.7957840528217341, 0.63998799267501005 ],
         "t" : 0.01154259580019284,
         "u" : 1.9999999997366593
      },
      {
         "d" : 0.59154557794329343,
         "l" : [ -1.4647092464839124, -1.8262313115750803, 0.63998799267501005 ],
         "t" : 0.17746367338298802,
         "u" : 3.0000000001537499
      },
      {
         "d" : 0.64458346332559768,
         "l" : [ -1.5149901874644101, -1.8420995866009799, 0.63998799267501005 ],
         "t" : 0.1933750389976793,
         "u" : 5
      }
   ]
}
