{
   "id" : "id163337",
   "p" : [
      {
         "l" : [ 2.4605999999999999, 1.3807, 0.625 ],
         "u" : 0
      },
      {
         "d" : 0.039416347153842478,
         "l" : [ 2.4999999999999969, 1.3817999999999997, 0.625 ],
         "t" : 0.3071004842527657,
         "u" : 1.9999999999980926
      },
      {
         "d" : 0.078716347153845567,
         "l" : [ 2.5, 1.4211, 0.625 ],
         "t" : 0.61329448503190931,
         "u" : 3
      }
   ]
}
