{
   "id" : "id160800",
   "p" : [
      {
         "l" : [ 0.029899999999999999, 3.4971000000000001, 1.9995000000000001 ],
         "u" : 0
      },
      {
         "d" : 1.0090229135158428,
         "l" : [ -0.97909999999999997, 3.5038999999999998, 1.9995000000000001 ],
         "u" : 1
      },
      {
         "d" : 2.3835229135158427,
         "l" : [ -0.97909999999999997, 3.5038999999999998, 0.625 ],
         "u" : 2
      }
   ]
}
