{
   "id" : "id275051",
   "p" : [
      {
         "l" : [ 2.93140587994414, -1.84194631689265, 0.90000000000000002 ],
         "u" : 0
      },
      {
         "d" : 0.0049940000000001546,
         "l" : [ 2.93140587994414, -1.84194631689265, 0.89500599999999997 ],
         "t" : 0.0029964000000000926,
         "u" : 1
      }
   ]
}
