{
   "id" : "id305456",
   "p" : [
      {
         "l" : [ 3.4090094729656299, 1.3800140270399499, 0.89499999349057302 ],
         "u" : 0
      },
      {
         "d" : 1.7300000050597963,
         "l" : [ 3.4090094696200151, 1.3800140232441063, 2.6249999934905701 ],
         "u" : 1.0000000007897663
      },
      {
         "d" : 8.1367049893128733,
         "l" : [ -0.82719984419056203, -3.4262734631891698, 2.624999993288232 ],
         "u" : 2.000000000197403
      },
      {
         "d" : 9.161704989110536,
         "l" : [ -0.82719984419056203, -3.4262734631891698, 1.59999999349057 ],
         "u" : 3
      }
   ]
}
