{
   "id" : "id295599",
   "p" : [
      {
         "l" : [ -0.91444497600804298, -2.1336791764562699, 0.63998799267501005 ],
         "u" : 0
      },
      {
         "d" : 0.47659303325107633,
         "l" : [ -1.3871614714222686, -2.0732444636855547, 0.63998799267501005 ],
         "t" : 0.14297790997532289,
         "u" : 3.0000000000323359
      },
      {
         "d" : 0.51727193699554452,
         "l" : [ -1.4276106388331, -2.0759342507301399, 0.63998799267501005 ],
         "t" : 0.15518158109866334,
         "u" : 5
      }
   ]
}
