{
   "id" : "id157558",
   "p" : [
      {
         "l" : [ 3.6716000000000002, -2.7000999999999999, 0.89000000000000001 ],
         "u" : 0
      },
      {
         "d" : 1.568506986093914,
         "l" : [ 2.3961999999999999, -3.6131000000000002, 0.89000000000000001 ],
         "t" : 7.6994534210615093,
         "u" : 3
      }
   ]
}
