{
   "id" : "id172040",
   "p" : [
      {
         "l" : [ 0.35970000000000002, -3.6436999999999999, 1.4258 ],
         "u" : 0
      },
      {
         "d" : 0.57369999988066211,
         "l" : [ 0.35970000000000002, -3.6436999999999999, 1.9994999998806622 ],
         "u" : 0.99999999979198562
      },
      {
         "d" : 4.8884859343207463,
         "l" : [ 3.6436999972669599, -0.84500000232915917, 1.9995000000000001 ],
         "u" : 1.999999999167771
      },
      {
         "d" : 5.6362859379116363,
         "l" : [ 3.6436999999999999, -0.84499999999999997, 1.2517 ],
         "u" : 3
      }
   ]
}
