{
   "id" : "id169149",
   "p" : [
      {
         "l" : [ -1.722, 1.0919000000000001, 0.93269999999999997 ],
         "u" : 0
      },
      {
         "d" : 1.0668000000734292,
         "l" : [ -1.7219999999746243, 1.0919000000689052, 1.9995000000000001 ],
         "u" : 1.0000000000301805
      },
      {
         "d" : 3.499800257054666,
         "l" : [ -0.88119999999999998, 3.375, 1.9994999998298253 ],
         "u" : 2.0000000001207257
      },
      {
         "d" : 4.9094002568844912,
         "l" : [ -0.88119999999999998, 3.375, 0.58989999999999998 ],
         "u" : 3
      }
   ]
}
