{
   "id" : "id163401",
   "p" : [
      {
         "l" : [ 1.6560999999999999, 1.6335999999999999, 1.9995000000000001 ],
         "u" : 0
      },
      {
         "d" : 3.8866237945033992,
         "l" : [ 1.6697, -2.2530000000000001, 1.9995000000000001 ],
         "u" : 1
      },
      {
         "d" : 4.9560237945033991,
         "l" : [ 1.6697, -2.2530000000000001, 0.93010000000000004 ],
         "u" : 2
      }
   ]
}
