{
   "id" : "id274135",
   "p" : [
      {
         "l" : [ -2.1875, -2.1875, 0.57499999999999996 ],
         "u" : 0
      },
      {
         "d" : 0.35000000000000003,
         "l" : [ -2.1875, -2.1875, 0.92500000000000004 ],
         "u" : 1
      },
      {
         "d" : 0.69500000000000006,
         "l" : [ -2.1875, -2.1875, 0.57999999999999996 ],
         "u" : 2
      }
   ]
}
