{
   "id" : "id183842",
   "p" : [
      {
         "l" : [ 0.92500000000000004, -3.0312999999999999, 1.0175000000000001 ],
         "u" : 0
      },
      {
         "d" : 0.23619999999999999,
         "l" : [ 0.92500000000000004, -3.0312999999999999, 1.2537 ],
         "t" : 1.6563814866760171,
         "u" : 1
      }
   ]
}
