{
   "id" : "id183024",
   "p" : [
      {
         "l" : [ 3.4245999999999999, 0.14990000000000001, 1.6447000000000001 ],
         "u" : 0
      },
      {
         "d" : 0.39370000000000022,
         "l" : [ 3.4245999999999999, 0.14990000000000001, 1.2509999999999999 ],
         "t" : 2.7608695652173934,
         "u" : 1.0000000000000002
      },
      {
         "d" : 0.7874354060787524,
         "l" : [ 3.0312000000000001, 0.13750000000000001, 1.2615000000000001 ],
         "t" : 5.5219874199071004,
         "u" : 2
      }
   ]
}
