{
   "id" : "id307322",
   "p" : [
      {
         "l" : [ 1.66724331699342, 1.2655784223398601, 0.89499999349057302 ],
         "u" : 0
      },
      {
         "d" : 1.7300000034029848,
         "l" : [ 1.6672433150164712, 1.2655784195700226, 2.6249999934905701 ],
         "u" : 1.0000000007897665
      },
      {
         "d" : 6.038853317639358,
         "l" : [ -0.83596351680640402, -2.2415817477130999, 2.624999993288232 ],
         "u" : 2.000000000197403
      },
      {
         "d" : 7.0638533174370197,
         "l" : [ -0.83596351680640402, -2.2415817477130999, 1.59999999349057 ],
         "u" : 3
      }
   ]
}
