{
   "id" : "id309647",
   "p" : [
      {
         "l" : [ 1.23528281338198, -3.2180916852176602, 0.88500000042284499 ],
         "u" : 0
      },
      {
         "d" : 1.114999999517807,
         "l" : [ 1.23528281338198, -3.2180916852176602, 1.9999999999406519 ],
         "u" : 1.9999999987141381
      },
      {
         "d" : 3.6168132981866474,
         "l" : [ 3.36889354086277, -1.91165567738474, 2.0000000004228502 ],
         "u" : 3
      }
   ]
}
