{
   "id" : "id308027",
   "p" : [
      {
         "l" : [ 0.18217268532790901, 1.00390128996163, 0.89499999349057302 ],
         "u" : 0
      },
      {
         "d" : 2.0883606389124503,
         "l" : [ -0.99472199823126695, -0.71953119962168799, 0.89499999349057302 ],
         "t" : 0.83534425556498015,
         "u" : 5
      }
   ]
}
