{
   "id" : "id294528",
   "p" : [
      {
         "l" : [ -2.22368578130158, -1.4160226868456001, 0.63998799267501005 ],
         "u" : 0
      },
      {
         "d" : 0.46562357835663115,
         "l" : [ -2.1051393858546441, -0.96574269745214203, 0.63998799267501005 ],
         "t" : 0.13968707350698933,
         "u" : 0.99999999998081412
      },
      {
         "d" : 0.51993307644367259,
         "l" : [ -2.1050992154633601, -0.91176880000308502, 0.63998799267501005 ],
         "t" : 0.15597992293310176,
         "u" : 3
      }
   ]
}
