{
   "id" : "id310568",
   "p" : [
      {
         "l" : [ 2.63215219842535, -1.9013892700589601, 0.88500000042284499 ],
         "u" : 0
      },
      {
         "d" : 0.0079660272049897601,
         "l" : [ 2.6247376699274101, -1.8984778541804599, 0.88500000042284499 ],
         "t" : 0.004779616322993856,
         "u" : 2
      }
   ]
}
