{
   "id" : "id297336",
   "p" : [
      {
         "l" : [ -2.0916137980503202, 2.1208707682144299, 0.639988 ],
         "u" : 0
      },
      {
         "d" : 0.0064940715745533404,
         "l" : [ -2.0865082374206376, 2.1168575131425391, 0.639988 ],
         "t" : 0.001948221472366002,
         "u" : 1.0000000000001159
      },
      {
         "d" : 0.025929818796671437,
         "l" : [ -2.0694234328990402, 2.1075915688009799, 0.639988 ],
         "t" : 0.0077789456390014314,
         "u" : 2
      }
   ]
}
