{
   "id" : "id278594",
   "p" : [
      {
         "l" : [ 0.16496690224247201, 0.13771859631495001, 0.89500599999999997 ],
         "u" : 0
      },
      {
         "d" : 1.104994,
         "l" : [ 0.16496690224247201, 0.13771859631495001, 2 ],
         "u" : 1
      }
   ]
}
