{
   "id" : "id309873",
   "p" : [
      {
         "l" : [ 1.2355469127593399, -3.0907626018876599, 0.88500000042284499 ],
         "u" : 0
      },
      {
         "d" : 1.114999999517807,
         "l" : [ 1.2355469127593399, -3.0907626018876599, 1.9999999999406519 ],
         "u" : 1.9999999987141381
      },
      {
         "d" : 3.4819014540565476,
         "l" : [ 3.2995934284991701, -1.9323436474168501, 2.0000000004228502 ],
         "u" : 3
      }
   ]
}
