{
   "id" : "id278002",
   "p" : [
      {
         "l" : [ 1.5009228682701901, 1.04471323799796, 0.89500599999999997 ],
         "u" : 0
      },
      {
         "d" : 0.086717290109478817,
         "l" : [ 1.56400742529167, 1.10420852215226, 0.89500599999999997 ],
         "t" : 0.010406074813137458,
         "u" : 3
      }
   ]
}
