{
   "id" : "id182380",
   "p" : [
      {
         "l" : [ 0.31759999999999999, -2.8313999999999999, 1.6497999999999999 ],
         "u" : 0
      },
      {
         "d" : 3.7444789199223667,
         "l" : [ 3.4247000000000001, -0.75349999999999995, 1.6432 ],
         "u" : 2
      }
   ]
}
