{
   "id" : "id184214",
   "p" : [
      {
         "l" : [ -0.44679999999999997, -2.5320999999999998, 1.51 ],
         "u" : 0
      },
      {
         "d" : 0.39369999999999999,
         "l" : [ -0.44679999999999997, -2.5320999999999998, 1.1163000000000001 ],
         "t" : 2.7608695652173916,
         "u" : 1
      },
      {
         "d" : 0.78739466595319785,
         "l" : [ -0.45500000000000002, -2.9253999999999998, 1.1007 ],
         "t" : 5.5217017247769853,
         "u" : 2
      }
   ]
}
