{
   "id" : "id184250",
   "p" : [
      {
         "l" : [ -0.5262, -2.5303, 1.3863000000000001 ],
         "u" : 0
      },
      {
         "d" : 0.39380000000000009,
         "l" : [ -0.5262, -2.5303, 0.99250000000000005 ],
         "t" : 2.7615708274894821,
         "u" : 1.0000000000000004
      },
      {
         "d" : 0.78748207985632268,
         "l" : [ -0.53080000000000005, -2.9234, 0.97160000000000002 ],
         "t" : 5.5223147255001592,
         "u" : 2
      }
   ]
}
