{
   "id" : "id309905",
   "p" : [
      {
         "l" : [ 3.2995934284991701, -1.9323436474168501, 0.88500000042284499 ],
         "u" : 0
      },
      {
         "d" : 0.079482029830044584,
         "l" : [ 3.2262146642895702, -1.90179941671814, 0.88500000042284499 ],
         "t" : 0.069835429208684921,
         "u" : 1
      }
   ]
}
