{
   "id" : "id183919",
   "p" : [
      {
         "l" : [ 0.73609999999999998, -3.0312999999999999, 1.4844999999999999 ],
         "u" : 0
      },
      {
         "d" : 0.25569999999999998,
         "l" : [ 0.73609999999999998, -3.0312999999999994, 1.7402 ],
         "u" : 1.0000000000000002
      },
      {
         "d" : 0.77313664346468491,
         "l" : [ 0.6139, -2.5285000000000002, 1.7402 ],
         "u" : 2
      }
   ]
}
