{
   "id" : "id159880",
   "p" : [
      {
         "l" : [ -0.83709999999999996, -3.7736999999999998, 1.9995000000000001 ],
         "u" : 0
      },
      {
         "d" : 2.562558506649165,
         "l" : [ -3.3849999999999998, -3.5, 1.9995000000000001 ],
         "u" : 1
      },
      {
         "d" : 4.015858506649165,
         "l" : [ -3.3849999999999998, -3.5, 0.54620000000000002 ],
         "u" : 2
      }
   ]
}
