{
   "id" : "id180027",
   "p" : [
      {
         "l" : [ 0.64190000000000003, 2.9902000000000002, 0.99360000000000004 ],
         "u" : 0
      },
      {
         "d" : 1.0058999999999998,
         "l" : [ 0.64190000000000003, 2.9902000000000002, 1.9995000000000001 ],
         "u" : 1
      }
   ]
}
