{
   "id" : "id163217",
   "p" : [
      {
         "l" : [ 1.4605999999999999, 2.5, 0.625 ],
         "u" : 0
      },
      {
         "d" : 0.039399999999999963,
         "l" : [ 1.4212, 2.5, 0.625 ],
         "t" : 0.24558487429877396,
         "u" : 1
      }
   ]
}
