{
   "id" : "id183939",
   "p" : [
      {
         "l" : [ 0.61409999999999998, -2.9220000000000002, 1.3351 ],
         "u" : 0
      },
      {
         "d" : 0.078001025634282586,
         "l" : [ 0.61409999999999998, -3, 1.3354999999999999 ],
         "t" : 0.34185986399247298,
         "u" : 1
      },
      {
         "d" : 0.10935481328426186,
         "l" : [ 0.61319999999999997, -3.0312999999999999, 1.3339000000000001 ],
         "t" : 0.47927602608149827,
         "u" : 2
      }
   ]
}
