{
   "id" : "id286741",
   "p" : [
      {
         "l" : [ 1.3999503462531699, 2.5164062564549998, 0.62999999755279101 ],
         "u" : 0
      },
      {
         "d" : 1.3700000024472088,
         "l" : [ 1.3999503462531699, 2.5164062564549998, 2 ],
         "u" : 1
      }
   ]
}
