{
   "id" : "id251349",
   "p" : [
      {
         "l" : [ -2.6206, -0.28620000000000001, 1.9995000000000001 ],
         "u" : 0
      },
      {
         "d" : 3.4947750285247263,
         "l" : [ -1.4118999999999999, 2.9929000000000001, 1.9995000000000001 ],
         "u" : 1
      },
      {
         "d" : 4.5733750285247261,
         "l" : [ -1.4118999999999999, 2.9929000000000001, 0.92090000000000005 ],
         "u" : 2
      }
   ]
}
