{
   "id" : "id182897",
   "p" : [
      {
         "l" : [ -0.35320000000000001, -2.8334999999999999, 1.1898 ],
         "u" : 0
      },
      {
         "d" : 0.23629999999999993,
         "l" : [ -0.35320000000000001, -2.8334999999999999, 1.4260999999999999 ],
         "t" : 1.6570827489481064,
         "u" : 1
      }
   ]
}
