{
   "id" : "id182198",
   "p" : [
      {
         "l" : [ 3.4247999999999998, -1.0521, 1.6197999999999999 ],
         "u" : 0
      },
      {
         "d" : 0.39369999999999994,
         "l" : [ 3.4247999999999998, -1.0521, 1.2261 ],
         "t" : 2.7608695652173911,
         "u" : 1
      },
      {
         "d" : 0.78749672421187022,
         "l" : [ 3.0312000000000001, -1.0609999999999999, 1.2347999999999999 ],
         "t" : 5.5224174208406058,
         "u" : 2
      }
   ]
}
