{
   "id" : "id309438",
   "p" : [
      {
         "l" : [ 3.4484123296570801, -1.87161284541593, 2.0000000004228502 ],
         "u" : 0
      },
      {
         "d" : 1.1150000000000053,
         "l" : [ 3.4484123296570801, -1.87161284541593, 0.88500000042284499 ],
         "t" : 3.3450000000000162,
         "u" : 1
      }
   ]
}
