{
   "id" : "id164204",
   "p" : [
      {
         "l" : [ 1.7036, -2.3999999999999999, 0.625 ],
         "u" : 0
      },
      {
         "d" : 1.3745000000000001,
         "l" : [ 1.7036, -2.3999999999999999, 1.9995000000000001 ],
         "u" : 1
      }
   ]
}
