{
   "id" : "id300921",
   "p" : [
      {
         "l" : [ 1.3900396665658601, 1.8433242349493499, 0.639988 ],
         "u" : 0
      },
      {
         "d" : 0.035517327015476212,
         "l" : [ 1.4193020366904801, 1.82319479846906, 0.639988 ],
         "t" : 0.010655198104642863,
         "u" : 1.0000000000000004
      },
      {
         "d" : 0.13810414889296646,
         "l" : [ 1.5216458456736499, 1.83025176564628, 0.639988 ],
         "t" : 0.041431244667889937,
         "u" : 2
      }
   ]
}
