{
   "id" : "id309117",
   "p" : [
      {
         "l" : [ 3.4894038448866702, -1.7960963827568901, 0.88500000042284499 ],
         "u" : 0
      },
      {
         "d" : 0.0079567971082524572,
         "l" : [ 3.4816207601426599, -1.79774811692119, 0.88500000042284499 ],
         "t" : 0.0047740782649514741,
         "u" : 2
      }
   ]
}
