{
   "id" : "id289603",
   "p" : [
      {
         "l" : [ 2.0396237340491701, -2.5483343451203, 2 ],
         "u" : 0
      },
      {
         "d" : 1.1000000000000001,
         "l" : [ 2.0396237340491701, -2.5483343451203, 0.90000000000000002 ],
         "u" : 2
      }
   ]
}
