{
   "id" : "id179616",
   "p" : [
      {
         "l" : [ 2.1606000000000001, 0.86150000000000004, 1.3833 ],
         "u" : 0
      },
      {
         "d" : 0.61620000000000008,
         "l" : [ 2.1606000000000001, 0.86150000000000004, 1.9995000000000001 ],
         "u" : 1
      }
   ]
}
