{
   "id" : "id181558",
   "p" : [
      {
         "l" : [ -1.2299, 1.8144, 1.6275999999999999 ],
         "u" : 0
      },
      {
         "d" : 1.5257150749730437,
         "l" : [ -0.99039999999999995, 3.3212000000000002, 1.6275999999999997 ],
         "u" : 1.0000000000000002
      },
      {
         "d" : 2.3209150749730432,
         "l" : [ -0.99039999999999995, 3.3212000000000002, 0.83240000000000003 ],
         "u" : 2
      }
   ]
}
