{
   "id" : "id306883",
   "p" : [
      {
         "l" : [ 2.2068473639931199, 1.36331350593067, 0.89499999349057302 ],
         "u" : 0
      },
      {
         "d" : 1.7300000039554508,
         "l" : [ 2.2068473615858069, 1.3633135027921262, 2.6249999934905701 ],
         "u" : 1.0000000007897663
      },
      {
         "d" : 6.738385526013178,
         "l" : [ -0.841286463279456, -2.6107028184178098, 2.624999993288232 ],
         "u" : 2.000000000197403
      },
      {
         "d" : 7.7633855258108397,
         "l" : [ -0.841286463279456, -2.6107028184178098, 1.59999999349057 ],
         "u" : 3
      }
   ]
}
