{
   "id" : "id310438",
   "p" : [
      {
         "l" : [ 2.9181545186300402, -1.94237600717731, 2.0000000004228502 ],
         "u" : 0
      },
      {
         "d" : 1.1150000000000053,
         "l" : [ 2.9181545186300402, -1.94237600717731, 0.88500000042284499 ],
         "t" : 3.3450000000000162,
         "u" : 1
      }
   ]
}
