{
   "id" : "id294902",
   "p" : [
      {
         "l" : [ -2.3997801598052, -0.999173048251635, 0.63998799267501005 ],
         "u" : 0
      },
      {
         "d" : 0.019715373930204765,
         "l" : [ -2.3823962457589101, -0.98987275246929507, 0.63998799267501005 ],
         "t" : 0.0059146121790614294,
         "u" : 0.99999999999998845
      },
      {
         "d" : 0.077561286730394058,
         "l" : [ -2.3514483722233401, -0.94100171041662894, 0.63998799267501005 ],
         "t" : 0.023268386019118216,
         "u" : 2
      }
   ]
}
