{
   "id" : "id272914",
   "p" : [
      {
         "l" : [ 3.1499999999999999, 0.99480000000000002, 0.875 ],
         "u" : 0
      },
      {
         "d" : 1.1245000000000001,
         "l" : [ 3.1499999999999999, 0.99480000000000002, 1.9995000000000001 ],
         "u" : 1
      }
   ]
}
