{
   "id" : "id159689",
   "p" : [
      {
         "l" : [ 3.4750000000000001, 1.2483, 0.89000000000000001 ],
         "u" : 0
      },
      {
         "d" : 1.1095000000000002,
         "l" : [ 3.4750000000000001, 1.2483, 1.9995000000000001 ],
         "u" : 1
      }
   ]
}
