{
   "id" : "id291226",
   "p" : [
      {
         "l" : [ -2.1002161822525398, 2.00080787158157, 2 ],
         "u" : 0
      },
      {
         "d" : 1.3100000000000001,
         "l" : [ -2.1002161822525398, 2.00080787158157, 0.68999999999999995 ],
         "u" : 2
      }
   ]
}
