{
   "id" : "id274655",
   "p" : [
      {
         "l" : [ 3.42679588947267, -1.67621870288415, 0.89500599999999997 ],
         "u" : 0
      },
      {
         "d" : 0.04943478177209544,
         "l" : [ 3.3798028866526399, -1.69156325679788, 0.89500599999999997 ],
         "t" : 0.33705533026428708,
         "u" : 1
      }
   ]
}
