{
   "id" : "id274213",
   "p" : [
      {
         "l" : [ 2.1875, 2.1875, 0.72499999999999998 ],
         "u" : 0
      },
      {
         "d" : 0.20000000000000009,
         "l" : [ 2.1875, 2.1875, 0.92500000000000004 ],
         "u" : 1
      },
      {
         "d" : 0.39500000000000024,
         "l" : [ 2.1875, 2.1875, 0.72999999999999998 ],
         "u" : 2
      }
   ]
}
