{
   "id" : "id159773",
   "p" : [
      {
         "l" : [ 3.7736999999999998, -1.9630000000000001, 0.875 ],
         "u" : 0
      },
      {
         "d" : 1.1245000000000001,
         "l" : [ 3.7736999999999998, -1.9630000000000001, 1.9995000000000001 ],
         "u" : 1
      }
   ]
}
