{
   "id" : "id308838",
   "p" : [
      {
         "l" : [ 1.0983008158679599, -3.5305876068374502, 0.88500000042284499 ],
         "u" : 0
      },
      {
         "d" : 1.1149999995178066,
         "l" : [ 1.0983008158679599, -3.5305876068374502, 1.9999999999406517 ],
         "u" : 1.9999999987141375
      },
      {
         "d" : 4.2207426081330128,
         "l" : [ 3.6075328126093398, -1.70045320343914, 2.0000000004228502 ],
         "u" : 3
      }
   ]
}
