{
   "id" : "id303538",
   "p" : [
      {
         "l" : [ 1.5176869506042501, -2.4159389353146099, 0.639988 ],
         "u" : 0
      },
      {
         "d" : 0.078709223037837756,
         "l" : [ 1.5277018418170747, -2.3378738355644191, 0.639988 ],
         "t" : 0.023612766911351325,
         "u" : 1.9999999999950659
      },
      {
         "d" : 0.11456974009877656,
         "l" : [ 1.5261429144210525, -2.302047219351727, 0.639988 ],
         "t" : 0.034370922029632968,
         "u" : 2.9999999998058136
      },
      {
         "d" : 0.21807007657819183,
         "l" : [ 1.4577847323747, -2.2243331369833999, 0.639988 ],
         "t" : 0.065421022973457546,
         "u" : 4
      }
   ]
}
