{
   "id" : "id166554",
   "p" : [
      {
         "l" : [ -3.1753999999999998, 0.20960000000000001, 1.9995000000000001 ],
         "u" : 0
      },
      {
         "d" : 0.22460000000000005,
         "l" : [ -3.3999999999999999, 0.20960000000000001, 1.9994999999999994 ],
         "u" : 1.0000000000000004
      },
      {
         "d" : 1.7467999999999992,
         "l" : [ -3.3999999999999999, 0.20960000000000001, 0.4773 ],
         "u" : 2
      }
   ]
}
