{
   "id" : "id161855",
   "p" : [
      {
         "l" : [ -1.0495000000000001, -2.2507000000000001, 0.625 ],
         "u" : 0
      },
      {
         "d" : 0.56288723367611937,
         "l" : [ -0.98379999999900092, -1.6918999999943383, 0.625 ],
         "t" : 3.5085429067699114,
         "u" : 13.000000000666073
      },
      {
         "d" : 1.1741310870224058,
         "l" : [ -0.84590000000013332, -1.096800000000449, 0.625 ],
         "t" : 7.3184983608294578,
         "u" : 26.999999999988972
      },
      {
         "d" : 1.3347404268874874,
         "l" : [ -0.69189999999999996, -1.1424000000000001, 0.625 ],
         "t" : 8.3195954304227371,
         "u" : 29
      }
   ]
}
