{
   "id" : "id166405",
   "p" : [
      {
         "l" : [ 1.0177, -3.3999999999999999, 1.9995000000000001 ],
         "u" : 0
      },
      {
         "d" : 5.5276314728823941,
         "l" : [ -0.30640000000000001, 1.9666999999999999, 1.9995000000000001 ],
         "u" : 1
      },
      {
         "d" : 6.9314314728823945,
         "l" : [ -0.30640000000000001, 1.9666999999999999, 0.59570000000000001 ],
         "u" : 2
      }
   ]
}
