{
   "id" : "id169352",
   "p" : [
      {
         "l" : [ -1.5625, 1.4318, 0.93269999999999997 ],
         "u" : 0
      },
      {
         "d" : 1.0667999998544808,
         "l" : [ -1.5625, 1.4318, 1.9994999998544807 ],
         "u" : 0.99999999986359267
      },
      {
         "d" : 3.0701447221134375,
         "l" : [ -1.0753000002658664, 3.3749999989395905, 1.9995000000000001 ],
         "u" : 1.9999999994542974
      },
      {
         "d" : 4.4395447232066676,
         "l" : [ -1.0752999999999999, 3.375, 0.63009999999999999 ],
         "u" : 3
      }
   ]
}
