{
   "id" : "id296322",
   "p" : [
      {
         "l" : [ -1.37880952334911, -0.78157864873829497, 0.63499999267500995 ],
         "u" : 0
      },
      {
         "d" : 0.027050812787023856,
         "l" : [ -1.3732922134227117, -0.80806082696442305, 0.63499999267500995 ],
         "t" : 0.0081152438361071569,
         "u" : 1.00000000002607
      },
      {
         "d" : 0.10645146638127378,
         "l" : [ -1.3211913116903564, -0.86797710045597543, 0.63499999267500995 ],
         "t" : 0.031935439914382135,
         "u" : 2.0000000001042779
      },
      {
         "d" : 0.77405128911393284,
         "l" : [ -0.72430424153774198, -1.16552561783191, 0.63499999267500995 ],
         "t" : 0.23221538673417985,
         "u" : 5
      }
   ]
}
