{
   "id" : "id277746",
   "p" : [
      {
         "l" : [ -0.70772009393546298, -2.1949942466961501, 0.89500599999999997 ],
         "u" : 0
      },
      {
         "d" : 0.081464969317584499,
         "l" : [ -0.66778878405728803, -2.1239869814528798, 0.89500599999999997 ],
         "t" : 0.55544297261989428,
         "u" : 1
      }
   ]
}
