{
   "id" : "id270190",
   "p" : [
      {
         "l" : [ 2.7147000000000001, 0.91739999999999999, 1.9995000000000001 ],
         "u" : 0
      },
      {
         "d" : 0.25292579939579096,
         "l" : [ 2.9352, 1.0412999999999999, 1.9995000000000001 ],
         "u" : 1
      },
      {
         "d" : 1.3178257993957909,
         "l" : [ 2.9352, 1.0412999999999999, 0.93459999999999999 ],
         "u" : 2
      }
   ]
}
