{
   "id" : "id200827",
   "p" : [
      {
         "l" : [ -1.6852, 0.84770000000000001, 0.61009999999999998 ],
         "u" : 0
      },
      {
         "d" : 1.3894,
         "l" : [ -1.6852, 0.84770000000000001, 1.9995000000000001 ],
         "u" : 1
      }
   ]
}
