{
   "id" : "id306399",
   "p" : [
      {
         "l" : [ 2.6970585221780601, 1.38086249369585, 0.89499999349057302 ],
         "u" : 0
      },
      {
         "d" : 1.7300000044155197,
         "l" : [ 2.6970585193838716, 1.3808624902768805, 2.6249999934905701 ],
         "u" : 1.0000000007897663
      },
      {
         "d" : 7.320923770908772,
         "l" : [ -0.84093578134827596, -2.9482280479844101, 2.624999993288232 ],
         "u" : 2.000000000197403
      },
      {
         "d" : 8.3459237707064347,
         "l" : [ -0.84093578134827596, -2.9482280479844101, 1.59999999349057 ],
         "u" : 3
      }
   ]
}
