{
   "id" : "id183408",
   "p" : [
      {
         "l" : [ -0.18779999999999999, -0.7429, 0.88200000000000001 ],
         "u" : 0
      },
      {
         "d" : 0.23620000000000002,
         "l" : [ -0.18779999999999999, -0.7429, 1.1182000000000001 ],
         "t" : 1.6563814866760171,
         "u" : 1
      }
   ]
}
