{
   "id" : "id183778",
   "p" : [
      {
         "l" : [ 1.6479999999999999, 0.95820000000000005, 1.1182000000000001 ],
         "u" : 0
      },
      {
         "d" : 0.24530000001563404,
         "l" : [ 1.6479999999970845, 0.95819999998464012, 1.3634999999999999 ],
         "u" : 1.000000000004384
      },
      {
         "d" : 3.8327517017648027,
         "l" : [ 0.98299999999999998, -2.5453999999999999, 1.3422000000000001 ],
         "u" : 3
      }
   ]
}
