{
   "id" : "id299307",
   "p" : [
      {
         "l" : [ 1.24790617599621, 1.2334889781549701, 0.639988 ],
         "u" : 0
      },
      {
         "d" : 0.0063282887510255409,
         "l" : [ 1.2447890304051299, 1.23899630435562, 0.639988 ],
         "t" : 0.0018984866253076622,
         "u" : 1
      },
      {
         "d" : 0.025270156141209768,
         "l" : [ 1.2328792406959299, 1.2537255694190901, 0.639988 ],
         "t" : 0.0075810468423629295,
         "u" : 2
      }
   ]
}
