{
   "id" : "id303830",
   "p" : [
      {
         "l" : [ 1.5900560561713499, -2.1305202737281999, 0.63500000000000001 ],
         "u" : 0
      },
      {
         "d" : 0.055570612678786435,
         "l" : [ 1.6103012972602639, -2.1818854100867489, 0.63500000000000001 ],
         "t" : 0.016671183803635931,
         "u" : 1.9999999997807423
      },
      {
         "d" : 0.36599932179460726,
         "l" : [ 1.7952281550548601, -2.4312206075808498, 0.63500000000000001 ],
         "t" : 0.10979979653838218,
         "u" : 3
      }
   ]
}
