{
   "id" : "id166394",
   "p" : [
      {
         "l" : [ 1.0177, -3.3999999999999999, 0.875 ],
         "u" : 0
      },
      {
         "d" : 1.1245000000000001,
         "l" : [ 1.0177, -3.3999999999999999, 1.9995000000000001 ],
         "u" : 1
      }
   ]
}
