{
   "id" : "id160276",
   "p" : [
      {
         "l" : [ 0.91049999999999998, -3.6122000000000001, 1.2807999999999999 ],
         "u" : 0
      },
      {
         "d" : 0.71870000000000012,
         "l" : [ 0.91049999999999998, -3.6122000000000001, 1.9995000000000001 ],
         "u" : 1
      }
   ]
}
