{
   "id" : "id298004",
   "p" : [
      {
         "l" : [ -2.2333473205149801, 1.5162875992462199, 0.639988 ],
         "u" : 0
      },
      {
         "d" : 0.18081191890971154,
         "l" : [ -2.3942244913937398, 1.5988193259327399, 0.639988 ],
         "t" : 0.054243575672913463,
         "u" : 1
      }
   ]
}
