{
   "id" : "id291031",
   "p" : [
      {
         "l" : [ -2.0834522248036098, 2.4154371741209899, 0.64499999086678905 ],
         "u" : 0
      },
      {
         "d" : 0.0602540093094521,
         "l" : [ -2.0602850173756839, 2.3598150010474082, 0.64499999086678905 ],
         "t" : 0.0072304811171342515,
         "u" : 1.0000000000265694
      },
      {
         "d" : 0.21028832131621461,
         "l" : [ -1.9162749903409206, 2.4019030859736139, 0.64499999086678905 ],
         "t" : 0.025234598557945749,
         "u" : 2.0000000000066427
      },
      {
         "d" : 0.24153336757119817,
         "l" : [ -1.91034036209013, 2.4325793488327201, 0.64499999086678905 ],
         "t" : 0.028984004108543775,
         "u" : 3
      }
   ]
}
