{
   "id" : "id286758",
   "p" : [
      {
         "l" : [ 1.50517503797103, 1.8488673282046699, 2 ],
         "u" : 0
      },
      {
         "d" : 1.1000000000000001,
         "l" : [ 1.50517503797103, 1.8488673282046699, 0.90000000000000002 ],
         "u" : 2
      }
   ]
}
