{
   "id" : "id303107",
   "p" : [
      {
         "l" : [ 1.8789770453979799, -2.4159389354379499, 0.639988 ],
         "u" : 0
      },
      {
         "d" : 0.31096773185147342,
         "l" : [ 1.8609044307402247, -2.1057065196174261, 0.639988 ],
         "t" : 0.093290319555442022,
         "u" : 3.0000000000440763
      },
      {
         "d" : 0.34781435183865478,
         "l" : [ 1.85210230191812, -2.07003404839883, 0.639988 ],
         "t" : 0.10434430555159643,
         "u" : 5
      }
   ]
}
