{
   "id" : "id299184",
   "p" : [
      {
         "l" : [ 1.33938668699524, 1.24293558433947, 0.639988 ],
         "u" : 0
      },
      {
         "d" : 0.037475752411390499,
         "l" : [ 1.3353465336425701, 1.28019292159922, 0.639988 ],
         "t" : 0.011242725723417149,
         "u" : 1
      },
      {
         "d" : 0.14524510185581707,
         "l" : [ 1.25678562934468, 1.3539656604366299, 0.639988 ],
         "t" : 0.043573530556745121,
         "u" : 2
      }
   ]
}
