{
   "id" : "id296782",
   "p" : [
      {
         "l" : [ -2.12492139101197, 1.9482553331014201, 2.3749880000000001 ],
         "u" : 0
      },
      {
         "d" : 1.45,
         "l" : [ -2.12492139101197, 1.9482553331014201, 0.92498800000000003 ],
         "u" : 2
      }
   ]
}
