{
   "id" : "id292437",
   "p" : [
      {
         "l" : [ -2.8279668136270799, -3.5918112920618501, 1.52499999349057 ],
         "u" : 0
      },
      {
         "d" : 1.274999999999997,
         "l" : [ -2.8279668136270799, -3.5918112920618501, 0.249999993490573 ],
         "t" : 4.7812499999999893,
         "u" : 1
      }
   ]
}
