{
   "id" : "id183807",
   "p" : [
      {
         "l" : [ 0.98450000000000004, -3.0312999999999999, 0.88009999999999999 ],
         "u" : 0
      },
      {
         "d" : 0.23620000000000008,
         "l" : [ 0.98450000000000004, -3.0312999999999999, 1.1163000000000001 ],
         "t" : 1.6563814866760176,
         "u" : 1
      }
   ]
}
