{
   "id" : "id309091",
   "p" : [
      {
         "l" : [ 3.5495007486052499, -1.7847464633705099, 2.0000000004228502 ],
         "u" : 0
      },
      {
         "d" : 1.1150000000000053,
         "l" : [ 3.5495007486052499, -1.7847464633705099, 0.88500000042284499 ],
         "t" : 3.3450000000000162,
         "u" : 1
      }
   ]
}
