{
   "id" : "id166543",
   "p" : [
      {
         "l" : [ -3.1753999999999998, 0.20960000000000001, 0.34229999999999999 ],
         "u" : 0
      },
      {
         "d" : 1.6572,
         "l" : [ -3.1753999999999998, 0.20960000000000001, 1.9995000000000001 ],
         "u" : 1
      }
   ]
}
