{
   "id" : "id164478",
   "p" : [
      {
         "l" : [ -2.2311000000000001, 1.8748, 0.63 ],
         "u" : 0
      },
      {
         "d" : 0.065274407199957071,
         "l" : [ -2.29, 1.8467, 0.63 ],
         "t" : 0.40686312403879332,
         "u" : 2
      },
      {
         "d" : 0.22587440719995699,
         "l" : [ -2.4506000000000001, 1.8467, 0.63 ],
         "t" : 1.4079019771449635,
         "u" : 4
      }
   ]
}
