{
   "id" : "id173934",
   "p" : [
      {
         "l" : [ -0.12720000000000001, -3.6436999999999999, 1.3615999999999999 ],
         "u" : 0
      },
      {
         "d" : 0.63789999997324032,
         "l" : [ -0.12720000000000001, -3.6436999999999999, 1.9994999999732401 ],
         "u" : 0.99999999995805022
      },
      {
         "d" : 5.6476714560224099,
         "l" : [ 3.6436999993672221, -0.34550000055345625, 1.9995000000000001 ],
         "u" : 1.9999999998321945
      },
      {
         "d" : 6.3762714568630772,
         "l" : [ 3.6436999999999999, -0.34549999999999997, 1.2708999999999999 ],
         "u" : 3
      }
   ]
}
