{
   "id" : "id183415",
   "p" : [
      {
         "l" : [ -0.18779999999999999, -0.7429, 1.1182000000000001 ],
         "u" : 0
      },
      {
         "d" : 0.45550000000000002,
         "l" : [ -0.18779999999999999, -0.7429, 1.5737000000000001 ],
         "u" : 1
      },
      {
         "d" : 4.3617374287797714,
         "l" : [ 3.4245000000000001, 0.74370000000000003, 1.5737000000000001 ],
         "u" : 2
      }
   ]
}
