{
   "id" : "id282624",
   "p" : [
      {
         "l" : [ -1.4184920522215601, -2.5424115574836401, 0.62999998935349899 ],
         "u" : 0
      },
      {
         "d" : 0.10784258896877519,
         "l" : [ -1.3633781251537735, -2.4548869977179213, 0.62999998935349899 ],
         "t" : 0.012941110676253021,
         "u" : 2.0000000002168101
      },
      {
         "d" : 1.7855164627532769,
         "l" : [ -1.5271786368030231, -0.78522864369390699, 0.62999998935349899 ],
         "t" : 0.21426197553039322,
         "u" : 3.0000000004012595
      },
      {
         "d" : 1.882250924737757,
         "l" : [ -1.5864446371876599, -0.71278974994118205, 0.62999998935349899 ],
         "t" : 0.22587011096853082,
         "u" : 5
      }
   ]
}
