{
   "id" : "id274861",
   "p" : [
      {
         "l" : [ 3.2426784859242002, -1.82203408063106, 0.89500599999999997 ],
         "u" : 0
      },
      {
         "d" : 0.049434781772100783,
         "l" : [ 3.1962999683083102, -1.80492178234568, 0.89500599999999997 ],
         "t" : 0.33705533026432349,
         "u" : 1
      }
   ]
}
