{
   "id" : "id286886",
   "p" : [
      {
         "l" : [ 1.4385606748592501, -2.3639148075466201, 2 ],
         "u" : 0
      },
      {
         "d" : 1.0749999999999997,
         "l" : [ 1.4385606748592501, -2.3639148075466201, 0.92500000000000004 ],
         "u" : 2
      }
   ]
}
