{
   "id" : "id274814",
   "p" : [
      {
         "l" : [ 1.09865422442738, -3.1047333816473301, 0.89500599999999997 ],
         "u" : 0
      },
      {
         "d" : 0.082723001807124802,
         "l" : [ 1.1309341826186701, -3.1808949721881201, 0.89500599999999997 ],
         "t" : 0.0099267602168549747,
         "u" : 3
      }
   ]
}
