{
   "id" : "id310248",
   "p" : [
      {
         "l" : [ 3.0364590311817499, -1.9017120407202599, 0.88500000042284499 ],
         "u" : 0
      },
      {
         "d" : 0.0079567971082463718,
         "l" : [ 3.0290467624916499, -1.8988201716451401, 0.88500000042284499 ],
         "t" : 0.0047740782649478225,
         "u" : 2
      }
   ]
}
