{
   "id" : "id174756",
   "p" : [
      {
         "l" : [ -0.28420000000000001, -3.6436999999999999, 1.2394000000000001 ],
         "u" : 0
      },
      {
         "d" : 0.76010000048346249,
         "l" : [ -0.28419999963896303, -3.6436999996784594, 1.9995000000000001 ],
         "u" : 1.000000000091916
      },
      {
         "d" : 6.0199290514213866,
         "l" : [ 3.6436999999999999, -0.14549999999999999, 1.9994999999832304 ],
         "u" : 2.0000000000229785
      },
      {
         "d" : 6.7497290514046169,
         "l" : [ 3.6436999999999999, -0.14549999999999999, 1.2697000000000001 ],
         "u" : 3
      }
   ]
}
