{
   "id" : "id182809",
   "p" : [
      {
         "l" : [ 3.4237000000000002, -0.13200000000000001, 1.6554 ],
         "u" : 0
      },
      {
         "d" : 0.39369999999999999,
         "l" : [ 3.4237000000000002, -0.13200000000000001, 1.2617 ],
         "t" : 2.7608695652173916,
         "u" : 1
      },
      {
         "d" : 0.7874897662458995,
         "l" : [ 3.0312000000000001, -0.1623, 1.2715000000000001 ],
         "t" : 5.5223686272503478,
         "u" : 2
      }
   ]
}
