{
   "id" : "id301137",
   "p" : [
      {
         "l" : [ 1.4092609546871899, 1.9409880141795099, 0.639988 ],
         "u" : 0
      },
      {
         "d" : 0.013561789966638912,
         "l" : [ 1.4222194464309599, 1.9369880593265301, 0.639988 ],
         "t" : 0.0040685369899916739,
         "u" : 0.99999999999998146
      },
      {
         "d" : 0.053949464236348957,
         "l" : [ 1.46260696165936, 1.9368747165193101, 0.639988 ],
         "t" : 0.016184839270904687,
         "u" : 2
      }
   ]
}
