{
   "id" : "id184258",
   "p" : [
      {
         "l" : [ -0.53080000000000005, -2.9234, 0.97160000000000002 ],
         "u" : 0
      },
      {
         "d" : 0.076619318712711187,
         "l" : [ -0.53180000000000005, -3, 0.97019999999999995 ],
         "t" : 0.33580417259040696,
         "u" : 1
      },
      {
         "d" : 0.10802712029129979,
         "l" : [ -0.53080000000000005, -3.0312999999999999, 0.96779999999999999 ],
         "t" : 0.473457064826734,
         "u" : 2
      }
   ]
}
