{
   "id" : "id183324",
   "p" : [
      {
         "l" : [ -0.49619999999999997, -1.7453000000000001, 0.88200000000000001 ],
         "u" : 0
      },
      {
         "d" : 0.23620000000000002,
         "l" : [ -0.49619999999999997, -1.7453000000000001, 1.1182000000000001 ],
         "t" : 1.6563814866760171,
         "u" : 1
      }
   ]
}
