{
   "id" : "id305780",
   "p" : [
      {
         "l" : [ 3.19556862073448, 1.38112354276156, 0.89499999349057302 ],
         "u" : 0
      },
      {
         "d" : 1.7300000048837667,
         "l" : [ 3.1955686175466891, 1.3811235390616683, 2.6249999934905701 ],
         "u" : 1.0000000007897658
      },
      {
         "d" : 7.9138203081047003,
         "l" : [ -0.84080597839891902, -3.3036724715699499, 2.6249999932882329 ],
         "u" : 2.0000000001974025
      },
      {
         "d" : 8.9388203079023629,
         "l" : [ -0.84080597839891902, -3.3036724715699499, 1.59999999349057 ],
         "u" : 3
      }
   ]
}
