{
   "id" : "id302863",
   "p" : [
      {
         "l" : [ 2.1112413895059801, -2.0683109743945298, 0.639988 ],
         "u" : 0
      },
      {
         "d" : 0.004933650122635835,
         "l" : [ 2.1116123683858805, -2.073230657128533, 0.639988 ],
         "t" : 0.0014800950367907504,
         "u" : 1.0000000000002303
      },
      {
         "d" : 0.019714225230890454,
         "l" : [ 2.1146040527495402, -2.0877052978908801, 0.639988 ],
         "t" : 0.005914267569267136,
         "u" : 2
      }
   ]
}
