{
   "id" : "id162213",
   "p" : [
      {
         "l" : [ -2.5, -1.4605999999999999, 0.625 ],
         "u" : 0
      },
      {
         "d" : 0.039399999999999893,
         "l" : [ -2.5, -1.4999999999999998, 0.625 ],
         "t" : 0.30697312037397662,
         "u" : 0.99999999999999434
      },
      {
         "d" : 0.078800000000000148,
         "l" : [ -2.4605999999999999, -1.5, 0.625 ],
         "t" : 0.61394624074795601,
         "u" : 2
      }
   ]
}
