{
   "id" : "id163748",
   "p" : [
      {
         "l" : [ 2.4518, -2.0011999999999999, 0.63 ],
         "u" : 0
      },
      {
         "d" : 0.039315772916204188,
         "l" : [ 2.489999999999982, -1.9919000000000044, 0.63 ],
         "t" : 0.30631689065994694,
         "u" : 0.99999999999952038
      },
      {
         "d" : 0.052615772916197831,
         "l" : [ 2.4900000000000002, -1.9786000000000252, 0.63 ],
         "t" : 0.40993979677598624,
         "u" : 1.9999999999980926
      },
      {
         "d" : 0.092016915031649382,
         "l" : [ 2.4506000000000001, -1.9782999999999999, 0.63 ],
         "t" : 0.7169218155952426,
         "u" : 3
      }
   ]
}
