{
   "id" : "id181249",
   "p" : [
      {
         "l" : [ -0.32579999999999998, 3.2976000000000001, 0.91659999999999997 ],
         "u" : 0
      },
      {
         "d" : 0.39369999999999988,
         "l" : [ -0.32579999999999998, 3.2976000000000001, 0.52290000000000003 ],
         "t" : 2.7608695652173911,
         "u" : 0.99999999999999989
      },
      {
         "d" : 0.78742853592291229,
         "l" : [ -0.58320000000000005, 3, 0.50870000000000004 ],
         "t" : 5.5219392420961606,
         "u" : 2
      }
   ]
}
