{
   "id" : "id308587",
   "p" : [
      {
         "l" : [ 0.96818023059960501, -3.57657444764962, 0.88500000042284499 ],
         "u" : 0
      },
      {
         "d" : 0.069117201448119447,
         "l" : [ 0.93137828982963, -3.63507532785066, 0.88500000042284499 ],
         "t" : 0.041470320868871667,
         "u" : 2
      }
   ]
}
