{
   "id" : "id301776",
   "p" : [
      {
         "l" : [ 1.43223515491181, 1.2734582879346701, 0.63500000000000001 ],
         "u" : 0
      },
      {
         "d" : 0.039614526770325682,
         "l" : [ 1.4177917430267033, 1.3103459360618417, 0.63500000000000001 ],
         "t" : 0.011884358031097704,
         "u" : 0.99999999999977285
      },
      {
         "d" : 0.15295632707922502,
         "l" : [ 1.3156287931550017, 1.359428472373386, 0.63500000000000001 ],
         "t" : 0.045886898123767506,
         "u" : 1.9999999999991023
      },
      {
         "d" : 0.2269073135581553,
         "l" : [ 1.24216135010913, 1.35098553369623, 0.63500000000000001 ],
         "t" : 0.068072194067446593,
         "u" : 3
      }
   ]
}
