{
   "id" : "id181237",
   "p" : [
      {
         "l" : [ -1.7304999999999999, 0.78949999999999998, 1.6194999999999999 ],
         "u" : 0
      },
      {
         "d" : 2.8746734945033321,
         "l" : [ -0.32579999999999998, 3.2976000000000001, 1.6194999999999999 ],
         "u" : 1
      },
      {
         "d" : 3.5775734945033322,
         "l" : [ -0.32579999999999998, 3.2976000000000001, 0.91659999999999997 ],
         "u" : 2
      }
   ]
}
