{
   "id" : "id309058",
   "p" : [
      {
         "l" : [ 1.162953389788, -3.3674864801381901, 0.88500000042284499 ],
         "u" : 0
      },
      {
         "d" : 0.069117201448110094,
         "l" : [ 1.17224023500454, -3.4359736346611802, 0.88500000042284499 ],
         "t" : 0.041470320868866054,
         "u" : 2
      }
   ]
}
