{
   "id" : "id299904",
   "p" : [
      {
         "l" : [ 1.8837628422369901, 1.5088279895799599, 0.639988 ],
         "u" : 0
      },
      {
         "d" : 0.028654524561425421,
         "l" : [ 1.8674387944288999, 1.48527788892199, 0.639988 ],
         "t" : 0.0085963573684276259,
         "u" : 1
      },
      {
         "d" : 0.11253591271316625,
         "l" : [ 1.8619612989299901, 1.40157553339168, 0.639988 ],
         "t" : 0.033760773813949874,
         "u" : 2
      }
   ]
}
