{
   "id" : "id296144",
   "p" : [
      {
         "l" : [ -1.3352333031999499, -2.4672052575992498, 0.63998799267501005 ],
         "u" : 0
      },
      {
         "d" : 1.7349999999999999,
         "l" : [ -1.3352333031999499, -2.4672052575992498, 2.3749879926750102 ],
         "u" : 1
      }
   ]
}
