{
   "id" : "id310030",
   "p" : [
      {
         "l" : [ 3.1746004997763002, -1.9017756503496099, 0.88500000042284499 ],
         "u" : 0
      },
      {
         "d" : 0.0079567971082466112,
         "l" : [ 3.1671882310861998, -1.8988837812744901, 0.88500000042284499 ],
         "t" : 0.0047740782649479665,
         "u" : 2
      }
   ]
}
