{
   "id" : "id310804",
   "p" : [
      {
         "l" : [ 1.29164257236333, -2.2023644866919998, 0.88500000042284499 ],
         "u" : 0
      },
      {
         "d" : 0.019316123365403597,
         "l" : [ 1.2857778415330794, -2.2207687675569563, 0.88500000042284499 ],
         "t" : 0.011589674019242158,
         "u" : 1.0000000000001033
      },
      {
         "d" : 0.077034876453311377,
         "l" : [ 1.2805716592497509, -2.2782522445225641, 0.88500000042284499 ],
         "t" : 0.046220925871986826,
         "u" : 2.0000000000004161
      },
      {
         "d" : 0.11125722291020262,
         "l" : [ 1.28307800410533, -2.31238268888651, 0.88500000042284499 ],
         "t" : 0.066754333746121566,
         "u" : 3
      }
   ]
}
