{
   "id" : "id178274",
   "p" : [
      {
         "l" : [ -0.025100000000000001, -0.69489999999999996, 1.3231999999999999 ],
         "u" : 0
      },
      {
         "d" : 0.67629999993145717,
         "l" : [ -0.025100000000000001, -0.69489999999999996, 1.9994999999314569 ],
         "u" : 0.99999999989864996
      },
      {
         "d" : 4.6187143665267829,
         "l" : [ 3.6436999985125196, 0.74819999941490867, 1.9995000000000001 ],
         "u" : 1.9999999995945594
      },
      {
         "d" : 5.4317143681251974,
         "l" : [ 3.6436999999999999, 0.74819999999999998, 1.1865000000000001 ],
         "u" : 3
      }
   ]
}
