{
   "id" : "id267269",
   "p" : [
      {
         "l" : [ -0.40239999999999998, -2.7198000000000002, 1.9995000000000001 ],
         "u" : 0
      },
      {
         "d" : 3.5735277416021276,
         "l" : [ 3, -1.6272, 1.9995000000000001 ],
         "u" : 1
      },
      {
         "d" : 4.6384277416021273,
         "l" : [ 3, -1.6272, 0.93459999999999999 ],
         "u" : 2
      }
   ]
}
