{
   "id" : "id304485",
   "p" : [
      {
         "l" : [ -0.67788135104856595, -3.6740349527301701, 1.59999999349057 ],
         "u" : 0
      },
      {
         "d" : 0.70499999999999696,
         "l" : [ -0.67788135104856595, -3.6740349527301701, 0.89499999349057302 ],
         "t" : 2.8199999999999878,
         "u" : 1
      }
   ]
}
