{
   "id" : "id283111",
   "p" : [
      {
         "l" : [ -1.80477003025532, -0.97566366499754098, 0.62519999087665901 ],
         "u" : 0
      },
      {
         "d" : 0.27480000912334096,
         "l" : [ -1.80477003025532, -0.97566366499754098, 0.90000000000000002 ],
         "t" : 0.16488000547400458,
         "u" : 1
      }
   ]
}
