{
   "id" : "id289687",
   "p" : [
      {
         "l" : [ 2.0396237340480199, -2.5483343451188998, 0.62519999837448104 ],
         "u" : 0
      },
      {
         "d" : 0.27480000162551893,
         "l" : [ 2.0396237340480199, -2.5483343451188998, 0.90000000000000002 ],
         "t" : 0.16488000097531136,
         "u" : 1
      }
   ]
}
