{
   "id" : "id308529",
   "p" : [
      {
         "l" : [ 3.6245203591946802, -1.52456205468262, 0.88500000042284499 ],
         "u" : 0
      },
      {
         "d" : 0.0079567971082462503,
         "l" : [ 3.6198460895984601, -1.53100067546845, 0.88500000042284499 ],
         "t" : 0.0047740782649477497,
         "u" : 2
      }
   ]
}
