{
   "id" : "id162206",
   "p" : [
      {
         "l" : [ -2.5, -0.88460000000000005, 0.625 ],
         "u" : 0
      },
      {
         "d" : 0.57599999999999996,
         "l" : [ -2.5, -1.4605999999999999, 0.625 ],
         "t" : 3.5902763349262417,
         "u" : 1
      }
   ]
}
