{
   "id" : "id161775",
   "p" : [
      {
         "l" : [ -2.2507000000000001, -1.0497000000000001, 0.625 ],
         "u" : 0
      },
      {
         "d" : 0.039356066876658047,
         "l" : [ -2.29, -1.0518000000000001, 0.625 ],
         "t" : 0.3066308288013872,
         "u" : 0.99999999999999856
      },
      {
         "d" : 0.07875606687665794,
         "l" : [ -2.29, -1.0911999999999999, 0.625 ],
         "t" : 0.61360394917536376,
         "u" : 2
      }
   ]
}
