{
   "id" : "id295457",
   "p" : [
      {
         "l" : [ -0.90049482812496995, -2.0067117503000498, 0.63998799267501005 ],
         "u" : 0
      },
      {
         "d" : 0.50874785405933409,
         "l" : [ -1.4084932252794882, -1.9835631102231897, 0.63998799267501005 ],
         "t" : 0.15262435621780021,
         "u" : 2.9999999999979021
      },
      {
         "d" : 0.55144617073553681,
         "l" : [ -1.4504710552233, -1.9904304901106999, 0.63998799267501005 ],
         "t" : 0.16543385122066101,
         "u" : 5
      }
   ]
}
