{
   "id" : "id164953",
   "p" : [
      {
         "l" : [ -2.4617, 2.0089000000000001, 0.625 ],
         "u" : 0
      },
      {
         "d" : 0.039320478125272146,
         "l" : [ -2.5, 2, 0.625 ],
         "t" : 0.30635354986577445,
         "u" : 0.99999999999999856
      },
      {
         "d" : 0.078720478125272247,
         "l" : [ -2.5, 1.9605999999999999, 0.625 ],
         "t" : 0.61332667023975262,
         "u" : 2
      }
   ]
}
