{
   "id" : "id277733",
   "p" : [
      {
         "l" : [ -0.70772009393546298, -2.1949942466961501, 0.90000000000000002 ],
         "u" : 0
      },
      {
         "d" : 0.0049940000000001546,
         "l" : [ -0.70772009393546298, -2.1949942466961501, 0.89500599999999997 ],
         "t" : 0.0029964000000000926,
         "u" : 1
      }
   ]
}
