{
   "id" : "id308398",
   "p" : [
      {
         "l" : [ 3.6616340019282299, -1.30417576453085, 0.88500000042284499 ],
         "u" : 0
      },
      {
         "d" : 0.10607464709557851,
         "l" : [ 3.62091556442823, -1.40212391205805, 0.88500000042284499 ],
         "t" : 0.093200545128495654,
         "u" : 1
      }
   ]
}
