{
   "id" : "id276486",
   "p" : [
      {
         "l" : [ -0.68137469328962497, -3.1924722483783099, 0.89500599999999997 ],
         "u" : 0
      },
      {
         "d" : 0.0076437055021957006,
         "l" : [ -0.67883861929038203, -3.1852620840045298, 0.89500599999999997 ],
         "t" : 0.00091724466026348397,
         "u" : 2
      }
   ]
}
