{
   "id" : "id182103",
   "p" : [
      {
         "l" : [ 3.4247999999999998, -1.2011000000000001, 1.6036999999999999 ],
         "u" : 0
      },
      {
         "d" : 0.39369999999999994,
         "l" : [ 3.4247999999999998, -1.2011000000000001, 1.21 ],
         "t" : 2.7608695652173911,
         "u" : 1.0000000000000002
      },
      {
         "d" : 0.78749462921680347,
         "l" : [ 3.0312000000000001, -1.2101, 1.2184999999999999 ],
         "t" : 5.5224027294305991,
         "u" : 2
      }
   ]
}
