{
   "id" : "id306498",
   "p" : [
      {
         "l" : [ 2.60773208409891, 1.38059779595442, 0.89499999349057302 ],
         "u" : 0
      },
      {
         "d" : 1.7300000043318904,
         "l" : [ 2.6077320813752491, 1.3805977925858934, 2.6249999934905701 ],
         "u" : 1.0000000007897665
      },
      {
         "d" : 7.2150307740639477,
         "l" : [ -0.84095947868239096, -2.8846207324459701, 2.624999993288232 ],
         "u" : 2.000000000197403
      },
      {
         "d" : 8.2400307738616103,
         "l" : [ -0.84095947868239096, -2.8846207324459701, 1.59999999349057 ],
         "u" : 3
      }
   ]
}
