{
   "id" : "id180921",
   "p" : [
      {
         "l" : [ -3, 0.38790000000000002, 0.3967 ],
         "u" : 0
      },
      {
         "d" : 1,
         "l" : [ -3, 0.38790000000000002, 1.3967000000000001 ],
         "t" : 7.0126227208976166,
         "u" : 1
      }
   ]
}
