{
   "id" : "id273191",
   "p" : [
      {
         "l" : [ -0.40129999999999999, -2.9352, 1.9995000000000001 ],
         "u" : 0
      },
      {
         "d" : 0.24443179007649568,
         "l" : [ -0.50719999999999998, -2.7149000000000001, 1.9995000000000001 ],
         "u" : 1
      },
      {
         "d" : 1.3128317900764956,
         "l" : [ -0.50719999999999998, -2.7149000000000001, 0.93110000000000004 ],
         "u" : 2
      }
   ]
}
