{
   "id" : "id292284",
   "p" : [
      {
         "l" : [ -2.5314062416577299, 1.89657655044337, 0.62999999086678904 ],
         "u" : 0
      },
      {
         "d" : 1.3700000091332112,
         "l" : [ -2.5314062416577299, 1.89657655044337, 2 ],
         "u" : 1
      }
   ]
}
