{
   "id" : "id182471",
   "p" : [
      {
         "l" : [ 0.17269999999999999, -2.8342999999999998, 1.4212 ],
         "u" : 0
      },
      {
         "d" : 0.23619999999999999,
         "l" : [ 0.17269999999999999, -2.8342999999999998, 1.6574 ],
         "t" : 1.6563814866760171,
         "u" : 1
      }
   ]
}
