{
   "id" : "id283013",
   "p" : [
      {
         "l" : [ -1.4770900230428801, -0.91954714699587503, 2 ],
         "u" : 0
      },
      {
         "d" : 1.1000000000000001,
         "l" : [ -1.4770900230428801, -0.91954714699587503, 0.90000000000000002 ],
         "u" : 2
      }
   ]
}
