{
   "id" : "id293294",
   "p" : [
      {
         "l" : [ -1.4048255548355599, -0.79861388063643801, 0.63998799267501005 ],
         "u" : 0
      },
      {
         "d" : 0.074913101399019688,
         "l" : [ -1.3737347265844799, -0.86579236815508598, 0.63998799267501005 ],
         "t" : 0.022473930419705905,
         "u" : 1.9999999999999998
      },
      {
         "d" : 0.79295184182442702,
         "l" : [ -0.86413242777092025, -1.3716432649573329, 0.63998799267501005 ],
         "t" : 0.23788555254732807,
         "u" : 3.0000000000340439
      },
      {
         "d" : 0.86636477824588609,
         "l" : [ -0.79826311733886801, -1.40211725420976, 0.63998799267501005 ],
         "t" : 0.25990943347376583,
         "u" : 5
      }
   ]
}
