{
   "id" : "id307585",
   "p" : [
      {
         "l" : [ -0.80076886750924403, -1.90287610732366, 1.59999999349057 ],
         "u" : 0
      },
      {
         "d" : 0.70499999999999696,
         "l" : [ -0.80076886750924403, -1.90287610732366, 0.89499999349057302 ],
         "t" : 2.8199999999999878,
         "u" : 1
      }
   ]
}
