{
   "id" : "id274147",
   "p" : [
      {
         "l" : [ -2.1875, -2.1875, 0.57999999999999996 ],
         "u" : 0
      },
      {
         "d" : 0.15499999999999997,
         "l" : [ -2.1875, -2.1875, 0.42499999999999999 ],
         "t" : 2.0493609519612161,
         "u" : 1
      }
   ]
}
