{
   "id" : "id161294",
   "p" : [
      {
         "l" : [ -2.29, -1.2505999999999999, 0.63 ],
         "u" : 0
      },
      {
         "d" : 0.039400000000000088,
         "l" : [ -2.29, -1.29, 0.63 ],
         "t" : 0.30697312037397811,
         "u" : 1.0000000000000013
      },
      {
         "d" : 0.078800000000000217,
         "l" : [ -2.2505999999999999, -1.29, 0.63 ],
         "t" : 0.61394624074795656,
         "u" : 2
      }
   ]
}
