{
   "id" : "id182797",
   "p" : [
      {
         "l" : [ -0.2397, -2.8325, 1.5188999999999999 ],
         "u" : 0
      },
      {
         "d" : 0.13650000000000004,
         "l" : [ -0.23969999999999836, -2.8324999999999987, 1.6554 ],
         "u" : 1.0000000000000004
      },
      {
         "d" : 4.6876756514114,
         "l" : [ 3.4237000000000002, -0.13200000000000001, 1.6554 ],
         "u" : 2
      }
   ]
}
