{
   "id" : "id304263",
   "p" : [
      {
         "l" : [ -0.64681039572835797, -3.69929116087535, 1.59999999349057 ],
         "u" : 0
      },
      {
         "d" : 0.70499999999999696,
         "l" : [ -0.64681039572835797, -3.69929116087535, 0.89499999349057302 ],
         "t" : 2.8199999999999878,
         "u" : 1
      }
   ]
}
