{
   "id" : "id170331",
   "p" : [
      {
         "l" : [ 0.76459999999999995, -3.6436999999999999, 1.1583000000000001 ],
         "u" : 0
      },
      {
         "d" : 0.84120003491063322,
         "l" : [ 0.76460002725268084, -3.6436999781815742, 1.9995000000000001 ],
         "u" : 1.0000000094656945
      },
      {
         "d" : 4.5293217180258258,
         "l" : [ 3.6436999996797286, -1.3387000002564085, 1.9995000000000001 ],
         "u" : 1.9999999998887599
      },
      {
         "d" : 5.3446217184360929,
         "l" : [ 3.6436999999999999, -1.3387, 1.1841999999999999 ],
         "u" : 3
      }
   ]
}
