{
   "id" : "id184160",
   "p" : [
      {
         "l" : [ -0.24129999999999999, -3.0312999999999999, 1.3046 ],
         "u" : 0
      },
      {
         "d" : 0.23629999999999982,
         "l" : [ -0.24129999999999999, -3.0312999999999999, 1.5408999999999999 ],
         "t" : 1.6570827489481055,
         "u" : 1
      }
   ]
}
