{
   "id" : "id163829",
   "p" : [
      {
         "l" : [ 1.7036, -2.3900000000000001, 0.63 ],
         "u" : 0
      },
      {
         "d" : 1.3695000000135991,
         "l" : [ 1.7036000000100555, -2.3899999999908448, 1.9995000000000001 ],
         "u" : 1.0000000000305176
      },
      {
         "d" : 1.8151122193221865,
         "l" : [ 2.0331000000000001, -2.0899999999999999, 1.9994999999896277 ],
         "u" : 2.0000000000076295
      },
      {
         "d" : 3.1746122193118143,
         "l" : [ 2.0331000000000001, -2.0899999999999999, 0.64000000000000001 ],
         "u" : 3
      }
   ]
}
