{
   "id" : "id160942",
   "p" : [
      {
         "l" : [ 0.36030000000000001, 3.4882, 1.9995000000000001 ],
         "u" : 0
      },
      {
         "d" : 5.0802755240242625,
         "l" : [ -1.6463000000000001, -1.179, 1.9995000000000001 ],
         "u" : 1
      },
      {
         "d" : 6.1500755240242624,
         "l" : [ -1.6463000000000001, -1.179, 0.92969999999999997 ],
         "u" : 2
      }
   ]
}
