{
   "id" : "id160447",
   "p" : [
      {
         "l" : [ 3.5146000000000002, 1.2146999999999999, 0.97709999999999997 ],
         "u" : 0
      },
      {
         "d" : 1.0224,
         "l" : [ 3.5146000000000002, 1.2146999999999999, 1.9995000000000001 ],
         "u" : 1
      }
   ]
}
