{
   "id" : "id165872",
   "p" : [
      {
         "l" : [ 3.3999999999999999, 1.1383000000000001, 1.9995000000000001 ],
         "u" : 0
      },
      {
         "d" : 7.1076484894794838,
         "l" : [ -3.3536000000000001, 3.3536000000000001, 1.9995000000000001 ],
         "u" : 1
      },
      {
         "d" : 8.2321484894794832,
         "l" : [ -3.3536000000000001, 3.3536000000000001, 0.875 ],
         "u" : 2
      }
   ]
}
