{
   "id" : "id299346",
   "p" : [
      {
         "l" : [ 1.2374668711158801, 1.2115441084732099, 0.639988 ],
         "u" : 0
      },
      {
         "d" : 0.0055874690065299279,
         "l" : [ 1.2347119942535503, 1.2164052259756297, 0.639988 ],
         "t" : 0.0016762407019589782,
         "u" : 0.99999999999994671
      },
      {
         "d" : 0.022320279312480269,
         "l" : [ 1.2244372378947801, 1.2296119031694901, 0.639988 ],
         "t" : 0.0066960837937440811,
         "u" : 2
      }
   ]
}
