{
   "id" : "id163353",
   "p" : [
      {
         "l" : [ 2.5, 1.4604999999999999, 0.625 ],
         "u" : 0
      },
      {
         "d" : 0.039400000000000046,
         "l" : [ 2.5, 1.4999, 0.625 ],
         "t" : 0.30697312037397778,
         "u" : 1
      },
      {
         "d" : 0.078800000000000078,
         "l" : [ 2.4605999999999999, 1.4999, 0.625 ],
         "t" : 0.61394624074795545,
         "u" : 2
      }
   ]
}
