{
   "id" : "id184152",
   "p" : [
      {
         "l" : [ -0.2402, -2.9310999999999998, 1.3073999999999999 ],
         "u" : 0
      },
      {
         "d" : 0.068905805270673678,
         "l" : [ -0.24099999999999999, -3, 1.3069999999999999 ],
         "t" : 0.30199768562749607,
         "u" : 1.0000000000000002
      },
      {
         "d" : 0.10029911666020372,
         "l" : [ -0.24129999999999999, -3.0312999999999999, 1.3046 ],
         "t" : 0.43958707082631288,
         "u" : 2
      }
   ]
}
