{
   "id" : "id310643",
   "p" : [
      {
         "l" : [ 2.5552669387013398, -1.9419023010335199, 2.0000000004228502 ],
         "u" : 0
      },
      {
         "d" : 1.1150000000000053,
         "l" : [ 2.5552669387013398, -1.9419023010335199, 0.88500000042284499 ],
         "t" : 3.3450000000000162,
         "u" : 1
      }
   ]
}
