{
   "id" : "id271692",
   "p" : [
      {
         "l" : [ -1.4893000000000001, 3, 0.92500000000000004 ],
         "u" : 0
      },
      {
         "d" : 1.0745000000000002,
         "l" : [ -1.4893000000000001, 3, 1.9995000000000001 ],
         "u" : 1
      }
   ]
}
