{
   "id" : "id184179",
   "p" : [
      {
         "l" : [ -0.3473, -2.5348000000000002, 1.6242000000000001 ],
         "u" : 0
      },
      {
         "d" : 0.39370000000000011,
         "l" : [ -0.3473, -2.5348000000000002, 1.2304999999999999 ],
         "t" : 2.7608695652173925,
         "u" : 1.0000000000000002
      },
      {
         "d" : 0.78736889640915231,
         "l" : [ -0.35730000000000001, -2.9279999999999999, 1.2141 ],
         "t" : 5.521521012686903,
         "u" : 2
      }
   ]
}
