{
   "id" : "id296957",
   "p" : [
      {
         "l" : [ -2.27979034596801, 1.98292734551982, 0.639988 ],
         "u" : 0
      },
      {
         "d" : 0.18103920814176813,
         "l" : [ -2.1735251535219096, 1.8364498996566592, 0.639988 ],
         "t" : 0.054311762442530435,
         "u" : 2.9999999989354307
      },
      {
         "d" : 0.20756759011158338,
         "l" : [ -2.1552194031107659, 1.8172495207085875, 0.639988 ],
         "t" : 0.062270277033475013,
         "u" : 3.9999999999423133
      },
      {
         "d" : 0.28550049950444034,
         "l" : [ -2.0809731698417702, 1.79356333883451, 0.639988 ],
         "t" : 0.085650149851332111,
         "u" : 5
      }
   ]
}
