{
   "id" : "id180315",
   "p" : [
      {
         "l" : [ 0.70509999999999995, 3.1972999999999998, 1.3006 ],
         "u" : 0
      },
      {
         "d" : 0.39369999999999999,
         "l" : [ 0.70509999999999995, 3.1972999999999998, 0.90690000000000004 ],
         "t" : 2.7608695652173916,
         "u" : 1
      },
      {
         "d" : 0.78744909523705564,
         "l" : [ 0.60560000000000003, 3, 0.58099999999999996 ],
         "t" : 5.5220834168096484,
         "u" : 2
      }
   ]
}
