{
   "id" : "id162952",
   "p" : [
      {
         "l" : [ 1.7663, 1.6134999999999999, 0.625 ],
         "u" : 0
      },
      {
         "d" : 0.039381467722775482,
         "l" : [ 1.7902, 1.6448, 0.625 ],
         "t" : 0.30682873177074782,
         "u" : 0.99999999999999978
      },
      {
         "d" : 0.078721650742176907,
         "l" : [ 1.7595000000000001, 1.6694, 0.625 ],
         "t" : 0.61333580632782958,
         "u" : 2
      }
   ]
}
