{
   "id" : "id181336",
   "p" : [
      {
         "l" : [ -0.46970000000000001, 3.2919999999999998, 0.92949999999999999 ],
         "u" : 0
      },
      {
         "d" : 0.39369999999999994,
         "l" : [ -0.46970000000000001, 3.2919999999999998, 0.53580000000000005 ],
         "t" : 2.7608695652173911,
         "u" : 1
      },
      {
         "d" : 0.78735879896174021,
         "l" : [ -0.73299999999999998, 3, 0.51639999999999997 ],
         "t" : 5.5214502030977588,
         "u" : 2
      }
   ]
}
