{
   "id" : "id178532",
   "p" : [
      {
         "l" : [ 0.14979999999999999, -0.40949999999999998, 1.3366 ],
         "u" : 0
      },
      {
         "d" : 0.6628999999778008,
         "l" : [ 0.14979999999999999, -0.40949999999999998, 1.9994999999778005 ],
         "u" : 0.99999999996651157
      },
      {
         "d" : 4.3716898317800084,
         "l" : [ 3.6436999995319637, 0.83459999983334265, 1.9995000000000001 ],
         "u" : 1.9999999998660418
      },
      {
         "d" : 5.2344898322768314,
         "l" : [ 3.6436999999999999, 0.83460000000000001, 1.1367 ],
         "u" : 3
      }
   ]
}
