{
   "id" : "id162630",
   "p" : [
      {
         "l" : [ 1.4459, 1.421, 0.63 ],
         "u" : 0
      },
      {
         "d" : 0.1929364069289414,
         "l" : [ 1.6308, 1.476, 0.63 ],
         "t" : 1.2025955137893709,
         "u" : 5
      }
   ]
}
