{
   "id" : "id296412",
   "p" : [
      {
         "l" : [ -1.83503247286646, -1.5303890310701, 0.63499999267500995 ],
         "u" : 0
      },
      {
         "d" : 0.061120389602895328,
         "l" : [ -1.8181578131059062, -1.4721434466626919, 0.63499999267500995 ],
         "t" : 0.018336116880868596,
         "u" : 1.9999999999479008
      },
      {
         "d" : 0.66534300365628107,
         "l" : [ -1.82703593432366, -0.86835986889656902, 0.63499999267500995 ],
         "t" : 0.19960290109688431,
         "u" : 5
      }
   ]
}
