{
   "id" : "id308633",
   "p" : [
      {
         "l" : [ 3.6545696839802702, -1.56464660399272, 0.88500000042284499 ],
         "u" : 0
      },
      {
         "d" : 0.06115928798341335,
         "l" : [ 3.6088199754397001, -1.60523505894103, 0.88500000042284499 ],
         "t" : 0.053736487801733852,
         "u" : 1
      }
   ]
}
