{
   "id" : "id275873",
   "p" : [
      {
         "l" : [ 3.25942311086945, 1.2297108942483901, 0.89500599999999997 ],
         "u" : 0
      },
      {
         "d" : 1.1049940007345431,
         "l" : [ 3.259423110404208, 1.2297108936799681, 2 ],
         "u" : 1.0000000001220704
      },
      {
         "d" : 7.122369868718966,
         "l" : [ -0.55183837083841802, -3.4268004890821899, 1.999999999966432 ],
         "u" : 2.0000000000305165
      },
      {
         "d" : 8.2223698686853979,
         "l" : [ -0.55183837083841802, -3.4268004890821899, 0.90000000000000002 ],
         "u" : 3
      }
   ]
}
