{
   "id" : "id305674",
   "p" : [
      {
         "l" : [ 3.2696691785678902, 1.3811608713296, 0.89499999349057302 ],
         "u" : 0
      },
      {
         "d" : 1.7300000049499884,
         "l" : [ 3.2696691753228402, 1.3811608675916773, 2.6249999934905701 ],
         "u" : 1.0000000007897669
      },
      {
         "d" : 7.9976611338955665,
         "l" : [ -0.839201257397863, -3.3517832258741, 2.624999993288232 ],
         "u" : 2.000000000197403
      },
      {
         "d" : 9.0226611336932283,
         "l" : [ -0.839201257397863, -3.3517832258741, 1.59999999349057 ],
         "u" : 3
      }
   ]
}
