{
   "id" : "id170665",
   "p" : [
      {
         "l" : [ 0.70469999999999999, -3.6436999999999999, 1.2382 ],
         "u" : 0
      },
      {
         "d" : 0.76129999997676778,
         "l" : [ 0.70469999999999999, -3.6436999999999999, 1.9994999999767678 ],
         "u" : 0.9999999999694833
      },
      {
         "d" : 4.5561756878828215,
         "l" : [ 3.6436999996412358, -1.2430000002930539, 1.9995000000000001 ],
         "u" : 1.9999999998779299
      },
      {
         "d" : 5.3434756883460626,
         "l" : [ 3.6436999999999999, -1.2430000000000001, 1.2121999999999999 ],
         "u" : 3
      }
   ]
}
