{
   "id" : "id303195",
   "p" : [
      {
         "l" : [ 1.78244078916838, -2.4159389354049901, 0.639988 ],
         "u" : 0
      },
      {
         "d" : 0.28186315709592696,
         "l" : [ 1.7782712023813789, -2.1342188368965478, 0.639988 ],
         "t" : 0.084558947128778081,
         "u" : 3.0000000000528928
      },
      {
         "d" : 0.33041344991184024,
         "l" : [ 1.76625752430066, -2.0874253851331099, 0.639988 ],
         "t" : 0.099124034973552058,
         "u" : 5
      }
   ]
}
