{
   "id" : "id303914",
   "p" : [
      {
         "l" : [ 2.0494793789563599, -2.0463191380496402, 0.63500000000000001 ],
         "u" : 0
      },
      {
         "d" : 0.039173479708687557,
         "l" : [ 2.0509954203315601, -2.0854632708288401, 0.63500000000000001 ],
         "t" : 0.011752043912606267,
         "u" : 0.999999999999997
      },
      {
         "d" : 0.15137386219363136,
         "l" : [ 2.1299026634532399, -2.1652290079137799, 0.63500000000000001 ],
         "t" : 0.045412158658089403,
         "u" : 2
      }
   ]
}
