{
   "id" : "id303064",
   "p" : [
      {
         "l" : [ 2.17343894121296, -2.0098197450155002, 0.639988 ],
         "u" : 0
      },
      {
         "d" : 0.23729470367098257,
         "l" : [ 1.9364015154941501, -2.0206465320741902, 0.639988 ],
         "t" : 0.071188411101294771,
         "u" : 2
      }
   ]
}
