{
   "id" : "id166577",
   "p" : [
      {
         "l" : [ -3.0703999999999998, 0.20960000000000001, 0.37730000000000002 ],
         "u" : 0
      },
      {
         "d" : 1.6221999999999996,
         "l" : [ -3.0703999999999998, 0.20960000000000001, 1.9995000000000001 ],
         "u" : 1
      }
   ]
}
