{
   "id" : "id297211",
   "p" : [
      {
         "l" : [ -2.17505497096472, 2.0802653016709098, 0.639988 ],
         "u" : 0
      },
      {
         "d" : 0.037642762836917656,
         "l" : [ -2.1580650719283194, 2.0466748130658101, 0.639988 ],
         "t" : 0.011292828851075297,
         "u" : 1.0000000000000031
      },
      {
         "d" : 0.14585059182360988,
         "l" : [ -2.0580044136901998, 2.0054825938130501, 0.639988 ],
         "t" : 0.043755177547082962,
         "u" : 2
      }
   ]
}
