{
   "id" : "id183735",
   "p" : [
      {
         "l" : [ 3.4245999999999999, 1.0757000000000001, 1.2636000000000001 ],
         "u" : 0
      },
      {
         "d" : 0.39370000000000011,
         "l" : [ 3.4245999999999999, 1.0757000000000001, 0.86990000000000001 ],
         "t" : 2.7608695652173925,
         "u" : 1.0000000000000002
      },
      {
         "d" : 0.78747761490465651,
         "l" : [ 3.0312000000000001, 1.0895999999999999, 0.88009999999999999 ],
         "t" : 5.5222834144786574,
         "u" : 2
      }
   ]
}
