{
   "id" : "id160392",
   "p" : [
      {
         "l" : [ 0.1288, -3.4563000000000001, 1.9995000000000001 ],
         "u" : 0
      },
      {
         "d" : 0.82338790979707732,
         "l" : [ -0.6925, -3.5148999999999999, 1.9995000000000001 ],
         "u" : 1
      },
      {
         "d" : 1.8406879097970774,
         "l" : [ -0.6925, -3.5148999999999999, 0.98219999999999996 ],
         "u" : 2
      }
   ]
}
