{
   "id" : "id180433",
   "p" : [
      {
         "l" : [ -3, -0.076600000000000001, 0.5776 ],
         "u" : 0
      },
      {
         "d" : 0.99999999999999989,
         "l" : [ -3, -0.076600000000000001, 1.5775999999999999 ],
         "t" : 7.0126227208976157,
         "u" : 1
      }
   ]
}
