{
   "id" : "id183814",
   "p" : [
      {
         "l" : [ 0.98450000000000004, -3.0312999999999999, 1.1163000000000001 ],
         "u" : 0
      },
      {
         "d" : 0.31079999999999991,
         "l" : [ 0.98450000000000004, -3.0312999999999999, 1.4271 ],
         "u" : 0.99999999999999978
      },
      {
         "d" : 0.80839825160464529,
         "l" : [ 0.92559999999999998, -2.5371999999999999, 1.4271 ],
         "u" : 2
      }
   ]
}
