{
   "id" : "id277398",
   "p" : [
      {
         "l" : [ -0.68288987885218799, -2.4690528709258999, 0.89500599999999997 ],
         "u" : 0
      },
      {
         "d" : 0.0076437055021943553,
         "l" : [ -0.68010105982829006, -2.46193664790533, 0.89500599999999997 ],
         "t" : 0.00091724466026332253,
         "u" : 2
      }
   ]
}
