{
   "id" : "id302692",
   "p" : [
      {
         "l" : [ 2.0079449121697799, -2.0537719601101099, 0.639988 ],
         "u" : 0
      },
      {
         "d" : 0.037165813417698937,
         "l" : [ 1.9978998552002101, -2.0895545608746899, 0.639988 ],
         "t" : 0.011149744025309681,
         "u" : 0.99999999999999567
      },
      {
         "d" : 0.14411996082983725,
         "l" : [ 2.0424080219428999, -2.1868079039630501, 0.639988 ],
         "t" : 0.043235988248951175,
         "u" : 2
      }
   ]
}
