{
   "id" : "id294160",
   "p" : [
      {
         "l" : [ -1.9770848871400299, -1.45493062147111, 0.63998799267501005 ],
         "u" : 0
      },
      {
         "d" : 0.54203944313908825,
         "l" : [ -1.8061691598948337, -0.94054658596382179, 0.63998799267501005 ],
         "t" : 0.16261183294172646,
         "u" : 3.0000000000268825
      },
      {
         "d" : 0.60744048648773574,
         "l" : [ -1.80547860951239, -0.87573793856600901, 0.63998799267501005 ],
         "t" : 0.1822321459463207,
         "u" : 5
      }
   ]
}
