{
   "id" : "id182179",
   "p" : [
      {
         "l" : [ 0.59419999999999995, -2.8332000000000002, 1.323 ],
         "u" : 0
      },
      {
         "d" : 0.23619999999999994,
         "l" : [ 0.59419999999999995, -2.8332000000000002, 1.5591999999999999 ],
         "t" : 1.6563814866760167,
         "u" : 1
      }
   ]
}
