{
   "id" : "id297919",
   "p" : [
      {
         "l" : [ -2.1276192903648998, 1.6136616909339101, 0.639988 ],
         "u" : 0
      },
      {
         "d" : 0.047311644417854154,
         "l" : [ -2.1670891818661655, 1.6393448742811367, 0.639988 ],
         "t" : 0.014193493325356245,
         "u" : 1.9999999999334999
      },
      {
         "d" : 0.25366251013444352,
         "l" : [ -2.3606794235709003, 1.7107836459578287, 0.639988 ],
         "t" : 0.076098753040333061,
         "u" : 2.9999999999635873
      },
      {
         "d" : 0.30950915170885712,
         "l" : [ -2.41593893426609, 1.7157422075155699, 0.639988 ],
         "t" : 0.092852745512657139,
         "u" : 5
      }
   ]
}
