{
   "id" : "id276426",
   "p" : [
      {
         "l" : [ 3.10533010082899, 1.21925860489119, 0.89500599999999997 ],
         "u" : 0
      },
      {
         "d" : 0.082542573258734375,
         "l" : [ 3.1813243226934098, 1.2514710931467099, 0.89500599999999997 ],
         "t" : 0.0099051087910481238,
         "u" : 3
      }
   ]
}
