{
   "id" : "id164053",
   "p" : [
      {
         "l" : [ 1.7036, -2.3900000000000001, 0.625 ],
         "u" : 0
      },
      {
         "d" : 1.3745000000104239,
         "l" : [ 1.7036000000100555, -2.3899999999972534, 1.9995000000000001 ],
         "u" : 1.0000000000305176
      },
      {
         "d" : 1.7160702709649736,
         "l" : [ 2.0331000000000001, -2.2999999999999998, 1.9994999999896284 ],
         "u" : 2.000000000007629
      },
      {
         "d" : 3.0755702709546018,
         "l" : [ 2.0331000000000001, -2.2999999999999998, 0.64000000000000001 ],
         "u" : 3
      }
   ]
}
