{
   "id" : "id297169",
   "p" : [
      {
         "l" : [ -2.1766601125484, 2.0533004222961901, 0.639988 ],
         "u" : 0
      },
      {
         "d" : 0.038262101102176309,
         "l" : [ -2.1601019598134599, 2.01880671332253, 0.639988 ],
         "t" : 0.011478630330652892,
         "u" : 1
      },
      {
         "d" : 0.14809109246252344,
         "l" : [ -2.05891756123187, 1.9760969389504599, 0.639988 ],
         "t" : 0.04442732773875703,
         "u" : 2
      }
   ]
}
