{
   "id" : "id295647",
   "p" : [
      {
         "l" : [ -0.91688179943437498, -2.1663420522514998, 0.63998799267501005 ],
         "u" : 0
      },
      {
         "d" : 0.47173704548568474,
         "l" : [ -1.3841515169316281, -2.101736950411107, 0.63998799267501005 ],
         "t" : 0.14152111364570541,
         "u" : 3.0000000000375087
      },
      {
         "d" : 0.51000732800850901,
         "l" : [ -1.42226721333152, -2.10343378699906, 0.63998799267501005 ],
         "t" : 0.15300219840255269,
         "u" : 5
      }
   ]
}
