{
   "id" : "id274446",
   "p" : [
      {
         "l" : [ 3.4459778641790302, -1.3898708877772701, 0.89500599999999997 ],
         "u" : 0
      },
      {
         "d" : 0.024639708547489928,
         "l" : [ 3.4396335487097258, -1.4135481954479332, 0.89250600000001024 ],
         "t" : 0.3359960256475899,
         "u" : 0.99999999999591282
      },
      {
         "d" : 0.049279417080721019,
         "l" : [ 3.4374971389783044, -1.4379674704181136, 0.89000600000146768 ],
         "t" : 0.67199205110074112,
         "u" : 1.9999999994128999
      },
      {
         "d" : 0.096154417064201497,
         "l" : [ 3.4374966557624602, -1.48484247014919, 0.89000599999999996 ],
         "t" : 1.3111965963300205,
         "u" : 5
      }
   ]
}
