{
   "id" : "id308974",
   "p" : [
      {
         "l" : [ 3.5818375162888199, -1.7428274230141501, 2.0000000004228502 ],
         "u" : 0
      },
      {
         "d" : 1.1150000000000053,
         "l" : [ 3.5818375162888199, -1.7428274230141501, 0.88500000042284499 ],
         "t" : 3.3450000000000162,
         "u" : 1
      }
   ]
}
