{
   "id" : "id295268",
   "p" : [
      {
         "l" : [ -0.88211589045514005, -1.8404511810986099, 0.63998799267501005 ],
         "u" : 0
      },
      {
         "d" : 0.56944274139381368,
         "l" : [ -1.4506390982106199, -1.8612057527569932, 0.63998799267501005 ],
         "t" : 0.1708328224181441,
         "u" : 3.0000000000333165
      },
      {
         "d" : 0.61875900980562204,
         "l" : [ -1.4977999579538599, -1.87474349412951, 0.63998799267501005 ],
         "t" : 0.1856277029416866,
         "u" : 5
      }
   ]
}
