{
   "id" : "id286856",
   "p" : [
      {
         "l" : [ 1.4263820073265101, 1.5324645419071601, 0.62519999621543998 ],
         "u" : 0
      },
      {
         "d" : 0.27480000378456004,
         "l" : [ 1.4263820073265101, 1.5324645419071601, 0.90000000000000002 ],
         "t" : 0.16488000227073601,
         "u" : 1
      }
   ]
}
