{
   "id" : "id309985",
   "p" : [
      {
         "l" : [ 1.23556933604797, -3.0242692151333799, 0.88500000042284499 ],
         "u" : 0
      },
      {
         "d" : 1.1149999995178068,
         "l" : [ 1.23556933604797, -3.0242692151333799, 1.9999999999406519 ],
         "u" : 1.9999999987141379
      },
      {
         "d" : 3.4149194595337229,
         "l" : [ 3.2631322345935798, -1.9386273714375899, 2.0000000004228502 ],
         "u" : 3
      }
   ]
}
