{
   "id" : "id307642",
   "p" : [
      {
         "l" : [ 1.20169211217992, 1.09798223974904, 0.89499999349057302 ],
         "u" : 0
      },
      {
         "d" : 1.7300000027828419,
         "l" : [ 1.201692110608964, 1.097982237452015, 2.6249999934905701 ],
         "u" : 1.0000000007897667
      },
      {
         "d" : 5.2536292499976138,
         "l" : [ -0.78744725612959898, -1.8105032189483301, 2.624999993288232 ],
         "u" : 2.000000000197403
      },
      {
         "d" : 6.2786292497952756,
         "l" : [ -0.78744725612959898, -1.8105032189483301, 1.59999999349057 ],
         "u" : 3
      }
   ]
}
