{
   "id" : "id182916",
   "p" : [
      {
         "l" : [ 3.4236, 0.0178, 1.6507000000000001 ],
         "u" : 0
      },
      {
         "d" : 0.39370000000000022,
         "l" : [ 3.4236, 0.0178, 1.2569999999999999 ],
         "t" : 2.7608695652173934,
         "u" : 1
      },
      {
         "d" : 0.78740584196834063,
         "l" : [ 3.0312000000000001, -0.0124, 1.2677 ],
         "t" : 5.5217800979547036,
         "u" : 2
      }
   ]
}
