{
   "id" : "id306902",
   "p" : [
      {
         "l" : [ -0.841286463279456, -2.6107028184178098, 1.59999999349057 ],
         "u" : 0
      },
      {
         "d" : 0.70499999999999696,
         "l" : [ -0.841286463279456, -2.6107028184178098, 0.89499999349057302 ],
         "t" : 2.8199999999999878,
         "u" : 1
      }
   ]
}
