{
   "id" : "id162697",
   "p" : [
      {
         "l" : [ 1.4505999999999999, 2.4900000000000002, 0.63 ],
         "u" : 0
      },
      {
         "d" : 0.019699999999999832,
         "l" : [ 1.4309000000000001, 2.4900000000000002, 0.63 ],
         "t" : 0.12279243714938605,
         "u" : 1
      }
   ]
}
