{
   "id" : "id310451",
   "p" : [
      {
         "l" : [ 2.9181545186300402, -1.94237600717731, 0.88500000042284499 ],
         "u" : 0
      },
      {
         "d" : 0.10607464709558052,
         "l" : [ 2.8202251309938902, -1.9016124720796199, 0.88500000042284499 ],
         "t" : 0.093200545128497417,
         "u" : 1
      }
   ]
}
