{
   "id" : "id277714",
   "p" : [
      {
         "l" : [ 1.97563692885775, 1.2058243017066499, 0.89500599999999997 ],
         "u" : 0
      },
      {
         "d" : 1.1049940005288053,
         "l" : [ 1.9756369285301918, 1.2058243012915109, 2 ],
         "u" : 1.0000000001220704
      },
      {
         "d" : 5.4369648806991089,
         "l" : [ -0.70772009393546298, -2.1949942466961501, 1.9999999999664313 ],
         "u" : 2.0000000000305169
      },
      {
         "d" : 6.5369648806655398,
         "l" : [ -0.70772009393546298, -2.1949942466961501, 0.90000000000000002 ],
         "u" : 3
      }
   ]
}
