{
   "id" : "id277372",
   "p" : [
      {
         "l" : [ -0.71653919572372304, -2.5484903993974899, 0.90000000000000002 ],
         "u" : 0
      },
      {
         "d" : 0.0049940000000001546,
         "l" : [ -0.71653919572372304, -2.5484903993974899, 0.89500599999999997 ],
         "t" : 0.0029964000000000926,
         "u" : 1
      }
   ]
}
