{
   "id" : "id309451",
   "p" : [
      {
         "l" : [ 3.4484123296570801, -1.87161284541593, 0.88500000042284499 ],
         "u" : 0
      },
      {
         "d" : 0.061159287983406946,
         "l" : [ 3.3875924021823498, -1.8651789563427601, 0.88500000042284499 ],
         "t" : 0.053736487801728225,
         "u" : 1
      }
   ]
}
