{
   "id" : "id310004",
   "p" : [
      {
         "l" : [ 3.2631322345935798, -1.9386273714375899, 2.0000000004228502 ],
         "u" : 0
      },
      {
         "d" : 1.1150000000000053,
         "l" : [ 3.2631322345935798, -1.9386273714375899, 0.88500000042284499 ],
         "t" : 3.3450000000000162,
         "u" : 1
      }
   ]
}
