{
   "id" : "id179582",
   "p" : [
      {
         "l" : [ 2.8498999999999999, 1.0923, 1.1032999999999999 ],
         "u" : 0
      },
      {
         "d" : 0.39372439599305864,
         "l" : [ 2.4597999999998752, 1.0922999999999903, 1.05000000000001 ],
         "t" : 1.8406937634084091,
         "u" : 1.0000000000140346
      },
      {
         "d" : 0.69383848869883624,
         "l" : [ 2.1606000000099841, 1.0710000000011519, 1.0500000000002561 ],
         "t" : 3.2437517003218153,
         "u" : 26.999999998720007
      },
      {
         "d" : 1.0875123892915928,
         "l" : [ 2.1606000000000001, 0.86150000000000004, 1.3833 ],
         "t" : 5.0842093936025847,
         "u" : 28
      }
   ]
}
