{
   "id" : "id303284",
   "p" : [
      {
         "l" : [ 1.6997902310362001, -2.40760754761402, 0.639988 ],
         "u" : 0
      },
      {
         "d" : 0.25965235763282907,
         "l" : [ 1.6899139787802309, -2.1481430867226234, 0.639988 ],
         "t" : 0.077895707289848723,
         "u" : 1.0000000000125837
      },
      {
         "d" : 0.2935054950196791,
         "l" : [ 1.6824371873661701, -2.1152377933809001, 0.639988 ],
         "t" : 0.088051648505903732,
         "u" : 3
      }
   ]
}
