{
   "id" : "id269941",
   "p" : [
      {
         "l" : [ -0.38290000000000002, -2.7147999999999999, 1.9995000000000001 ],
         "u" : 0
      },
      {
         "d" : 4.8686150977459697,
         "l" : [ 2.7147000000000001, 1.0412999999999999, 1.9995000000000001 ],
         "u" : 1
      },
      {
         "d" : 5.9335150977459694,
         "l" : [ 2.7147000000000001, 1.0412999999999999, 0.93459999999999999 ],
         "u" : 2
      }
   ]
}
