{
   "id" : "id293970",
   "p" : [
      {
         "l" : [ -1.8195212388628601, -1.52798381178697, 0.63998799267501005 ],
         "u" : 0
      },
      {
         "d" : 0.64667829040951086,
         "l" : [ -1.6257235010167406, -0.91141139853114972, 0.63998799267501005 ],
         "t" : 0.19400348712285326,
         "u" : 2.9999999999950706
      },
      {
         "d" : 0.71389368088887539,
         "l" : [ -1.6271097291546299, -0.84485005698826898, 0.63998799267501005 ],
         "t" : 0.21416810426666261,
         "u" : 5
      }
   ]
}
