{
   "id" : "id308346",
   "p" : [
      {
         "l" : [ -0.034533036130720798, 0.085309347930491802, 0.89499999349057302 ],
         "u" : 0
      },
      {
         "d" : 2.079999999999997,
         "l" : [ -0.034533036130720798, 0.085309347930491802, 2.9749999934905702 ],
         "u" : 1
      }
   ]
}
