{
   "id" : "id272795",
   "p" : [
      {
         "l" : [ 0.82050000000000001, -2.9352, 1.9995000000000001 ],
         "u" : 0
      },
      {
         "d" : 1.2536842505192445,
         "l" : [ -0.40489999999999982, -3.2000000000000002, 1.9995000000000001 ],
         "u" : 0.99999999999999989
      },
      {
         "d" : 1.9781842505192446,
         "l" : [ -0.40489999999999998, -3.2000000000000002, 1.2749999999999999 ],
         "u" : 2
      }
   ]
}
