{
   "id" : "id183666",
   "p" : [
      {
         "l" : [ 3.4228999999999998, 1.0749, 1.2687999999999999 ],
         "u" : 0
      },
      {
         "d" : 0.39369999999999994,
         "l" : [ 3.4228999999999998, 1.0749, 0.87509999999999999 ],
         "t" : 2.7608695652173911,
         "u" : 1.0000000000000002
      },
      {
         "d" : 0.78741310620806049,
         "l" : [ 3.0312000000000001, 1.0712999999999999, 0.91469999999999996 ],
         "t" : 5.5218310393272132,
         "u" : 2
      }
   ]
}
