{
   "id" : "id164769",
   "p" : [
      {
         "l" : [ -1.9782, 2.4506000000000001, 0.625 ],
         "u" : 0
      },
      {
         "d" : 0.039401142115451766,
         "l" : [ -1.9785000000000255, 2.4900000000000002, 0.625 ],
         "t" : 0.30698201881925802,
         "u" : 1.0000000000019074
      },
      {
         "d" : 0.05280114211544526,
         "l" : [ -1.9919000000000047, 2.4899999999999816, 0.625 ],
         "t" : 0.41138404453015398,
         "u" : 2.0000000000004836
      },
      {
         "d" : 0.092116915031649288,
         "l" : [ -2.0011999999999999, 2.4518, 0.625 ],
         "t" : 0.71770093519009981,
         "u" : 3
      }
   ]
}
