{
   "id" : "id183974",
   "p" : [
      {
         "l" : [ 0.4778, -2.9302999999999999, 1.3969 ],
         "u" : 0
      },
      {
         "d" : 0.049103665850931975,
         "l" : [ 0.4778, -2.9794, 1.3975 ],
         "t" : 0.21520963849933664,
         "u" : 1
      },
      {
         "d" : 0.10105999366574214,
         "l" : [ 0.47660000000000002, -3.0312999999999999, 1.3954 ],
         "t" : 0.44292181299813949,
         "u" : 2
      }
   ]
}
