{
   "id" : "id303327",
   "p" : [
      {
         "l" : [ 1.6804141343544099, -2.4159389353701601, 0.639988 ],
         "u" : 0
      },
      {
         "d" : 0.23468057272156584,
         "l" : [ 1.6761209842950968, -2.181417556425826, 0.639988 ],
         "t" : 0.070404171816469754,
         "u" : 3.0000000000228892
      },
      {
         "d" : 0.25198587960145724,
         "l" : [ 1.6742382168696661, -2.1642149742641736, 0.639988 ],
         "t" : 0.075595763880437164,
         "u" : 4.0000000000057181
      },
      {
         "d" : 0.30344315412617207,
         "l" : [ 1.65255500302165, -2.1175492551683202, 0.639988 ],
         "t" : 0.091032946237851617,
         "u" : 5
      }
   ]
}
