{
   "id" : "id182276",
   "p" : [
      {
         "l" : [ 0.4597, -2.8313000000000001, 1.381 ],
         "u" : 0
      },
      {
         "d" : 0.23620000000000005,
         "l" : [ 0.4597, -2.8313000000000001, 1.6172 ],
         "t" : 1.6563814866760174,
         "u" : 1
      }
   ]
}
