{
   "id" : "id163712",
   "p" : [
      {
         "l" : [ 1.643, -2.4900000000000002, 0.63 ],
         "u" : 0
      },
      {
         "d" : 0.30949999999999989,
         "l" : [ 1.9524999999999999, -2.4900000000000002, 0.63 ],
         "t" : 1.9291502181591518,
         "u" : 1
      }
   ]
}
