{
   "id" : "id309104",
   "p" : [
      {
         "l" : [ 3.5495007486052499, -1.7847464633705099, 0.88500000042284499 ],
         "u" : 0
      },
      {
         "d" : 0.061159287983409111,
         "l" : [ 3.4894038448866702, -1.7960963827568901, 0.88500000042284499 ],
         "t" : 0.053736487801730126,
         "u" : 1
      }
   ]
}
