{
   "id" : "id157578",
   "p" : [
      {
         "l" : [ 2.3961999999999999, -3.6131000000000002, 1.9995000000000001 ],
         "u" : 0
      },
      {
         "d" : 1.7407467650407973,
         "l" : [ 3.6705000000000001, -2.4272, 1.9995000000000001 ],
         "u" : 1
      },
      {
         "d" : 2.8502467650407972,
         "l" : [ 3.6705000000000001, -2.4272, 0.89000000000000001 ],
         "u" : 2
      }
   ]
}
