{
   "id" : "id301607",
   "p" : [
      {
         "l" : [ 1.4354341743561401, 2.4672047001934798, 0.639988 ],
         "u" : 0
      },
      {
         "d" : 1.485012,
         "l" : [ 1.4354341743561401, 2.4672047001934798, 2.125 ],
         "u" : 1
      }
   ]
}
