{
   "id" : "id305475",
   "p" : [
      {
         "l" : [ -0.82719984419056203, -3.4262734631891698, 1.59999999349057 ],
         "u" : 0
      },
      {
         "d" : 0.70499999999999696,
         "l" : [ -0.82719984419056203, -3.4262734631891698, 0.89499999349057302 ],
         "t" : 2.8199999999999878,
         "u" : 1
      }
   ]
}
