{
   "id" : "id180216",
   "p" : [
      {
         "l" : [ -0.3206, -2.8235000000000001, 1.9995000000000001 ],
         "u" : 0
      },
      {
         "d" : 6.5781909010000632,
         "l" : [ -1.2142999999999999, 3.6937000000000002, 1.9995000000000001 ],
         "u" : 1
      },
      {
         "d" : 7.9526909010000635,
         "l" : [ -1.2142999999999999, 3.6937000000000002, 0.625 ],
         "u" : 2
      }
   ]
}
