{
   "id" : "id300031",
   "p" : [
      {
         "l" : [ 1.9511790941225, 1.4844524345236101, 0.639988 ],
         "u" : 0
      },
      {
         "d" : 0.016198870663276948,
         "l" : [ 1.9430379703712499, 1.47044795256845, 0.639988 ],
         "t" : 0.0048596611989830838,
         "u" : 1
      },
      {
         "d" : 0.064288170073907164,
         "l" : [ 1.93479914031443, 1.423069662212, 0.639988 ],
         "t" : 0.019286451022172149,
         "u" : 2
      }
   ]
}
