{
   "id" : "id184285",
   "p" : [
      {
         "l" : [ -0.54330000000000001, -2.5432000000000001, 1.3786 ],
         "u" : 0
      },
      {
         "d" : 0.39370000000000011,
         "l" : [ -0.54330000000000001, -2.5432000000000001, 0.9849 ],
         "t" : 2.7608695652173925,
         "u" : 1
      },
      {
         "d" : 0.78737085236273208,
         "l" : [ -0.56610000000000005, -2.9224999999999999, 0.88200000000000001 ],
         "t" : 5.5215347290514183,
         "u" : 2
      }
   ]
}
