{
   "id" : "id164496",
   "p" : [
      {
         "l" : [ -2.4900000000000002, 1.8072999999999999, 0.63 ],
         "u" : 0
      },
      {
         "d" : 0.48559999999999981,
         "l" : [ -2.4900000000000002, 1.3217000000000001, 0.63 ],
         "t" : 3.0268024101392053,
         "u" : 1
      }
   ]
}
