{
   "id" : "id183954",
   "p" : [
      {
         "l" : [ 0.61319999999999997, -3.0312999999999999, 1.5701000000000001 ],
         "u" : 0
      },
      {
         "d" : 0.22969999999999999,
         "l" : [ 0.61319999999999997, -3.0312999999999994, 1.7998000000000001 ],
         "u" : 1.0000000000000002
      },
      {
         "d" : 0.74257781195914452,
         "l" : [ 0.47749999999999998, -2.5367000000000002, 1.7998000000000001 ],
         "u" : 2
      }
   ]
}
