{
   "id" : "id305343",
   "p" : [
      {
         "l" : [ 3.4605545572787699, 1.37356980643544, 0.89499999349057302 ],
         "u" : 0
      },
      {
         "d" : 1.7300000050935391,
         "l" : [ 3.4605545538974485, 1.3735698026261307, 2.6249999934905701 ],
         "u" : 1.0000000007897658
      },
      {
         "d" : 8.1794336601784448,
         "l" : [ -0.82086831427754803, -3.44977060549355, 2.624999993288232 ],
         "u" : 2.000000000197403
      },
      {
         "d" : 9.2044336599761074,
         "l" : [ -0.82086831427754803, -3.44977060549355, 1.59999999349057 ],
         "u" : 3
      }
   ]
}
