{
   "id" : "id183508",
   "p" : [
      {
         "l" : [ 3.4243000000000001, 0.87660000000000005, 1.5044 ],
         "u" : 0
      },
      {
         "d" : 0.39369999999999983,
         "l" : [ 3.4243000000000001, 0.87660000000000005, 1.1107 ],
         "t" : 2.7608695652173907,
         "u" : 1.0000000000000002
      },
      {
         "d" : 0.7873995173987387,
         "l" : [ 3.0312000000000001, 0.8679, 1.1306 ],
         "t" : 5.5217357461342136,
         "u" : 2
      }
   ]
}
