{
   "id" : "id304814",
   "p" : [
      {
         "l" : [ -0.74589916396309797, -3.5998913004191202, 1.59999999349057 ],
         "u" : 0
      },
      {
         "d" : 0.70499999999999696,
         "l" : [ -0.74589916396309797, -3.5998913004191202, 0.89499999349057302 ],
         "t" : 2.8199999999999878,
         "u" : 1
      }
   ]
}
