{
   "id" : "id183884",
   "p" : [
      {
         "l" : [ 0.84130000000000005, -3.0312999999999999, 1.3777999999999999 ],
         "u" : 0
      },
      {
         "d" : 0.27839999999999987,
         "l" : [ 0.84130000000000005, -3.0312999999999999, 1.6561999999999999 ],
         "u" : 1
      },
      {
         "d" : 0.78657671139083063,
         "l" : [ 0.73719999999999997, -2.5339, 1.6561999999999999 ],
         "u" : 2
      }
   ]
}
