{
   "id" : "id295037",
   "p" : [
      {
         "l" : [ -0.83342630108217397, -1.56421734069917, 0.63998799267501005 ],
         "u" : 0
      },
      {
         "d" : 0.057323361833321942,
         "l" : [ -0.89017956479541216, -1.5597566368100513, 0.63998799267501005 ],
         "t" : 0.017197008549996583,
         "u" : 1.9999999997353735
      },
      {
         "d" : 0.73030121788198621,
         "l" : [ -1.5507082134727221, -1.6886018889851639, 0.63998799267501005 ],
         "t" : 0.21909036536459583,
         "u" : 2.9999999999571894
      },
      {
         "d" : 0.78820778680222425,
         "l" : [ -1.60206314526392, -1.71446367847925, 0.63998799267501005 ],
         "t" : 0.23646233604066724,
         "u" : 5
      }
   ]
}
