{
   "id" : "id162927",
   "p" : [
      {
         "l" : [ 1.4211, 1.4458, 0.625 ],
         "u" : 0
      },
      {
         "d" : 0.039338784932937292,
         "l" : [ 1.4086000000000003, 1.4085000000000012, 0.625 ],
         "t" : 0.30649618179148652,
         "u" : 0.99999999999996758
      },
      {
         "d" : 0.078678591909038226,
         "l" : [ 1.4459, 1.421, 0.625 ],
         "t" : 0.6130003265215288,
         "u" : 4
      }
   ]
}
