{
   "id" : "id172769",
   "p" : [
      {
         "l" : [ 0.1605, -3.6436999999999999, 1.4373 ],
         "u" : 0
      },
      {
         "d" : 0.5621999999014311,
         "l" : [ 0.1605, -3.6436999999999999, 1.9994999999014311 ],
         "u" : 0.99999999982467269
      },
      {
         "d" : 5.1581204845567186,
         "l" : [ 3.6436999975567756, -0.64540000210310022, 1.9995000000000001 ],
         "u" : 1.9999999992985691
      },
      {
         "d" : 5.8944204877804394,
         "l" : [ 3.6436999999999999, -0.64539999999999997, 1.2632000000000001 ],
         "u" : 3
      }
   ]
}
