{
   "id" : "id308764",
   "p" : [
      {
         "l" : [ 3.5827275679848598, -1.6716961218061599, 0.88500000042284499 ],
         "u" : 0
      },
      {
         "d" : 0.0079567971082456588,
         "l" : [ 3.5760682386632201, -1.6760501965491801, 0.88500000042284499 ],
         "t" : 0.0047740782649473949,
         "u" : 2
      }
   ]
}
