{
   "id" : "id301624",
   "p" : [
      {
         "l" : [ 1.7344770515268699, 1.5414005912648101, 2.125 ],
         "u" : 0
      },
      {
         "d" : 1.45,
         "l" : [ 1.7344770515268699, 1.5414005912648101, 0.67500000000000004 ],
         "u" : 2
      }
   ]
}
