{
   "id" : "id168504",
   "p" : [
      {
         "l" : [ -3.25, 0.49490000000000001, 0.79549999999999998 ],
         "u" : 0
      },
      {
         "d" : 1.2039999999989095,
         "l" : [ -3.25, 0.49490000000000001, 1.9994999999989094 ],
         "u" : 0.99999999999909417
      },
      {
         "d" : 5.2681766905771319,
         "l" : [ -0.38250000761854436, 3.3749999923479792, 1.9995000000000001 ],
         "u" : 1.9999999973431406
      },
      {
         "d" : 6.7116767013750778,
         "l" : [ -0.38250000000000001, 3.375, 0.55600000000000005 ],
         "u" : 3
      }
   ]
}
