{
   "id" : "id310656",
   "p" : [
      {
         "l" : [ 2.5552669387013398, -1.9419023010335199, 0.88500000042284499 ],
         "u" : 0
      },
      {
         "d" : 0.1154754761489955,
         "l" : [ 2.4480362967835498, -1.8990516881355, 0.88500000042284499 ],
         "t" : 0.10146041133053729,
         "u" : 1
      }
   ]
}
