{
   "id" : "id175640",
   "p" : [
      {
         "l" : [ -0.3901, -3.6436999999999999, 1.0709 ],
         "u" : 0
      },
      {
         "d" : 0.92860000277445143,
         "l" : [ -0.39009999795491535, -3.6436999981251108, 1.9995000000000001 ],
         "u" : 1.0000000005069871
      },
      {
         "d" : 6.4010296296088391,
         "l" : [ 3.6436999999999999, 0.054399999999999997, 1.9994999999067387 ],
         "u" : 2.0000000001267311
      },
      {
         "d" : 7.1369296295155777,
         "l" : [ 3.6436999999999999, 0.054399999999999997, 1.2636000000000001 ],
         "u" : 3
      }
   ]
}
