{
   "id" : "id292384",
   "p" : [
      {
         "l" : [ -2.5420582439525998, 1.2249852768839899, 0.62519998902875196 ],
         "u" : 0
      },
      {
         "d" : 0.27480001097124807,
         "l" : [ -2.5420582439525998, 1.2249852768839899, 0.90000000000000002 ],
         "t" : 0.16488000658274884,
         "u" : 1
      }
   ]
}
