{
   "id" : "id308363",
   "p" : [
      {
         "l" : [ 3.6616340019282299, -1.30417576453085, 3.0000000004228502 ],
         "u" : 0
      },
      {
         "d" : 1,
         "l" : [ 3.6616340019282299, -1.30417576453085, 2.0000000004228502 ],
         "u" : 2
      }
   ]
}
