{
   "id" : "id157892",
   "p" : [
      {
         "l" : [ 1.4975000000000001, -3.3123, 0.89000000000000001 ],
         "u" : 0
      },
      {
         "d" : 1.1095000000000002,
         "l" : [ 1.4975000000000001, -3.3123, 1.9995000000000001 ],
         "u" : 1
      }
   ]
}
