{
   "id" : "id177998",
   "p" : [
      {
         "l" : [ -0.19950000000000001, -1.0468999999999999, 1.3090999999999999 ],
         "u" : 0
      },
      {
         "d" : 0.69040000022289549,
         "l" : [ -0.19949999979613697, -1.0468999999098763, 1.9995000000000001 ],
         "u" : 1.0000000000530451
      },
      {
         "d" : 4.8923979970149221,
         "l" : [ 3.6436999920463733, 0.65209999648386463, 1.9995000000000001 ],
         "u" : 1.9999999979304677
      },
      {
         "d" : 5.6784980057110923,
         "l" : [ 3.6436999999999999, 0.65210000000000001, 1.2134 ],
         "u" : 3
      }
   ]
}
