{
   "id" : "id305585",
   "p" : [
      {
         "l" : [ -0.83355338697838399, -3.3958335418721601, 1.59999999349057 ],
         "u" : 0
      },
      {
         "d" : 0.70499999999999696,
         "l" : [ -0.83355338697838399, -3.3958335418721601, 0.89499999349057302 ],
         "t" : 2.8199999999999878,
         "u" : 1
      }
   ]
}
