{
   "id" : "id297127",
   "p" : [
      {
         "l" : [ -2.18823642475488, 2.0415977389504598, 0.639988 ],
         "u" : 0
      },
      {
         "d" : 0.039218059431679331,
         "l" : [ -2.1712911729742581, 2.0062294674677021, 0.639988 ],
         "t" : 0.011765417829503799,
         "u" : 0.99999999999655298
      },
      {
         "d" : 0.071877234105367865,
         "l" : [ -2.1528227909190631, 1.9792936074548912, 0.639988 ],
         "t" : 0.021563170231610362,
         "u" : 1.9999999994345437
      },
      {
         "d" : 0.16677188671382473,
         "l" : [ -2.0637745079176102, 1.9465003400433201, 0.639988 ],
         "t" : 0.050031566014147419,
         "u" : 3
      }
   ]
}
