{
   "id" : "id292106",
   "p" : [
      {
         "l" : [ -2.0834522248036098, 2.4154371741209899, 0.62999999086678904 ],
         "u" : 0
      },
      {
         "d" : 0.060254009309451032,
         "l" : [ -2.0602850173756848, 2.3598150010474077, 0.62999999086678904 ],
         "t" : 0.0072304811171341231,
         "u" : 1.0000000000265623
      },
      {
         "d" : 0.21028832131621428,
         "l" : [ -1.9162749903409206, 2.4019030859736135, 0.62999999086678904 ],
         "t" : 0.025234598557945707,
         "u" : 2.0000000000066342
      },
      {
         "d" : 0.24153336757059771,
         "l" : [ -1.9103403620902399, 2.4325793488321299, 0.62999999086678904 ],
         "t" : 0.028984004108471718,
         "u" : 3
      }
   ]
}
