{
   "id" : "id299522",
   "p" : [
      {
         "l" : [ 1.70012788608604, 1.61410224930126, 0.639988 ],
         "u" : 0
      },
      {
         "d" : 0.032550247246926109,
         "l" : [ 1.681539398147591, 1.5874692176944862, 0.639988 ],
         "t" : 0.0097650741740778323,
         "u" : 1.9999999999938445
      },
      {
         "d" : 0.2325936824692193,
         "l" : [ 1.5958120781750076, 1.4068635005180503, 0.639988 ],
         "t" : 0.069778104740765776,
         "u" : 3.999999999987689
      },
      {
         "d" : 0.30145061682559837,
         "l" : [ 1.6022572130508399, 1.3383088679584101, 0.639988 ],
         "t" : 0.090435185047679501,
         "u" : 5
      }
   ]
}
