{
   "id" : "id160186",
   "p" : [
      {
         "l" : [ 1.1117999999999999, -3.5148999999999999, 1.9995000000000001 ],
         "u" : 0
      },
      {
         "d" : 3.1761823137219314,
         "l" : [ 3.6133000000000002, -1.5577000000000001, 1.9995000000000001 ],
         "u" : 1
      },
      {
         "d" : 3.9838823137219315,
         "l" : [ 3.6133000000000002, -1.5577000000000001, 1.1918 ],
         "u" : 2
      }
   ]
}
