{
   "id" : "id303871",
   "p" : [
      {
         "l" : [ 2.0239524223669498, -2.3119464367974398, 0.63500000000000001 ],
         "u" : 0
      },
      {
         "d" : 0.012597105692439298,
         "l" : [ 2.0289887443835002, -2.3003998991184602, 0.63500000000000001 ],
         "t" : 0.0037791317077317892,
         "u" : 1
      },
      {
         "d" : 0.050325581139420657,
         "l" : [ 2.0487921012429502, -2.2682865854207002, 0.63500000000000001 ],
         "t" : 0.015097674341826198,
         "u" : 2
      }
   ]
}
