{
   "id" : "id295175",
   "p" : [
      {
         "l" : [ -0.86644628149441305, -1.7577505654511101, 0.63998799267501005 ],
         "u" : 0
      },
      {
         "d" : 0.042105315839908869,
         "l" : [ -0.90804389941168151, -1.752328059129671, 0.63998799267501005 ],
         "t" : 0.012631594751972661,
         "u" : 1.9999999999322
      },
      {
         "d" : 0.61631260419851952,
         "l" : [ -1.4808849718177515, -1.7919148721962106, 0.63998799267501005 ],
         "t" : 0.18489378125955586,
         "u" : 3.0000000005674372
      },
      {
         "d" : 0.67249055210309805,
         "l" : [ -1.53359623049019, -1.81024140315812, 0.63998799267501005 ],
         "t" : 0.2017471656309294,
         "u" : 5
      }
   ]
}
