{
   "id" : "id180928",
   "p" : [
      {
         "l" : [ -3, 0.38790000000000002, 1.3967000000000001 ],
         "u" : 0
      },
      {
         "d" : 4.2661384881412365,
         "l" : [ 0.1076, 3.3107000000000002, 1.3967000000000001 ],
         "u" : 1
      },
      {
         "d" : 4.7443384881412367,
         "l" : [ 0.1076, 3.3107000000000002, 0.91849999999999998 ],
         "u" : 2
      }
   ]
}
