{
   "id" : "id160381",
   "p" : [
      {
         "l" : [ 0.1288, -3.4563000000000001, 1.4431 ],
         "u" : 0
      },
      {
         "d" : 0.55639999999999989,
         "l" : [ 0.1288, -3.4563000000000001, 1.9995000000000001 ],
         "u" : 1
      }
   ]
}
