{
   "id" : "id163224",
   "p" : [
      {
         "l" : [ 1.4212, 2.5, 0.625 ],
         "u" : 0
      },
      {
         "d" : 0.039300000000001487,
         "l" : [ 1.3818999999999999, 2.4999999999999987, 0.625 ],
         "t" : 0.30619400077913117,
         "u" : 1.0000000000007199
      },
      {
         "d" : 0.078718759623410545,
         "l" : [ 1.3807, 2.4605999999999999, 0.625 ],
         "t" : 0.61331328105501015,
         "u" : 3
      }
   ]
}
