{
   "id" : "id309189",
   "p" : [
      {
         "l" : [ 1.2040251635358299, -3.37057730016594, 0.88500000042284499 ],
         "u" : 0
      },
      {
         "d" : 1.1149999995178068,
         "l" : [ 1.2040251635358299, -3.37057730016594, 1.9999999999406519 ],
         "u" : 1.9999999987141377
      },
      {
         "d" : 3.9027260825069225,
         "l" : [ 3.5186812907103402, -1.81694165303922, 2.0000000004228502 ],
         "u" : 3
      }
   ]
}
