{
   "id" : "id297831",
   "p" : [
      {
         "l" : [ -2.10595948255673, 1.68786265827642, 0.639988 ],
         "u" : 0
      },
      {
         "d" : 0.032586289055699318,
         "l" : [ -2.1351525413187269, 1.7021784704714933, 0.639988 ],
         "t" : 0.0097758867167097949,
         "u" : 1.9999999999125171
      },
      {
         "d" : 0.27422156982350859,
         "l" : [ -2.3658245517559977, 1.7741370176535953, 0.639988 ],
         "t" : 0.082266470947052583,
         "u" : 2.9999999999629661
      },
      {
         "d" : 0.32470774040036643,
         "l" : [ -2.4159389341238402, 1.7773450115954901, 0.639988 ],
         "t" : 0.097412322120109932,
         "u" : 5
      }
   ]
}
