{
   "id" : "id161603",
   "p" : [
      {
         "l" : [ -0.72170000000000001, -1.0293000000000001, 0.63 ],
         "u" : 0
      },
      {
         "d" : 1.369500000015798,
         "l" : [ -0.72170000000321965, -1.0293000000154664, 1.9995000000000001 ],
         "u" : 1.0000000000305176
      },
      {
         "d" : 1.88716445697067,
         "l" : [ -0.82720000000000005, -1.5361, 1.9994999999896277 ],
         "u" : 2.0000000000076295
      },
      {
         "d" : 3.246664456960298,
         "l" : [ -0.82720000000000005, -1.5361, 0.64000000000000001 ],
         "u" : 3
      }
   ]
}
