{
   "id" : "id274075",
   "p" : [
      {
         "l" : [ 2.9352, 0.93730000000000002, 0.98819999999999997 ],
         "u" : 0
      },
      {
         "d" : 1.0113000000000001,
         "l" : [ 2.9352, 0.93730000000000002, 1.9995000000000001 ],
         "u" : 1
      }
   ]
}
