{
   "id" : "id272116",
   "p" : [
      {
         "l" : [ 2.9352, -1.5185, 1.9995000000000001 ],
         "u" : 0
      },
      {
         "d" : 0.24845623357042163,
         "l" : [ 2.7147000000000001, -1.633, 1.9995000000000001 ],
         "u" : 0.99999999999999989
      },
      {
         "d" : 1.3167562335704217,
         "l" : [ 2.7147000000000001, -1.633, 0.93120000000000003 ],
         "u" : 2
      }
   ]
}
