{
   "id" : "id306789",
   "p" : [
      {
         "l" : [ 2.3165071558741599, 1.3719243876956499, 0.89499999349057302 ],
         "u" : 0
      },
      {
         "d" : 1.7300000040563148,
         "l" : [ 2.316507153380424, 1.3719243844964319, 2.6249999934905701 ],
         "u" : 1.0000000007897663
      },
      {
         "d" : 6.8660992508573395,
         "l" : [ -0.84105471124613196, -2.6789173233425299, 2.624999993288232 ],
         "u" : 2.000000000197403
      },
      {
         "d" : 7.8910992506550013,
         "l" : [ -0.84105471124613196, -2.6789173233425299, 1.59999999349057 ],
         "u" : 3
      }
   ]
}
