{
   "id" : "id183005",
   "p" : [
      {
         "l" : [ -0.44779999999999998, -2.8332000000000002, 1.0759000000000001 ],
         "u" : 0
      },
      {
         "d" : 0.23619999999999994,
         "l" : [ -0.44779999999999998, -2.8332000000000002, 1.3121 ],
         "t" : 1.6563814866760167,
         "u" : 1
      }
   ]
}
