{
   "id" : "id180281",
   "p" : [
      {
         "l" : [ -3.6937000000000002, 0.50770000000000004, 0.625 ],
         "u" : 0
      },
      {
         "d" : 1.3745000000000001,
         "l" : [ -3.6937000000000002, 0.50770000000000004, 1.9995000000000001 ],
         "u" : 1
      }
   ]
}
