{
   "id" : "id302022",
   "p" : [
      {
         "l" : [ 2.3067838311327602, 1.4683488476869, 0.63500000000000001 ],
         "u" : 0
      },
      {
         "d" : 0.22334148336488829,
         "l" : [ 2.0852704336494399, 1.4950340716880299, 0.63500000000000001 ],
         "t" : 0.067002445009466491,
         "u" : 5
      },
      {
         "d" : 0.72000977728363424,
         "l" : [ 1.6527397807178861, 1.7390273170578885, 0.63500000000000001 ],
         "t" : 0.21600293318509023,
         "u" : 7.9999999996557314
      },
      {
         "d" : 0.76683625341027328,
         "l" : [ 1.6212680302529301, 1.7733999545861401, 0.63500000000000001 ],
         "t" : 0.23005087602308194,
         "u" : 10
      }
   ]
}
