{
   "id" : "id176532",
   "p" : [
      {
         "l" : [ -0.48249999999999998, -3.5956000000000001, 1.05 ],
         "u" : 0
      },
      {
         "d" : 0.94949999999143631,
         "l" : [ -0.48249999999999998, -3.5956000000000001, 1.9994999999914365 ],
         "u" : 0.99999999999098099
      },
      {
         "d" : 6.5927009117039601,
         "l" : [ 3.6436999999906967, 0.25409999999132027, 1.9995000000000001 ],
         "u" : 1.9999999999977454
      },
      {
         "d" : 7.3399009117166836,
         "l" : [ 3.6436999999999999, 0.25409999999999999, 1.2523 ],
         "u" : 3
      }
   ]
}
