{
   "id" : "id307148",
   "p" : [
      {
         "l" : [ 1.8895599942033201, 1.3169790737076601, 0.89499999349057302 ],
         "u" : 0
      },
      {
         "d" : 1.7300000036416918,
         "l" : [ 1.8895599920454218, 1.3169790707741611, 2.6249999934905701 ],
         "u" : 1.000000000789766
      },
      {
         "d" : 6.3411060587733976,
         "l" : [ -0.84276607047932806, -2.3974109649994499, 2.624999993288232 ],
         "u" : 2.000000000197403
      },
      {
         "d" : 7.3661060585710594,
         "l" : [ -0.84276607047932806, -2.3974109649994499, 1.59999999349057 ],
         "u" : 3
      }
   ]
}
