{
   "id" : "id306595",
   "p" : [
      {
         "l" : [ 2.5093355902187202, 1.379239708207, 0.89499999349057302 ],
         "u" : 0
      },
      {
         "d" : 1.7300000042442891,
         "l" : [ 2.5093355875727497, 1.3792397048884373, 2.6249999934905701 ],
         "u" : 1.0000000007897669
      },
      {
         "d" : 7.1041075398297346,
         "l" : [ -0.84098254310505804, -2.8227122492768002, 2.624999993288232 ],
         "u" : 2.000000000197403
      },
      {
         "d" : 8.1291075396273964,
         "l" : [ -0.84098254310505804, -2.8227122492768002, 1.59999999349057 ],
         "u" : 3
      }
   ]
}
