{
   "id" : "id168328",
   "p" : [
      {
         "l" : [ -3.25, 0.47170000000000001, 0.69840000000000002 ],
         "u" : 0
      },
      {
         "d" : 1.3010999999456903,
         "l" : [ -3.25, 0.47170000000000001, 1.9994999999456904 ],
         "u" : 0.99999999995825872
      },
      {
         "d" : 5.4261112841442882,
         "l" : [ -0.28390000049525493, 3.338399999521342, 1.9995000000000001 ],
         "u" : 1.9999999998330282
      },
      {
         "d" : 6.8713112848330482,
         "l" : [ -0.28389999999999999, 3.3384, 0.55430000000000001 ],
         "u" : 3
      }
   ]
}
