{
   "id" : "id276441",
   "p" : [
      {
         "l" : [ 3.1813243226934098, 1.2514710931467099, 0.89500599999999997 ],
         "u" : 0
      },
      {
         "d" : 1.1049940007244272,
         "l" : [ 3.1813243222197327, 1.2514710925985999, 2 ],
         "u" : 1.0000000001220704
      },
      {
         "d" : 7.0394987415183934,
         "l" : [ -0.69903885361266604, -3.2386433983416398, 1.9999999999664313 ],
         "u" : 2.0000000000305169
      },
      {
         "d" : 8.1394987414848252,
         "l" : [ -0.69903885361266604, -3.2386433983416398, 0.90000000000000002 ],
         "u" : 3
      }
   ]
}
