{
   "id" : "id297044",
   "p" : [
      {
         "l" : [ -2.2287221187244701, 2.01312579654584, 0.639988 ],
         "u" : 0
      },
      {
         "d" : 0.10879969715573393,
         "l" : [ -2.1684191201789775, 1.922572827670084, 0.639988 ],
         "t" : 0.032639909146720179,
         "u" : 1.9999999999897446
      },
      {
         "d" : 0.13773410088009286,
         "l" : [ -2.1492322148915015, 1.9009149795689173, 0.639988 ],
         "t" : 0.041320230264027862,
         "u" : 2.9999999997591051
      },
      {
         "d" : 0.22239351628411047,
         "l" : [ -2.06834724193138, 1.87591822446713, 0.639988 ],
         "t" : 0.066718054885233136,
         "u" : 4
      }
   ]
}
