{
   "id" : "id308601",
   "p" : [
      {
         "l" : [ 0.93137828982963, -3.63507532785066, 0.88500000042284499 ],
         "u" : 0
      },
      {
         "d" : 1.114999999517807,
         "l" : [ 0.93137828982963, -3.63507532785066, 1.9999999999406519 ],
         "u" : 1.9999999987141381
      },
      {
         "d" : 4.5358838725908486,
         "l" : [ 3.6545696839802702, -1.56464660399272, 2.0000000004228502 ],
         "u" : 3
      }
   ]
}
