{
   "id" : "id310081",
   "p" : [
      {
         "l" : [ 1.19202092088539, -2.85085285602521, 0.88500000042284499 ],
         "u" : 0
      },
      {
         "d" : 0.11403459323638954,
         "l" : [ 1.2355922808651101, -2.95622930244738, 0.88500000042284499 ],
         "t" : 0.068420755941833722,
         "u" : 2
      }
   ]
}
