{
   "id" : "id181830",
   "p" : [
      {
         "l" : [ 3.4247000000000001, -1.5823, 1.3922000000000001 ],
         "u" : 0
      },
      {
         "d" : 0.39370000000000011,
         "l" : [ 3.4247000000000001, -1.5823, 0.99850000000000005 ],
         "t" : 2.7608695652173925,
         "u" : 1
      },
      {
         "d" : 0.78746748215158657,
         "l" : [ 3.0312000000000001, -1.5946, 1.0062 ],
         "t" : 5.5222123573042552,
         "u" : 2
      }
   ]
}
