{
   "id" : "id292414",
   "p" : [
      {
         "l" : [ -2.8279668136270799, -3.5918112920618501, 2.9749999934905702 ],
         "u" : 0
      },
      {
         "d" : 1.45,
         "l" : [ -2.8279668136270799, -3.5918112920618501, 1.52499999349057 ],
         "u" : 2
      }
   ]
}
