{
   "id" : "id271803",
   "p" : [
      {
         "l" : [ 0.87419999999999998, -3.1499999999999999, 0.875 ],
         "u" : 0
      },
      {
         "d" : 1.1245000000000001,
         "l" : [ 0.87419999999999998, -3.1499999999999999, 1.9995000000000001 ],
         "u" : 1
      }
   ]
}
