{
   "id" : "id297742",
   "p" : [
      {
         "l" : [ -2.0867811638521401, 1.7705081311228901, 0.639988 ],
         "u" : 0
      },
      {
         "d" : 0.29501074398898097,
         "l" : [ -2.3728993320108578, 1.8415861071634398, 0.639988 ],
         "t" : 0.088503223196694292,
         "u" : 3.0000000000457709
      },
      {
         "d" : 0.33823756079568124,
         "l" : [ -2.4159389339725799, 1.84285231084148, 0.639988 ],
         "t" : 0.10147126823870437,
         "u" : 5
      }
   ]
}
