{
   "id" : "id184167",
   "p" : [
      {
         "l" : [ -0.24129999999999999, -3.0312999999999999, 1.5408999999999999 ],
         "u" : 0
      },
      {
         "d" : 0.083300000000000068,
         "l" : [ -0.24129999999999999, -3.0312999999999999, 1.6242000000000001 ],
         "u" : 1
      },
      {
         "d" : 0.59098912732104047,
         "l" : [ -0.3473, -2.5348000000000002, 1.6242000000000001 ],
         "u" : 2
      }
   ]
}
