{
   "id" : "id295695",
   "p" : [
      {
         "l" : [ -0.92076867837865295, -2.1961620436674201, 0.63998799267501005 ],
         "u" : 0
      },
      {
         "d" : 0.50046143334929372,
         "l" : [ -1.4171337845774299, -2.1361704484089201, 0.63998799267501005 ],
         "t" : 0.1501384300047881,
         "u" : 5
      }
   ]
}
