{
   "id" : "id161482",
   "p" : [
      {
         "l" : [ -2.4900000000000002, -0.89459999999999995, 0.63 ],
         "u" : 0
      },
      {
         "d" : 0.55600000000000005,
         "l" : [ -2.4900000000000002, -1.4505999999999999, 0.63 ],
         "t" : 3.4656139621857478,
         "u" : 1
      }
   ]
}
