{
   "id" : "id305145",
   "p" : [
      {
         "l" : [ -0.80247982864066603, -3.5009686414885701, 1.59999999349057 ],
         "u" : 0
      },
      {
         "d" : 0.70499999999999696,
         "l" : [ -0.80247982864066603, -3.5009686414885701, 0.89499999349057302 ],
         "t" : 2.8199999999999878,
         "u" : 1
      }
   ]
}
