{
   "id" : "id302114",
   "p" : [
      {
         "l" : [ 1.42645328551649, 2.0151534915544298, 0.63500000000000001 ],
         "u" : 0
      },
      {
         "d" : 0.013791519067447555,
         "l" : [ 1.4402444572008399, 2.0152513780221, 0.63500000000000001 ],
         "t" : 0.0041374557202342663,
         "u" : 1
      },
      {
         "d" : 0.054852994536101103,
         "l" : [ 1.4793646721320599, 2.0277274972664001, 0.63500000000000001 ],
         "t" : 0.016455898360830327,
         "u" : 2
      }
   ]
}
