{
   "id" : "id307341",
   "p" : [
      {
         "l" : [ -0.83596351680640402, -2.2415817477130999, 1.59999999349057 ],
         "u" : 0
      },
      {
         "d" : 0.70499999999999696,
         "l" : [ -0.83596351680640402, -2.2415817477130999, 0.89499999349057302 ],
         "t" : 2.8199999999999878,
         "u" : 1
      }
   ]
}
