{
   "id" : "id296725",
   "p" : [
      {
         "l" : [ -0.91966522196482203, -2.3315224562166699, 0.63499999267500995 ],
         "u" : 0
      },
      {
         "d" : 0.48560639316609305,
         "l" : [ -1.365406831250243, -2.1388362168651653, 0.63499999267500995 ],
         "t" : 0.1456819179498279,
         "u" : 1.0000000000008566
      },
      {
         "d" : 0.54883169406895294,
         "l" : [ -1.42773087438573, -2.13203613848881, 0.63499999267500995 ],
         "t" : 0.16464950822068586,
         "u" : 3
      }
   ]
}
