{
   "id" : "id305903",
   "p" : [
      {
         "l" : [ -0.84082666199718203, -3.2468373913075501, 1.59999999349057 ],
         "u" : 0
      },
      {
         "d" : 0.70499999999999696,
         "l" : [ -0.84082666199718203, -3.2468373913075501, 0.89499999349057302 ],
         "t" : 2.8199999999999878,
         "u" : 1
      }
   ]
}
