{
   "id" : "id308824",
   "p" : [
      {
         "l" : [ 1.107134514984, -3.4620405311254898, 0.88500000042284499 ],
         "u" : 0
      },
      {
         "d" : 0.069117201448125082,
         "l" : [ 1.0983008158679599, -3.5305876068374502, 0.88500000042284499 ],
         "t" : 0.041470320868875046,
         "u" : 2
      }
   ]
}
