{
   "id" : "id274623",
   "p" : [
      {
         "l" : [ 1.1090996909364499, -3.2594387006505001, 0.89500599999999997 ],
         "u" : 0
      },
      {
         "d" : 1.1049940003426308,
         "l" : [ 1.109099691219372, -3.259438700457236, 2 ],
         "u" : 1.0000000001220704
      },
      {
         "d" : 3.9118251723765951,
         "l" : [ 3.42679588947267, -1.67621870288415, 1.9999999999664313 ],
         "u" : 2.0000000000305169
      },
      {
         "d" : 5.0118251723430269,
         "l" : [ 3.42679588947267, -1.67621870288415, 0.90000000000000002 ],
         "u" : 3
      }
   ]
}
