{
   "id" : "id180205",
   "p" : [
      {
         "l" : [ -0.3206, -2.8235000000000001, 1.2078 ],
         "u" : 0
      },
      {
         "d" : 0.79169999999999996,
         "l" : [ -0.3206, -2.8235000000000001, 1.9995000000000001 ],
         "u" : 1
      }
   ]
}
