{
   "id" : "id160662",
   "p" : [
      {
         "l" : [ -0.085900000000000004, 3.6619999999999999, 1.9995000000000001 ],
         "u" : 0
      },
      {
         "d" : 0.61362953807651732,
         "l" : [ -0.67949999999999999, 3.5065, 1.9995000000000001 ],
         "u" : 1
      },
      {
         "d" : 2.0431295380765175,
         "l" : [ -0.67949999999999999, 3.5065, 0.56999999999999995 ],
         "u" : 2
      }
   ]
}
