{
   "id" : "id183590",
   "p" : [
      {
         "l" : [ 3.4239000000000002, 0.99080000000000001, 1.4016999999999999 ],
         "u" : 0
      },
      {
         "d" : 0.39369999999999977,
         "l" : [ 3.4239000000000002, 0.99080000000000001, 1.008 ],
         "t" : 2.7608695652173902,
         "u" : 0.99999999999999989
      },
      {
         "d" : 0.78742809145398796,
         "l" : [ 3.0312000000000001, 0.98319999999999996, 1.0354000000000001 ],
         "t" : 5.5219361252032826,
         "u" : 2
      }
   ]
}
