{
   "id" : "id160287",
   "p" : [
      {
         "l" : [ 0.91049999999999998, -3.6122000000000001, 1.9995000000000001 ],
         "u" : 0
      },
      {
         "d" : 3.8961556539748257,
         "l" : [ 3.4367000000000001, -0.64600000000000002, 1.9995000000000001 ],
         "u" : 1
      },
      {
         "d" : 4.6271556539748255,
         "l" : [ 3.4367000000000001, -0.64600000000000002, 1.2685 ],
         "u" : 2
      }
   ]
}
