{
   "id" : "id180440",
   "p" : [
      {
         "l" : [ -3, -0.076600000000000001, 1.5775999999999999 ],
         "u" : 0
      },
      {
         "d" : 5.015689421206222,
         "l" : [ 0.68659999999999999, 3.3243, 1.5775999999999999 ],
         "u" : 1
      },
      {
         "d" : 5.6278894212062216,
         "l" : [ 0.68659999999999999, 3.3243, 0.96540000000000004 ],
         "u" : 2
      }
   ]
}
