{
   "id" : "id289626",
   "p" : [
      {
         "l" : [ 2.0396237340491701, -2.5483343451203, 0.90000000000000002 ],
         "u" : 0
      },
      {
         "d" : 0.27480000162551899,
         "l" : [ 2.0396237340491701, -2.5483343451203, 0.62519999837448104 ],
         "t" : 2.7480000162551899,
         "u" : 1
      }
   ]
}
