{
   "id" : "id274185",
   "p" : [
      {
         "l" : [ -2.1875, -2.1875, 0.28000000000000003 ],
         "u" : 0
      },
      {
         "d" : 0.040000000000000036,
         "l" : [ -2.1875, -2.1875, 0.23999999999999999 ],
         "t" : 0.52886734244160472,
         "u" : 1
      }
   ]
}
