{
   "id" : "id184125",
   "p" : [
      {
         "l" : [ -0.10920000000000001, -3.0312999999999999, 1.3753 ],
         "u" : 0
      },
      {
         "d" : 0.23620000000000002,
         "l" : [ -0.10920000000000001, -3.0312999999999999, 1.6114999999999999 ],
         "t" : 1.6563814866760171,
         "u" : 1
      }
   ]
}
