{
   "id" : "id268618",
   "p" : [
      {
         "l" : [ 0.80220000000000002, -2.9352, 1.9995000000000001 ],
         "u" : 0
      },
      {
         "d" : 1.3077064846516588,
         "l" : [ -0.50390000000000001, -3, 1.9995000000000001 ],
         "u" : 1
      },
      {
         "d" : 2.3764064846516586,
         "l" : [ -0.50390000000000001, -3, 0.93079999999999996 ],
         "u" : 2
      }
   ]
}
