{
   "id" : "id183799",
   "p" : [
      {
         "l" : [ 0.98580000000000001, -2.9333999999999998, 0.88200000000000001 ],
         "u" : 0
      },
      {
         "d" : 0.0666012011903694,
         "l" : [ 0.98619999999999997, -3.0000000000000004, 0.88200000000000001 ],
         "t" : 0.29189715642236408,
         "u" : 1.0000000000000122
      },
      {
         "d" : 0.098004863397187891,
         "l" : [ 0.98450000000000004, -3.0312999999999999, 0.88009999999999999 ],
         "t" : 0.42953190678095499,
         "u" : 2
      }
   ]
}
