{
   "id" : "id159700",
   "p" : [
      {
         "l" : [ 3.4750000000000001, 1.2483, 1.9995000000000001 ],
         "u" : 0
      },
      {
         "d" : 0.32524664487124222,
         "l" : [ 3.7736999999999998, 1.377, 1.9995000000000001 ],
         "u" : 1
      },
      {
         "d" : 1.4497466448712424,
         "l" : [ 3.7736999999999998, 1.377, 0.875 ],
         "u" : 2
      }
   ]
}
