{
   "id" : "id281121",
   "p" : [
      {
         "l" : [ -2.5424115632108202, -0.99692804610117802, 0.644999989353499 ],
         "u" : 0
      },
      {
         "d" : 0.062672747057416336,
         "l" : [ -2.51640624846398, -1.0539435539805, 0.644999989353499 ],
         "t" : 0.0075207296468899594,
         "u" : 3
      }
   ]
}
