{
   "id" : "id162996",
   "p" : [
      {
         "l" : [ 1.4309000000000001, 2.4900000000000002, 0.625 ],
         "u" : 0
      },
      {
         "d" : 0.03930000000000021,
         "l" : [ 1.3915999999999999, 2.4900000000000002, 0.625 ],
         "t" : 0.30619400077912123,
         "u" : 1.0000000000000013
      },
      {
         "d" : 0.078718269875782509,
         "l" : [ 1.3904000000000001, 2.4506000000000001, 0.625 ],
         "t" : 0.61330946533527464,
         "u" : 2
      }
   ]
}
