{
   "id" : "id166270",
   "p" : [
      {
         "l" : [ 1.0177, -3.3999999999999999, 1.9995000000000001 ],
         "u" : 0
      },
      {
         "d" : 1.1008942546857077,
         "l" : [ 1.4781, -2.3999999999999999, 1.9995000000000001 ],
         "u" : 0.99999999999999989
      },
      {
         "d" : 2.2253942546857077,
         "l" : [ 1.4781, -2.3999999999999999, 0.875 ],
         "u" : 2
      }
   ]
}
