{
   "id" : "id310114",
   "p" : [
      {
         "l" : [ 3.2127617394102601, -1.9424166240934699, 2.0000000004228502 ],
         "u" : 0
      },
      {
         "d" : 1.1150000000000053,
         "l" : [ 3.2127617394102601, -1.9424166240934699, 0.88500000042284499 ],
         "t" : 3.3450000000000162,
         "u" : 1
      }
   ]
}
