{
   "id" : "id277699",
   "p" : [
      {
         "l" : [ 1.9043175264949901, 1.1554034730577201, 0.89500599999999997 ],
         "u" : 0
      },
      {
         "d" : 0.087345632749540561,
         "l" : [ 1.97563692885775, 1.2058243017066499, 0.89500599999999997 ],
         "t" : 0.010481475929944866,
         "u" : 3
      }
   ]
}
