{
   "id" : "id284840",
   "p" : [
      {
         "l" : [ 1.08023190830416, 0.99458460371854696, 0.64499999755279103 ],
         "u" : 0
      },
      {
         "d" : 0.97486536709791549,
         "l" : [ 1.6499666983466597, 1.7856156269825212, 0.64499999755279103 ],
         "t" : 0.11698384405174984,
         "u" : 3.0000000002360521
      },
      {
         "d" : 1.0440331213350991,
         "l" : [ 1.6640565126181499, 1.8521905479565299, 0.64499999755279103 ],
         "t" : 0.12528397456021187,
         "u" : 5
      }
   ]
}
