{
   "id" : "id278761",
   "p" : [
      {
         "l" : [ -3.71875, -0.28125, 2 ],
         "u" : 0
      },
      {
         "d" : 1.7827,
         "l" : [ -3.71875, -0.28125, 0.21729999999999999 ],
         "t" : 17.826999999999998,
         "u" : 1
      }
   ]
}
