{
   "id" : "id310819",
   "p" : [
      {
         "l" : [ 1.28307800410533, -2.31238268888651, 0.88500000042284499 ],
         "u" : 0
      },
      {
         "d" : 2.0899999930677251,
         "l" : [ 1.28307800410533, -2.31238268888651, 2.9749999934905702 ],
         "u" : 1
      }
   ]
}
