{
   "id" : "id181811",
   "p" : [
      {
         "l" : [ 0.96619999999999995, -2.8367, 0.88200000000000001 ],
         "u" : 0
      },
      {
         "d" : 0.23620000000000002,
         "l" : [ 0.96619999999999995, -2.8367, 1.1182000000000001 ],
         "t" : 1.6563814866760171,
         "u" : 1
      }
   ]
}
