{
   "id" : "id164825",
   "p" : [
      {
         "l" : [ -2.3900000000000001, 1.7466999999999999, 0.625 ],
         "u" : 0
      },
      {
         "d" : 1.374500000010489,
         "l" : [ -2.3900000000019195, 1.7466999999896879, 1.9995000000000001 ],
         "u" : 1.0000000000305176
      },
      {
         "d" : 1.7182045533697945,
         "l" : [ -2.4529000000000001, 1.4088000000000001, 1.9994999999896277 ],
         "u" : 2.0000000000076295
      },
      {
         "d" : 3.0777045533594221,
         "l" : [ -2.4529000000000001, 1.4088000000000001, 0.64000000000000001 ],
         "u" : 3
      }
   ]
}
