{
   "id" : "id308411",
   "p" : [
      {
         "l" : [ 3.62091556442823, -1.40212391205805, 0.88500000042284499 ],
         "u" : 0
      },
      {
         "d" : 0.0079567971082411086,
         "l" : [ 3.61802710876669, -1.40953751157334, 0.88500000042284499 ],
         "t" : 0.0047740782649446653,
         "u" : 2
      }
   ]
}
