{
   "id" : "id271045",
   "p" : [
      {
         "l" : [ -3, -0.3634, 1.9995000000000001 ],
         "u" : 0
      },
      {
         "d" : 3.8096861498028947,
         "l" : [ -1.413, 3.1000000000000001, 1.9995000000000001 ],
         "u" : 1
      },
      {
         "d" : 4.9982861498028948,
         "l" : [ -1.413, 3.1000000000000001, 0.81089999999999995 ],
         "u" : 2
      }
   ]
}
