{
   "id" : "id274331",
   "p" : [
      {
         "l" : [ 2.1875, 2.1875, 0.39000000000000001 ],
         "u" : 0
      },
      {
         "d" : 1.6095000000000002,
         "l" : [ 2.1875, 2.1875, 1.9995000000000001 ],
         "u" : 2
      }
   ]
}
