{
   "id" : "id157974",
   "p" : [
      {
         "l" : [ 1.4296, -3.3155999999999999, 1.9995000000000001 ],
         "u" : 0
      },
      {
         "d" : 2.6899945817789295,
         "l" : [ 3.6749999999999998, -1.8343, 1.9995000000000001 ],
         "u" : 1
      },
      {
         "d" : 3.7994945817789296,
         "l" : [ 3.6749999999999998, -1.8343, 0.89000000000000001 ],
         "u" : 2
      }
   ]
}
