{
   "id" : "id183834",
   "p" : [
      {
         "l" : [ 0.92610000000000003, -2.9306000000000001, 1.0193000000000001 ],
         "u" : 0
      },
      {
         "d" : 0.069400144092069266,
         "l" : [ 0.92620000000000002, -3, 1.0192000000000001 ],
         "t" : 0.3041642546036637,
         "u" : 1
      },
      {
         "d" : 0.1007692371615221,
         "l" : [ 0.92500000000000004, -3.0312999999999999, 1.0175000000000001 ],
         "t" : 0.44164749669038172,
         "u" : 2
      }
   ]
}
