{
   "id" : "id288358",
   "p" : [
      {
         "l" : [ 2.40309383266694, -1.92561656936418, 0.64499999665505003 ],
         "u" : 0
      },
      {
         "d" : 0.70852469469717971,
         "l" : [ 1.8789415178587774, -2.4011825908000115, 0.64499999665505003 ],
         "t" : 0.085022963363661566,
         "u" : 3.0000000013930159
      },
      {
         "d" : 0.75121597751857128,
         "l" : [ 1.8559534488594318, -2.4371561131826947, 0.64499999665505003 ],
         "t" : 0.090145917302228554,
         "u" : 3.9999999998202616
      },
      {
         "d" : 0.86836058411540173,
         "l" : [ 1.90737474853039, -2.5424115586190901, 0.64499999665505003 ],
         "t" : 0.10420327009384821,
         "u" : 5
      }
   ]
}
