{
   "id" : "id164657",
   "p" : [
      {
         "l" : [ -2.29, 1.6428, 0.625 ],
         "u" : 0
      },
      {
         "d" : 0.039400000000094235,
         "l" : [ -2.289999999999949, 1.603400000000079, 0.625 ],
         "t" : 0.30697312037471164,
         "u" : 1.0000000000046489
      },
      {
         "d" : 0.078068554450927474,
         "l" : [ -2.2696999999999998, 1.6363000000000001, 0.625 ],
         "t" : 0.60824740514941555,
         "u" : 3
      }
   ]
}
