{
   "id" : "id183791",
   "p" : [
      {
         "l" : [ 0.98299999999999998, -2.5453999999999999, 1.3422000000000001 ],
         "u" : 0
      },
      {
         "d" : 0.39370000000000005,
         "l" : [ 0.98299999999999998, -2.5453999999999999, 0.94850000000000001 ],
         "t" : 2.760869565217392,
         "u" : 1
      },
      {
         "d" : 0.78736748659242861,
         "l" : [ 0.98580000000000001, -2.9333999999999998, 0.88200000000000001 ],
         "t" : 5.521511126174115,
         "u" : 2
      }
   ]
}
