{
   "id" : "id268607",
   "p" : [
      {
         "l" : [ 0.80220000000000002, -2.9352, 1.0295000000000001 ],
         "u" : 0
      },
      {
         "d" : 0.96999999999999986,
         "l" : [ 0.80220000000000002, -2.9352, 1.9995000000000001 ],
         "u" : 1
      }
   ]
}
