{
   "id" : "id276974",
   "p" : [
      {
         "l" : [ -0.71551009773835506, -2.9234889873379499, 0.89500599999999997 ],
         "u" : 0
      },
      {
         "d" : 0.086270490062336211,
         "l" : [ -0.68186078086682, -2.8440514588663599, 0.89500599999999997 ],
         "t" : 0.58820788678865599,
         "u" : 1
      }
   ]
}
