{
   "id" : "id293829",
   "p" : [
      {
         "l" : [ -1.66831905046645, -1.64314913458727, 0.63998799267501005 ],
         "u" : 0
      },
      {
         "d" : 0.058913581424781411,
         "l" : [ -1.6384908458275296, -1.5928429875352879, 0.63998799267501005 ],
         "t" : 0.017674074427434423,
         "u" : 1.9999999998858975
      },
      {
         "d" : 0.80053010776064681,
         "l" : [ -1.4503305376892011, -0.87549316312909042, 0.63998799267501005 ],
         "t" : 0.24015903232819405,
         "u" : 2.9999999999759734
      },
      {
         "d" : 0.86665688211324177,
         "l" : [ -1.4540470906510701, -0.810080619462197, 0.63998799267501005 ],
         "t" : 0.25999706463397254,
         "u" : 5
      }
   ]
}
