{
   "id" : "id167825",
   "p" : [
      {
         "l" : [ -3.25, 0.29349999999999998, 0.4632 ],
         "u" : 0
      },
      {
         "d" : 1.5363000020287945,
         "l" : [ -3.2499999985240953, 0.2935000013920176, 1.9995000000000001 ],
         "u" : 1.0000000004517338
      },
      {
         "d" : 6.0274288215162191,
         "l" : [ 0.0172, 3.375, 1.999499999838162 ],
         "u" : 2.0000000001129208
      },
      {
         "d" : 7.4606288213543808,
         "l" : [ 0.0172, 3.375, 0.56630000000000003 ],
         "u" : 3
      }
   ]
}
