{
   "id" : "id302778",
   "p" : [
      {
         "l" : [ 2.0572019735605198, -2.0616971931180101, 0.639988 ],
         "u" : 0
      },
      {
         "d" : 0.019825676071912084,
         "l" : [ 2.05541303849165, -2.0814419935228701, 0.639988 ],
         "t" : 0.0059477028215736251,
         "u" : 1
      },
      {
         "d" : 0.078372656132576143,
         "l" : [ 2.07514043256284, -2.1365652989152699, 0.639988 ],
         "t" : 0.023511796839772843,
         "u" : 2
      }
   ]
}
