{
   "id" : "id275275",
   "p" : [
      {
         "l" : [ -0.25838180949955503, -3.4487871551513698, 0.89500599999999997 ],
         "u" : 0
      },
      {
         "d" : 0.0076437055021962158,
         "l" : [ -0.26549035247594099, -3.4459788178533501, 0.89500599999999997 ],
         "t" : 0.00091724466026354588,
         "u" : 2
      }
   ]
}
