{
   "id" : "id162339",
   "p" : [
      {
         "l" : [ -0.71209999999999996, -1.0321, 1.9995000000000001 ],
         "u" : 0
      },
      {
         "d" : 3.4822644083986503,
         "l" : [ 1.4858, 1.6689000000000001, 1.9995000000000001 ],
         "u" : 1
      },
      {
         "d" : 4.5521644083986503,
         "l" : [ 1.4858, 1.6689000000000001, 0.92959999999999998 ],
         "u" : 2
      }
   ]
}
