{
   "id" : "id295315",
   "p" : [
      {
         "l" : [ -0.88732278723952596, -1.8875541006849901, 0.63998799267501005 ],
         "u" : 0
      },
      {
         "d" : 0.55023359018985818,
         "l" : [ -1.4371000905283831, -1.8936791507897608, 0.63998799267501005 ],
         "t" : 0.16507007705695745,
         "u" : 2.999999999976966
      },
      {
         "d" : 0.59811942107490912,
         "l" : [ -1.48332019679983, -1.9052905860327001, 0.63998799267501005 ],
         "t" : 0.17943582632247274,
         "u" : 5
      }
   ]
}
