{
   "id" : "id271814",
   "p" : [
      {
         "l" : [ 0.87419999999999998, -3.1499999999999999, 1.9995000000000001 ],
         "u" : 0
      },
      {
         "d" : 2.6115732116867796,
         "l" : [ 3, -1.633, 1.9995000000000001 ],
         "u" : 1
      },
      {
         "d" : 3.6798732116867798,
         "l" : [ 3, -1.633, 0.93120000000000003 ],
         "u" : 2
      }
   ]
}
