{
   "id" : "id181150",
   "p" : [
      {
         "l" : [ -2.351, 0.51659999999999995, 1.6185 ],
         "u" : 0
      },
      {
         "d" : 3.5307819034882342,
         "l" : [ -0.18160000000000001, 3.3022999999999998, 1.6185 ],
         "u" : 1
      },
      {
         "d" : 4.2344819034882342,
         "l" : [ -0.18160000000000001, 3.3022999999999998, 0.91479999999999995 ],
         "u" : 2
      }
   ]
}
