{
   "id" : "id301093",
   "p" : [
      {
         "l" : [ 1.39798643483303, 1.93166735148969, 0.639988 ],
         "u" : 0
      },
      {
         "d" : 0.018663900922314746,
         "l" : [ 1.4145994300771101, 1.9231614954682099, 0.639988 ],
         "t" : 0.005599170276694424,
         "u" : 1
      },
      {
         "d" : 0.073879662728106754,
         "l" : [ 1.46969967851975, 1.9195917653168799, 0.639988 ],
         "t" : 0.022163898818432025,
         "u" : 2
      }
   ]
}
