{
   "id" : "id310311",
   "p" : [
      {
         "l" : [ 1.2356340978518601, -2.8322263910435201, 0.88500000042284499 ],
         "u" : 0
      },
      {
         "d" : 1.1149999995178066,
         "l" : [ 1.2356340978518601, -2.8322263910435201, 1.9999999999406517 ],
         "u" : 1.9999999987141375
      },
      {
         "d" : 3.1233685669921654,
         "l" : [ 3.0361360493703198, -1.9424303338144699, 2.0000000004228502 ],
         "u" : 3
      }
   ]
}
