{
   "id" : "id303238",
   "p" : [
      {
         "l" : [ 1.7469077910062101, -2.4159389353928602, 0.639988 ],
         "u" : 0
      },
      {
         "d" : 0.2681873485796189,
         "l" : [ 1.7394958395020343, -2.1479915394000679, 0.639988 ],
         "t" : 0.080456204573885665,
         "u" : 3.0000000000111688
      },
      {
         "d" : 0.32267799604217234,
         "l" : [ 1.72380362109726, -2.0961633847358101, 0.639988 ],
         "t" : 0.096803398812651695,
         "u" : 5
      }
   ]
}
