{
   "id" : "id303456",
   "p" : [
      {
         "l" : [ 1.57236262821509, -2.4159389353332799, 0.639988 ],
         "u" : 0
      },
      {
         "d" : 0.15410884617260706,
         "l" : [ 1.5824986224723585, -2.2621851494090013, 0.639988 ],
         "t" : 0.046232653851782116,
         "u" : 3.0000000000011124
      },
      {
         "d" : 0.17990856510332434,
         "l" : [ 1.5809455327718522, -2.2364322192983095, 0.639988 ],
         "t" : 0.0539725695309973,
         "u" : 3.9999999997216102
      },
      {
         "d" : 0.25578792791617933,
         "l" : [ 1.54148828461494, -2.1716186152583998, 0.639988 ],
         "t" : 0.076736378374853795,
         "u" : 5
      }
   ]
}
