{
   "id" : "id304241",
   "p" : [
      {
         "l" : [ -0.64681039572835797, -3.69929116087535, 2.9999999934905701 ],
         "u" : 0
      },
      {
         "d" : 1.4000000000000001,
         "l" : [ -0.64681039572835797, -3.69929116087535, 1.59999999349057 ],
         "u" : 2
      }
   ]
}
