{
   "id" : "id183716",
   "p" : [
      {
         "l" : [ 1.0423, 0.6875, 0.88200000000000001 ],
         "u" : 0
      },
      {
         "d" : 0.23620000000000002,
         "l" : [ 1.0423, 0.6875, 1.1182000000000001 ],
         "t" : 1.6563814866760171,
         "u" : 1
      }
   ]
}
