{
   "id" : "id275017",
   "p" : [
      {
         "l" : [ 1.09870238862084, -2.6909572322551498, 0.89500599999999997 ],
         "u" : 0
      },
      {
         "d" : 0.094185153652273257,
         "l" : [ 1.13533937616571, -2.7777211994990298, 0.89500599999999997 ],
         "t" : 0.011302218438272791,
         "u" : 3
      }
   ]
}
