{
   "id" : "id182490",
   "p" : [
      {
         "l" : [ 3.4247000000000001, -0.60370000000000001, 1.6512 ],
         "u" : 0
      },
      {
         "d" : 0.39369999999999999,
         "l" : [ 3.4247000000000001, -0.60370000000000001, 1.2575000000000001 ],
         "t" : 2.7608695652173916,
         "u" : 1.0000000000000004
      },
      {
         "d" : 0.78739697738235137,
         "l" : [ 3.0312000000000001, -0.61219999999999997, 1.2665999999999999 ],
         "t" : 5.5217179339575839,
         "u" : 2
      }
   ]
}
