{
   "id" : "id278822",
   "p" : [
      {
         "l" : [ -1.12740877453258, -1.15791382364055, 2 ],
         "u" : 0
      },
      {
         "d" : 1.0749999999999997,
         "l" : [ -1.12740877453258, -1.15791382364055, 0.92500000000000004 ],
         "u" : 2
      }
   ]
}
