{
   "id" : "id174340",
   "p" : [
      {
         "l" : [ -0.21110000000000001, -3.6436999999999999, 1.3072999999999999 ],
         "u" : 0
      },
      {
         "d" : 0.69219999991551329,
         "l" : [ -0.21110000000000001, -3.6436999999999999, 1.9994999999155132 ],
         "u" : 0.99999999987794441
      },
      {
         "d" : 5.830998133242022,
         "l" : [ 3.6436999981177745, -0.24550000165927641, 1.9995000000000001 ],
         "u" : 1.999999999511719
      },
      {
         "d" : 6.5595981357511999,
         "l" : [ 3.6436999999999999, -0.2455, 1.2708999999999999 ],
         "u" : 3
      }
   ]
}
