{
   "id" : "id285187",
   "p" : [
      {
         "l" : [ 1.5912819109713501, 1.4020461657144501, 2 ],
         "u" : 0
      },
      {
         "d" : 1.3100000000000001,
         "l" : [ 1.5912819109713501, 1.4020461657144501, 0.68999999999999995 ],
         "u" : 2
      }
   ]
}
