{
   "id" : "id161336",
   "p" : [
      {
         "l" : [ -1.29, -2.25, 0.63 ],
         "u" : 0
      },
      {
         "d" : 0.039999999999999918,
         "l" : [ -1.29, -2.29, 0.63 ],
         "t" : 0.31164783794312367,
         "u" : 0.99999999999999722
      },
      {
         "d" : 0.079400000000000082,
         "l" : [ -1.2505999999999999, -2.29, 0.63 ],
         "t" : 0.61862095831710229,
         "u" : 2
      }
   ]
}
