{
   "id" : "id305034",
   "p" : [
      {
         "l" : [ -0.78517222598285497, -3.5374433962465801, 1.59999999349057 ],
         "u" : 0
      },
      {
         "d" : 0.70499999999999696,
         "l" : [ -0.78517222598285497, -3.5374433962465801, 0.89499999349057302 ],
         "t" : 2.8199999999999878,
         "u" : 1
      }
   ]
}
