{
   "id" : "id274432",
   "p" : [
      {
         "l" : [ 3.4487862014770498, -1.3827623448008901, 0.89500599999999997 ],
         "u" : 0
      },
      {
         "d" : 0.0076437055021905068,
         "l" : [ 3.4459778641790302, -1.3898708877772701, 0.89500599999999997 ],
         "t" : 0.00091724466026286077,
         "u" : 2
      }
   ]
}
