{
   "id" : "id175191",
   "p" : [
      {
         "l" : [ -0.34449999999999997, -3.6436999999999999, 1.1597 ],
         "u" : 0
      },
      {
         "d" : 0.83980000335745364,
         "l" : [ -0.34449999750716753, -3.6436999977509377, 1.9995000000000001 ],
         "u" : 1.000000000625052
      },
      {
         "d" : 6.2112786121913359,
         "l" : [ 3.6436999999999999, -0.045499999999999999, 1.9994999998856018 ],
         "u" : 2.000000000156239
      },
      {
         "d" : 6.9434786120769374,
         "l" : [ 3.6436999999999999, -0.045499999999999999, 1.2673000000000001 ],
         "u" : 3
      }
   ]
}
