{
   "id" : "id308620",
   "p" : [
      {
         "l" : [ 3.6545696839802702, -1.56464660399272, 2.0000000004228502 ],
         "u" : 0
      },
      {
         "d" : 1.1150000000000053,
         "l" : [ 3.6545696839802702, -1.56464660399272, 0.88500000042284499 ],
         "t" : 3.3450000000000162,
         "u" : 1
      }
   ]
}
