{
   "id" : "id183236",
   "p" : [
      {
         "l" : [ -0.5444, -2.8315000000000001, 1.1182000000000001 ],
         "u" : 0
      },
      {
         "d" : 0.50390000000000001,
         "l" : [ -0.5444, -2.8315000000000001, 1.6221000000000001 ],
         "u" : 1
      },
      {
         "d" : 5.6530732501441427,
         "l" : [ 3.4245999999999999, 0.44890000000000002, 1.6221000000000001 ],
         "u" : 2
      }
   ]
}
