{
   "id" : "id181615",
   "p" : [
      {
         "l" : [ -1.2109000000000001, 2.1614, 0.62570000000000003 ],
         "u" : 0
      },
      {
         "d" : 0.99999999999999989,
         "l" : [ -1.2109000000000001, 2.1614, 1.6256999999999999 ],
         "t" : 7.0126227208976157,
         "u" : 1
      }
   ]
}
