{
   "id" : "id183331",
   "p" : [
      {
         "l" : [ -0.49619999999999997, -1.7453000000000001, 1.1182000000000001 ],
         "u" : 0
      },
      {
         "d" : 0.48809999999999992,
         "l" : [ -0.49619999999999997, -1.7453000000000001, 1.6063000000000001 ],
         "u" : 0.99999999999999989
      },
      {
         "d" : 5.0557316488963959,
         "l" : [ 3.4245999999999999, 0.59789999999999999, 1.6063000000000001 ],
         "u" : 2
      }
   ]
}
