{
   "id" : "id274668",
   "p" : [
      {
         "l" : [ 3.3798028866526399, -1.69156325679788, 0.89500599999999997 ],
         "u" : 0
      },
      {
         "d" : 0.007643705502197019,
         "l" : [ 3.3726043933958101, -1.6941322714840901, 0.89500599999999997 ],
         "t" : 0.00091724466026364226,
         "u" : 2
      }
   ]
}
