{
   "id" : "id274251",
   "p" : [
      {
         "l" : [ 2.1875, 2.1875, 0.42499999999999999 ],
         "u" : 0
      },
      {
         "d" : 0.5,
         "l" : [ 2.1875, 2.1875, 0.92500000000000004 ],
         "u" : 1
      },
      {
         "d" : 0.99500000000000011,
         "l" : [ 2.1875, 2.1875, 0.42999999999999999 ],
         "u" : 2
      }
   ]
}
