{
   "id" : "id180940",
   "p" : [
      {
         "l" : [ 0.1076, 3.3107000000000002, 0.91849999999999998 ],
         "u" : 0
      },
      {
         "d" : 0.39369999999999994,
         "l" : [ 0.1076, 3.3107000000000002, 0.52480000000000004 ],
         "t" : 2.7608695652173911,
         "u" : 1
      },
      {
         "d" : 0.78735379459621635,
         "l" : [ -0.1333, 3, 0.50490000000000002 ],
         "t" : 5.5214151093703823,
         "u" : 2
      }
   ]
}
