{
   "id" : "id299695",
   "p" : [
      {
         "l" : [ 1.7956614857687501, 1.5426793987079499, 0.639988 ],
         "u" : 0
      },
      {
         "d" : 0.082745386076100658,
         "l" : [ 1.7448217927325582, 1.4773944499918124, 0.639988 ],
         "t" : 0.024823615822830197,
         "u" : 0.99999999998725164
      },
      {
         "d" : 0.11058450781558113,
         "l" : [ 1.7307406137802688, 1.4533790986818955, 0.639988 ],
         "t" : 0.033175352344674336,
         "u" : 1.9999999999489653
      },
      {
         "d" : 0.19219243137500563,
         "l" : [ 1.73033102973728, 1.37177220296492, 0.639988 ],
         "t" : 0.05765772941250169,
         "u" : 3
      }
   ]
}
