{
   "id" : "id310464",
   "p" : [
      {
         "l" : [ 2.8202251309938902, -1.9016124720796199, 0.88500000042284499 ],
         "u" : 0
      },
      {
         "d" : 0.0079567971082371847,
         "l" : [ 2.8128128623038, -1.8987206030045001, 0.88500000042284499 ],
         "t" : 0.0047740782649423105,
         "u" : 2
      }
   ]
}
