{
   "id" : "id310127",
   "p" : [
      {
         "l" : [ 3.2127617394102601, -1.9424166240934699, 0.88500000042284499 ],
         "u" : 0
      },
      {
         "d" : 0.10582706044763376,
         "l" : [ 3.1150609267398002, -1.9017482343230501, 0.88500000042284499 ],
         "t" : 0.092983007656660413,
         "u" : 1
      }
   ]
}
