{
   "id" : "id306092",
   "p" : [
      {
         "l" : [ 2.9621720022603402, 1.3810051556494001, 0.89499999349057302 ],
         "u" : 0
      },
      {
         "d" : 1.7300000046591251,
         "l" : [ 2.9621719992568272, 1.381005152087605, 2.6249999934905701 ],
         "u" : 1.000000000789766
      },
      {
         "d" : 7.6293777933346094,
         "l" : [ -0.84086957049223798, -3.1289319993470901, 2.624999993288232 ],
         "u" : 2.000000000197403
      },
      {
         "d" : 8.6543777931322712,
         "l" : [ -0.84086957049223798, -3.1289319993470901, 1.59999999349057 ],
         "u" : 3
      }
   ]
}
