{
   "id" : "id184096",
   "p" : [
      {
         "l" : [ 0.0332, -3.0312999999999999, 1.6575 ],
         "u" : 0
      },
      {
         "d" : 0.12380000000000019,
         "l" : [ 0.0332, -3.0312999999999999, 1.7813000000000001 ],
         "u" : 1
      },
      {
         "d" : 0.63296144787287267,
         "l" : [ -0.1041, -2.5409999999999999, 1.7813000000000001 ],
         "u" : 2
      }
   ]
}
