{
   "id" : "id183849",
   "p" : [
      {
         "l" : [ 0.92500000000000004, -3.0312999999999999, 1.2537 ],
         "u" : 0
      },
      {
         "d" : 0.29650000000000004,
         "l" : [ 0.92500000000000004, -3.0312999999999999, 1.5502 ],
         "u" : 1
      },
      {
         "d" : 0.7960758701138394,
         "l" : [ 0.84240000000000004, -2.5386000000000002, 1.5502 ],
         "u" : 2
      }
   ]
}
