{
   "id" : "id301943",
   "p" : [
      {
         "l" : [ 1.98832374562089, 1.4544527821428099, 0.63500000000000001 ],
         "u" : 0
      },
      {
         "d" : 0.016632286035501299,
         "l" : [ 1.98721393992964, 1.4378575638527602, 0.63500000000000001 ],
         "t" : 0.0049896858106503895,
         "u" : 0.9999999999999879
      },
      {
         "d" : 0.065980011508952219,
         "l" : [ 2.0016619531387798, 1.39067225974532, 0.63500000000000001 ],
         "t" : 0.019794003452685664,
         "u" : 2
      }
   ]
}
