{
   "id" : "id299821",
   "p" : [
      {
         "l" : [ 1.85021968557542, 1.5146455267185801, 0.639988 ],
         "u" : 0
      },
      {
         "d" : 0.0348227582622989,
         "l" : [ 1.8254067017372599, 1.4902131644496199, 0.639988 ],
         "t" : 0.01044682747868967,
         "u" : 0.999999999999999
      },
      {
         "d" : 0.13555397961533228,
         "l" : [ 1.8118514697716299, 1.3903981623626001, 0.639988 ],
         "t" : 0.040666193884599675,
         "u" : 2
      }
   ]
}
