{
   "id" : "id164990",
   "p" : [
      {
         "l" : [ -2.3999999999999999, 1.7466999999999999, 1.9995000000000001 ],
         "u" : 0
      },
      {
         "d" : 5.4529151332108592,
         "l" : [ -0.59840000000000004, -3.3999999999999999, 1.9995000000000001 ],
         "u" : 1
      },
      {
         "d" : 6.5724151332108587,
         "l" : [ -0.59840000000000004, -3.3999999999999999, 0.88 ],
         "u" : 2
      }
   ]
}
