{
   "id" : "id272518",
   "p" : [
      {
         "l" : [ 2.7147000000000001, -1.5232000000000001, 0.98819999999999997 ],
         "u" : 0
      },
      {
         "d" : 1.0113000000000001,
         "l" : [ 2.7147000000000001, -1.5232000000000001, 1.9995000000000001 ],
         "u" : 1
      }
   ]
}
