{
   "id" : "id172401",
   "p" : [
      {
         "l" : [ 0.26050000000000001, -3.6436999999999999, 1.4373 ],
         "u" : 0
      },
      {
         "d" : 0.56220000268704184,
         "l" : [ 0.26050000204056722, -3.6436999982517784, 1.9995000000000001 ],
         "u" : 1.0000000006031471
      },
      {
         "d" : 5.0172358296883646,
         "l" : [ 3.6436999790168452, -0.74520001797696689, 1.9995000000000001 ],
         "u" : 1.9999999937978379
      },
      {
         "d" : 5.7586358573192191,
         "l" : [ 3.6436999999999999, -0.74519999999999997, 1.2581 ],
         "u" : 3
      }
   ]
}
