{
   "id" : "id181570",
   "p" : [
      {
         "l" : [ -0.99039999999999995, 3.3212000000000002, 0.83240000000000003 ],
         "u" : 0
      },
      {
         "d" : 0.39369999999999999,
         "l" : [ -0.99039999999999995, 3.3212000000000002, 0.43869999999999998 ],
         "t" : 2.7608695652173916,
         "u" : 1.0000000000000002
      },
      {
         "d" : 0.78737297341829304,
         "l" : [ -1.1779999999999999, 3, 0.56759999999999999 ],
         "t" : 5.5215496032138365,
         "u" : 2
      }
   ]
}
