{
   "id" : "id160327",
   "p" : [
      {
         "l" : [ 0.55000000000000004, -3.4392, 1.4432 ],
         "u" : 0
      },
      {
         "d" : 0.55630000000000002,
         "l" : [ 0.55000000000000004, -3.4392, 1.9995000000000001 ],
         "u" : 1
      }
   ]
}
