{
   "id" : "id159784",
   "p" : [
      {
         "l" : [ 3.7736999999999998, -1.9630000000000001, 1.9995000000000001 ],
         "u" : 0
      },
      {
         "d" : 3.1008762922761042,
         "l" : [ 1.2564, -3.7736999999999998, 1.9995000000000001 ],
         "u" : 1
      },
      {
         "d" : 4.2253762922761045,
         "l" : [ 1.2564, -3.7736999999999998, 0.875 ],
         "u" : 2
      }
   ]
}
