{
   "id" : "id297630",
   "p" : [
      {
         "l" : [ -2.4167259229961902, 1.81676334457586, 0.639988 ],
         "u" : 0
      },
      {
         "d" : 0.058944957764599827,
         "l" : [ -2.3580318982472099, 1.8221965300720999, 0.639988 ],
         "t" : 0.017683487329379948,
         "u" : 1
      },
      {
         "d" : 0.21765475715075464,
         "l" : [ -2.3029062828294, 1.97102517968635, 0.639988 ],
         "t" : 0.065296427145226391,
         "u" : 2
      }
   ]
}
