{
   "id" : "id181065",
   "p" : [
      {
         "l" : [ -0.037199999999999997, 3.3065000000000002, 0.91810000000000003 ],
         "u" : 0
      },
      {
         "d" : 0.39369999999999988,
         "l" : [ -0.037199999999999997, 3.3065000000000002, 0.52440000000000009 ],
         "t" : 2.7608695652173911,
         "u" : 0.99999999999999978
      },
      {
         "d" : 0.78736192348257417,
         "l" : [ -0.2833, 3, 0.50290000000000001 ],
         "t" : 5.5214721141835508,
         "u" : 2
      }
   ]
}
