{
   "id" : "id304466",
   "p" : [
      {
         "l" : [ 3.6665115881885399, 1.2832218110095299, 0.89499999349057302 ],
         "u" : 0
      },
      {
         "d" : 1.7300000052057589,
         "l" : [ 3.6665115847574841, 1.2832218070944548, 2.6249999934905701 ],
         "u" : 1.0000000007897665
      },
      {
         "d" : 8.3215206617899344,
         "l" : [ -0.67788135104856595, -3.6740349527301701, 2.624999993288232 ],
         "u" : 2.000000000197403
      },
      {
         "d" : 9.3465206615875971,
         "l" : [ -0.67788135104856595, -3.6740349527301701, 1.59999999349057 ],
         "u" : 3
      }
   ]
}
