{
   "id" : "id298292",
   "p" : [
      {
         "l" : [ -2.3567436926771599, 1.38913115235809, 0.639988 ],
         "u" : 0
      },
      {
         "d" : 0.015206531603968986,
         "l" : [ -2.3642189400940601, 1.4023734814386799, 0.639988 ],
         "t" : 0.0045619594811906958,
         "u" : 1
      },
      {
         "d" : 0.060229519043325692,
         "l" : [ -2.39978422400839, 1.4299810886884501, 0.639988 ],
         "t" : 0.018068855712997704,
         "u" : 2
      }
   ]
}
