{
   "id" : "id180677",
   "p" : [
      {
         "l" : [ -3, 0.1043, 0.35520000000000002 ],
         "u" : 0
      },
      {
         "d" : 0.99999999999999989,
         "l" : [ -3, 0.1043, 1.3552 ],
         "t" : 7.0126227208976157,
         "u" : 1
      }
   ]
}
