{
   "id" : "id278062",
   "p" : [
      {
         "l" : [ -0.61972087712421098, -1.76401433984456, 0.89500599999999997 ],
         "u" : 0
      },
      {
         "d" : 0.0076437055021915277,
         "l" : [ -0.61570130698268899, -1.75751347855517, 0.89500599999999997 ],
         "t" : 0.00091724466026298329,
         "u" : 2
      }
   ]
}
