{
   "id" : "id272529",
   "p" : [
      {
         "l" : [ 2.7147000000000001, -1.5232000000000001, 1.9995000000000001 ],
         "u" : 0
      },
      {
         "d" : 2.2785435896642396,
         "l" : [ 0.9264, -2.9352, 1.9995000000000001 ],
         "u" : 1
      },
      {
         "d" : 3.3469435896642397,
         "l" : [ 0.9264, -2.9352, 0.93110000000000004 ],
         "u" : 2
      }
   ]
}
