{
   "id" : "id182295",
   "p" : [
      {
         "l" : [ 3.4247999999999998, -0.90290000000000004, 1.6327 ],
         "u" : 0
      },
      {
         "d" : 0.39369999999999999,
         "l" : [ 3.4247999999999998, -0.90290000000000004, 1.2390000000000001 ],
         "t" : 2.7608695652173916,
         "u" : 1.0000000000000002
      },
      {
         "d" : 0.78749672421187022,
         "l" : [ 3.0312000000000001, -0.91159999999999997, 1.2479 ],
         "t" : 5.5224174208406058,
         "u" : 2
      }
   ]
}
