{
   "id" : "id302189",
   "p" : [
      {
         "l" : [ 1.42244089919046, 2.4772047001979098, 0.63500000000000001 ],
         "u" : 0
      },
      {
         "d" : 1.4899999999999995,
         "l" : [ 1.42244089919046, 2.4772047001979098, 2.125 ],
         "u" : 1
      }
   ]
}
