{
   "id" : "id183427",
   "p" : [
      {
         "l" : [ 3.4245000000000001, 0.74370000000000003, 1.5737000000000001 ],
         "u" : 0
      },
      {
         "d" : 0.39370000000000033,
         "l" : [ 3.4245000000000001, 0.74370000000000003, 1.1799999999999999 ],
         "t" : 2.7608695652173942,
         "u" : 1
      },
      {
         "d" : 0.78742830733895719,
         "l" : [ 3.0312000000000001, 0.73270000000000002, 1.1947000000000001 ],
         "t" : 5.5219376391231236,
         "u" : 2
      }
   ]
}
