{
   "id" : "id306215",
   "p" : [
      {
         "l" : [ -0.84089102473976496, -3.0699793033668601, 1.59999999349057 ],
         "u" : 0
      },
      {
         "d" : 0.70499999999999696,
         "l" : [ -0.84089102473976496, -3.0699793033668601, 0.89499999349057302 ],
         "t" : 2.8199999999999878,
         "u" : 1
      }
   ]
}
