{
   "id" : "id305884",
   "p" : [
      {
         "l" : [ 3.11829196180644, 1.38108461421493, 0.89499999349057302 ],
         "u" : 0
      },
      {
         "d" : 1.7300000048099473,
         "l" : [ 3.1182919586796598, 1.3810846105599512, 2.6249999934905701 ],
         "u" : 1.0000000007897667
      },
      {
         "d" : 7.8203433703702192,
         "l" : [ -0.84082666199718203, -3.2468373913075501, 2.624999993288232 ],
         "u" : 2.000000000197403
      },
      {
         "d" : 8.8453433701678819,
         "l" : [ -0.84082666199718203, -3.2468373913075501, 1.59999999349057 ],
         "u" : 3
      }
   ]
}
