{
   "id" : "id168665",
   "p" : [
      {
         "l" : [ -2.9355000000000002, 0.48870000000000002, 0.94440000000000002 ],
         "u" : 0
      },
      {
         "d" : 1.055099999968125,
         "l" : [ -2.9355000000000002, 0.48870000000000002, 1.9994999999681251 ],
         "u" : 0.99999999996978972
      },
      {
         "d" : 4.8430317160161831,
         "l" : [ -0.48240005255498264, 3.3749999381641818, 1.9995000000000001 ],
         "u" : 1.9999999785760945
      },
      {
         "d" : 6.2823317971684762,
         "l" : [ -0.4824, 3.375, 0.56020000000000003 ],
         "u" : 3
      }
   ]
}
