{
   "id" : "id296913",
   "p" : [
      {
         "l" : [ -2.3277258528338902, 1.95937547068298, 0.639988 ],
         "u" : 0
      },
      {
         "d" : 0.028360297100151696,
         "l" : [ -2.3135797453526066, 1.9348498623762993, 0.639988 ],
         "t" : 0.008508089130045509,
         "u" : 1.9999999999834108
      },
      {
         "d" : 0.26816092922047163,
         "l" : [ -2.1650032378737114, 1.7468137617084363, 0.639988 ],
         "t" : 0.080448278766141496,
         "u" : 3.9999999999668217
      },
      {
         "d" : 0.34087013677559219,
         "l" : [ -2.0962716475411001, 1.72309462695122, 0.639988 ],
         "t" : 0.10226104103267766,
         "u" : 5
      }
   ]
}
