{
   "id" : "id179832",
   "p" : [
      {
         "l" : [ -2.6600000000000001, -0.086199999999999999, 1.9995000000000001 ],
         "u" : 0
      },
      {
         "d" : 4.29446146099834,
         "l" : [ 0.64180000000000004, 2.6598000000000002, 1.9995000000000001 ],
         "u" : 1
      },
      {
         "d" : 5.3001614609983401,
         "l" : [ 0.64180000000000004, 2.6598000000000002, 0.99380000000000002 ],
         "u" : 2
      }
   ]
}
