{
   "id" : "id267583",
   "p" : [
      {
         "l" : [ 2.9352, -1.5032000000000001, 1.9995000000000001 ],
         "u" : 0
      },
      {
         "d" : 0.25297480111663279,
         "l" : [ 2.7147000000000001, -1.6272, 1.9995000000000001 ],
         "u" : 1
      },
      {
         "d" : 1.3178748011166328,
         "l" : [ 2.7147000000000001, -1.6272, 0.93459999999999999 ],
         "u" : 2
      }
   ]
}
