{
   "id" : "id166567",
   "p" : [
      {
         "l" : [ -3.3999999999999999, 0.20960000000000001, 0.4773 ],
         "u" : 0
      },
      {
         "d" : 0.099999999998748298,
         "l" : [ -3.3999999999999999, 0.20960000000000001, 0.37730000000125175 ],
         "t" : 0.46750818138732264,
         "u" : 0.99999999998748312
      },
      {
         "d" : 0.42960000000000009,
         "l" : [ -3.0703999999999998, 0.20960000000000001, 0.37730000000000002 ],
         "t" : 2.0084151472650777,
         "u" : 4
      }
   ]
}
