{
   "id" : "id273180",
   "p" : [
      {
         "l" : [ -0.40129999999999999, -2.9352, 0.98370000000000002 ],
         "u" : 0
      },
      {
         "d" : 1.0157999999999998,
         "l" : [ -0.40129999999999999, -2.9352, 1.9995000000000001 ],
         "u" : 1
      }
   ]
}
