{
   "id" : "id304704",
   "p" : [
      {
         "l" : [ -0.72349646537911705, -3.6278770105365199, 1.59999999349057 ],
         "u" : 0
      },
      {
         "d" : 0.70499999999999696,
         "l" : [ -0.72349646537911705, -3.6278770105365199, 0.89499999349057302 ],
         "t" : 2.8199999999999878,
         "u" : 1
      }
   ]
}
