{
   "id" : "id161394",
   "p" : [
      {
         "l" : [ -0.69189999999999996, -1.1424000000000001, 0.63 ],
         "u" : 0
      },
      {
         "d" : 0.039300127226257114,
         "l" : [ -0.6542, -1.1535, 0.63 ],
         "t" : 0.30619499202381861,
         "u" : 0.99999999999999944
      },
      {
         "d" : 0.07862861562843193,
         "l" : [ -0.64300000000000002, -1.1157999999999999, 0.63 ],
         "t" : 0.6126109515265441,
         "u" : 2
      }
   ]
}
