{
   "id" : "id166588",
   "p" : [
      {
         "l" : [ -3.0703999999999998, 0.20960000000000001, 1.9995000000000001 ],
         "u" : 0
      },
      {
         "d" : 4.8575749422937369,
         "l" : [ 0.61419999999999997, 3.375, 1.9995000000000001 ],
         "u" : 1
      },
      {
         "d" : 6.0529749422937371,
         "l" : [ 0.61419999999999997, 3.375, 0.80410000000000004 ],
         "u" : 2
      }
   ]
}
