{
   "id" : "id157600",
   "p" : [
      {
         "l" : [ 1.9898, -3.6139999999999999, 0.89000000000000001 ],
         "u" : 0
      },
      {
         "d" : 1.1095000000000002,
         "l" : [ 1.9898, -3.6139999999999999, 1.9995000000000001 ],
         "u" : 1
      }
   ]
}
