{
   "id" : "id166463",
   "p" : [
      {
         "l" : [ -1.1273, 2.5228999999999999, 1.9995000000000001 ],
         "u" : 0
      },
      {
         "d" : 1.0169248743147155,
         "l" : [ -0.2757, 1.9671000000000001, 1.9995000000000001 ],
         "u" : 1
      },
      {
         "d" : 2.4206248743147154,
         "l" : [ -0.2757, 1.9671000000000001, 0.5958 ],
         "u" : 2
      }
   ]
}
