{
   "id" : "id310610",
   "p" : [
      {
         "l" : [ 1.1920105889964101, -2.4756777207533398, 0.88500000042284499 ],
         "u" : 0
      },
      {
         "d" : 0.23659780628270186,
         "l" : [ 1.23567592278761, -2.7081999078878298, 0.88500000042284499 ],
         "t" : 0.14195868376962112,
         "u" : 2
      }
   ]
}
