{
   "id" : "id268224",
   "p" : [
      {
         "l" : [ 2.7147000000000001, -1.49, 1.9995000000000001 ],
         "u" : 0
      },
      {
         "d" : 2.3018326611637083,
         "l" : [ 0.92310000000000003, -2.9352, 1.9995000000000001 ],
         "u" : 1
      },
      {
         "d" : 3.3705326611637085,
         "l" : [ 0.92310000000000003, -2.9352, 0.93079999999999996 ],
         "u" : 2
      }
   ]
}
