{
   "id" : "id176086",
   "p" : [
      {
         "l" : [ -0.43459999999999999, -3.6278000000000001, 1.05 ],
         "u" : 0
      },
      {
         "d" : 0.94950000091544717,
         "l" : [ -0.43459999932876481, -3.6277999993775158, 1.9995000000000001 ],
         "u" : 1.000000000164587
      },
      {
         "d" : 6.5115869554816488,
         "l" : [ 3.6436999999999999, 0.15429999999999999, 1.999499999969516 ],
         "u" : 2.0000000000411449
      },
      {
         "d" : 7.2524869554511646,
         "l" : [ 3.6436999999999999, 0.15429999999999999, 1.2585999999999999 ],
         "u" : 3
      }
   ]
}
