{
   "id" : "id309971",
   "p" : [
      {
         "l" : [ 1.19199797606825, -2.9188927687112098, 0.88500000042284499 ],
         "u" : 0
      },
      {
         "d" : 0.11403459323638951,
         "l" : [ 1.23556933604797, -3.0242692151333799, 0.88500000042284499 ],
         "t" : 0.068420755941833708,
         "u" : 2
      }
   ]
}
