{
   "id" : "id276473",
   "p" : [
      {
         "l" : [ -0.69903885361266604, -3.2386433983416398, 0.89500599999999997 ],
         "u" : 0
      },
      {
         "d" : 0.049434781772092359,
         "l" : [ -0.68137469328962497, -3.1924722483783099, 0.89500599999999997 ],
         "t" : 0.3370553302642661,
         "u" : 1
      }
   ]
}
