{
   "id" : "id297875",
   "p" : [
      {
         "l" : [ -2.1121658873490898, 1.6529129264156499, 0.639988 ],
         "u" : 0
      },
      {
         "d" : 0.044748234661227813,
         "l" : [ -2.1510132249471168, 1.6747435900836976, 0.639988 ],
         "t" : 0.013424470398368343,
         "u" : 1.999999999824225
      },
      {
         "d" : 0.26982613605597466,
         "l" : [ -2.365984326894341, 1.7414330721916453, 0.639988 ],
         "t" : 0.080947840816792391,
         "u" : 2.9999999999446016
      },
      {
         "d" : 0.3201470480224215,
         "l" : [ -2.4159389341994699, 1.74459136197249, 0.639988 ],
         "t" : 0.09604411440672643,
         "u" : 5
      }
   ]
}
