{
   "id" : "id310542",
   "p" : [
      {
         "l" : [ 2.7298008846231898, -1.9422892764876201, 2.0000000004228502 ],
         "u" : 0
      },
      {
         "d" : 1.1150000000000053,
         "l" : [ 2.7298008846231898, -1.9422892764876201, 0.88500000042284499 ],
         "t" : 3.3450000000000162,
         "u" : 1
      }
   ]
}
