{
   "id" : "id162652",
   "p" : [
      {
         "l" : [ 1.6869000000000001, 1.5161, 0.63 ],
         "u" : 0
      },
      {
         "d" : 0.12558827548016674,
         "l" : [ 1.7634000000000001, 1.6156999999999999, 0.63 ],
         "t" : 0.7828066204872226,
         "u" : 2
      }
   ]
}
