{
   "id" : "id299651",
   "p" : [
      {
         "l" : [ 1.7735400718665499, 1.5573811140888101, 0.639988 ],
         "u" : 0
      },
      {
         "d" : 0.11147265551459686,
         "l" : [ 1.7104690808658345, 1.4654756249271288, 0.639988 ],
         "t" : 0.033441796654379054,
         "u" : 1.9999999999636222
      },
      {
         "d" : 0.13769091248596699,
         "l" : [ 1.6984432669085463, 1.442178054296688, 0.639988 ],
         "t" : 0.041307273745790095,
         "u" : 2.9999999999936424
      },
      {
         "d" : 0.21475071804844434,
         "l" : [ 1.6998333835436801, 1.36513078822537, 0.639988 ],
         "t" : 0.064425215414533304,
         "u" : 4
      }
   ]
}
