{
   "id" : "id310235",
   "p" : [
      {
         "l" : [ 3.1343884187566502, -1.9424755757924601, 0.88500000042284499 ],
         "u" : 0
      },
      {
         "d" : 0.10607464702923858,
         "l" : [ 3.0364590311817499, -1.9017120407202599, 0.88500000042284499 ],
         "t" : 0.093200545070207294,
         "u" : 1
      }
   ]
}
