{
   "id" : "id309679",
   "p" : [
      {
         "l" : [ 3.36889354086277, -1.91165567738474, 0.88500000042284499 ],
         "u" : 0
      },
      {
         "d" : 0.061159287983403407,
         "l" : [ 3.3104676065254899, -1.8935761667870299, 0.88500000042284499 ],
         "t" : 0.053736487801725116,
         "u" : 1
      }
   ]
}
