{
   "id" : "id274642",
   "p" : [
      {
         "l" : [ 3.42679588947267, -1.67621870288415, 0.90000000000000002 ],
         "u" : 0
      },
      {
         "d" : 0.0049940000000001546,
         "l" : [ 3.42679588947267, -1.67621870288415, 0.89500599999999997 ],
         "t" : 0.0029964000000000926,
         "u" : 1
      }
   ]
}
