{
   "id" : "id277759",
   "p" : [
      {
         "l" : [ -0.66778878405728803, -2.1239869814528798, 0.89500599999999997 ],
         "u" : 0
      },
      {
         "d" : 0.0076437055021980442,
         "l" : [ -0.66422479239985099, -2.1172256128715699, 0.89500599999999997 ],
         "t" : 0.00091724466026376521,
         "u" : 2
      }
   ]
}
