{
   "id" : "id301007",
   "p" : [
      {
         "l" : [ 1.3865107388291, 1.8758413824374001, 0.639988 ],
         "u" : 0
      },
      {
         "d" : 0.02979293663735293,
         "l" : [ 1.41311901508573, 1.8624391920146299, 0.639988 ],
         "t" : 0.0089378809912058783,
         "u" : 1
      },
      {
         "d" : 0.11683140230815285,
         "l" : [ 1.4997583127143801, 1.8707654524442101, 0.639988 ],
         "t" : 0.035049420692445855,
         "u" : 2
      }
   ]
}
