{
   "id" : "id309464",
   "p" : [
      {
         "l" : [ 3.3875924021823498, -1.8651789563427601, 0.88500000042284499 ],
         "u" : 0
      },
      {
         "d" : 0.0079567971082528232,
         "l" : [ 3.3796633299984098, -1.86451982950835, 0.88500000042284499 ],
         "t" : 0.0047740782649516936,
         "u" : 2
      }
   ]
}
