{
   "id" : "id305362",
   "p" : [
      {
         "l" : [ -0.82086831427754803, -3.44977060549355, 1.59999999349057 ],
         "u" : 0
      },
      {
         "d" : 0.70499999999999696,
         "l" : [ -0.82086831427754803, -3.44977060549355, 0.89499999349057302 ],
         "t" : 2.8199999999999878,
         "u" : 1
      }
   ]
}
