{
   "id" : "id277338",
   "p" : [
      {
         "l" : [ 2.2765379062361601, 1.20741653205435, 0.89500599999999997 ],
         "u" : 0
      },
      {
         "d" : 0.087034663143936514,
         "l" : [ 2.3531296597322502, 1.2487468541489599, 0.89500599999999997 ],
         "t" : 0.010444159577272381,
         "u" : 3
      }
   ]
}
