{
   "id" : "id181995",
   "p" : [
      {
         "l" : [ 0.81889999999999996, -2.8315000000000001, 1.3742000000000001 ],
         "u" : 0
      },
      {
         "d" : 0.19249999999999984,
         "l" : [ 0.81890000000000052, -2.8315000000000001, 1.5667 ],
         "u" : 1.0000000000000002
      },
      {
         "d" : 3.1913777267504586,
         "l" : [ 3.4247999999999998, -1.3473999999999999, 1.5667 ],
         "u" : 2
      }
   ]
}
