{
   "id" : "id289717",
   "p" : [
      {
         "l" : [ -2.37511698343038, 1.81722847921417, 2 ],
         "u" : 0
      },
      {
         "d" : 1.0749999999999997,
         "l" : [ -2.37511698343038, 1.81722847921417, 0.92500000000000004 ],
         "u" : 2
      }
   ]
}
