{
   "id" : "id277385",
   "p" : [
      {
         "l" : [ -0.71653919572372304, -2.5484903993974899, 0.89500599999999997 ],
         "u" : 0
      },
      {
         "d" : 0.086270490062336308,
         "l" : [ -0.68288987885218799, -2.4690528709258999, 0.89500599999999997 ],
         "t" : 0.58820788678865665,
         "u" : 1
      }
   ]
}
