{
   "id" : "id310203",
   "p" : [
      {
         "l" : [ 1.2356137921635799, -2.8924403055265002, 0.88500000042284499 ],
         "u" : 0
      },
      {
         "d" : 1.1149999995178068,
         "l" : [ 1.2356137921635799, -2.8924403055265002, 1.9999999999406519 ],
         "u" : 1.9999999987141377
      },
      {
         "d" : 3.2381528608021477,
         "l" : [ 3.1343884187566502, -1.9424755757924601, 2.0000000004228502 ],
         "u" : 3
      }
   ]
}
