{
   "id" : "id267572",
   "p" : [
      {
         "l" : [ 2.9352, -1.5032000000000001, 1.0112000000000001 ],
         "u" : 0
      },
      {
         "d" : 0.98829999999999996,
         "l" : [ 2.9352, -1.5032000000000001, 1.9995000000000001 ],
         "u" : 1
      }
   ]
}
