{
   "id" : "id286781",
   "p" : [
      {
         "l" : [ 1.50517503797103, 1.8488673282046699, 0.90000000000000002 ],
         "u" : 0
      },
      {
         "d" : 0.27480000378456015,
         "l" : [ 1.50517503797103, 1.8488673282046699, 0.62519999621543998 ],
         "t" : 2.7480000378456015,
         "u" : 1
      }
   ]
}
