{
   "id" : "id308719",
   "p" : [
      {
         "l" : [ 1.0259369503222, -3.5884667260163501, 0.88500000042284499 ],
         "u" : 0
      },
      {
         "d" : 1.114999999517807,
         "l" : [ 1.0259369503222, -3.5884667260163501, 1.9999999999406521 ],
         "u" : 1.9999999987141384
      },
      {
         "d" : 4.3714288589455306,
         "l" : [ 3.6346550233700099, -1.63938516570981, 2.0000000004228502 ],
         "u" : 3
      }
   ]
}
