{
   "id" : "id167660",
   "p" : [
      {
         "l" : [ -3.25, 0.20580000000000001, 0.41870000000000002 ],
         "u" : 0
      },
      {
         "d" : 1.5808000031343654,
         "l" : [ -3.2499999977176741, 0.20580000214831048, 1.9995000000000001 ],
         "u" : 1.0000000006778715
      },
      {
         "d" : 6.2046343668685564,
         "l" : [ 0.1169, 3.375, 1.9994999997583454 ],
         "u" : 2.0000000001694396
      },
      {
         "d" : 7.6308343666269014,
         "l" : [ 0.1169, 3.375, 0.57330000000000003 ],
         "u" : 3
      }
   ]
}
