{
   "id" : "id166534",
   "p" : [
      {
         "l" : [ -3.3999999999999999, 0.20960000000000001, 0.44230000000000003 ],
         "u" : 0
      },
      {
         "d" : 0.10000000000020118,
         "l" : [ -3.3999999999997987, 0.20960000000000001, 0.34229999999999999 ],
         "t" : 0.46750818139411493,
         "u" : 1.0000000000040228
      },
      {
         "d" : 0.3246,
         "l" : [ -3.1753999999999998, 0.20960000000000001, 0.34229999999999999 ],
         "t" : 1.5175315568022443,
         "u" : 3
      }
   ]
}
