{
   "id" : "id307957",
   "p" : [
      {
         "l" : [ -0.66935514957613396, -1.2524547883524499, 1.59999999349057 ],
         "u" : 0
      },
      {
         "d" : 0.70499999999999696,
         "l" : [ -0.66935514957613396, -1.2524547883524499, 0.89499999349057302 ],
         "t" : 2.8199999999999878,
         "u" : 1
      }
   ]
}
