{
   "id" : "id275905",
   "p" : [
      {
         "l" : [ -0.55183837083841802, -3.4268004890821899, 0.89500599999999997 ],
         "u" : 0
      },
      {
         "d" : 0.0494347817720973,
         "l" : [ -0.56718381746945601, -3.37980777776917, 0.89500599999999997 ],
         "t" : 0.33705533026429979,
         "u" : 1
      }
   ]
}
