{
   "id" : "id164123",
   "p" : [
      {
         "l" : [ 2.4617, -2.0089000000000001, 0.625 ],
         "u" : 0
      },
      {
         "d" : 0.039320478125253439,
         "l" : [ 2.4999999999999818, -2.0000000000000044, 0.625 ],
         "t" : 0.30635354986562868,
         "u" : 0.9999999999995256
      },
      {
         "d" : 0.070720478125212247,
         "l" : [ 2.5, -1.9686000000000599, 0.625 ],
         "t" : 0.55099710265066038,
         "u" : 1.9999999999980926
      },
      {
         "d" : 0.11012098573621559,
         "l" : [ 2.4605999999999999, -1.9683999999999999, 0.625 ],
         "t" : 0.85797417792143049,
         "u" : 3
      }
   ]
}
