{
   "id" : "id292324",
   "p" : [
      {
         "l" : [ -2.5420582439516699, 1.22498527688501, 0.90000000000000002 ],
         "u" : 0
      },
      {
         "d" : 0.27480001097124807,
         "l" : [ -2.5420582439516699, 1.22498527688501, 0.62519998902875196 ],
         "t" : 2.7480001097124807,
         "u" : 1
      }
   ]
}
