{
   "id" : "id182689",
   "p" : [
      {
         "l" : [ -0.1116, -2.8323, 1.5904 ],
         "u" : 0
      },
      {
         "d" : 0.06419999999999991,
         "l" : [ -0.1116, -2.8323, 1.6546000000000001 ],
         "u" : 1
      },
      {
         "d" : 4.4213474670935788,
         "l" : [ 3.4238, -0.28560000000000002, 1.6546000000000001 ],
         "u" : 2
      }
   ]
}
