{
   "id" : "id161710",
   "p" : [
      {
         "l" : [ -0.88370000000000004, -1.0855999999999999, 0.625 ],
         "u" : 0
      },
      {
         "d" : 0.039424357952920382,
         "l" : [ -0.84589999999999999, -1.0968, 0.625 ],
         "t" : 0.30716289795808638,
         "u" : 0.99999999999999822
      },
      {
         "d" : 0.078820423746347151,
         "l" : [ -0.83479999999999999, -1.0589999999999999, 0.625 ],
         "t" : 0.61410536615774958,
         "u" : 2
      }
   ]
}
