{
   "id" : "id292477",
   "p" : [
      {
         "l" : [ -3.2490000018788998, -3.3937009919768402, 0.249999993490573 ],
         "u" : 0
      },
      {
         "d" : 2.724999999999997,
         "l" : [ -3.2490000018788998, -3.3937009919768402, 2.9749999934905702 ],
         "u" : 1
      }
   ]
}
