{
   "id" : "id282294",
   "p" : [
      {
         "l" : [ -0.91563925034055405, -0.52109105242221199, 0.62999998935349899 ],
         "u" : 0
      },
      {
         "d" : 1.4801460892975775,
         "l" : [ -1.6465476595302495, -1.8074923974473287, 0.62999998935349899 ],
         "t" : 0.17761753071570929,
         "u" : 3.0000000003109322
      },
      {
         "d" : 1.5385785188312544,
         "l" : [ -1.6559525667805, -1.8644849855998, 0.62999998935349899 ],
         "t" : 0.18462942225975051,
         "u" : 5
      }
   ]
}
