{
   "id" : "id165086",
   "p" : [
      {
         "l" : [ 3.3999999999999999, 1.1383000000000001, 0.88 ],
         "u" : 0
      },
      {
         "d" : 1.1194999999999999,
         "l" : [ 3.3999999999999999, 1.1383000000000001, 1.9995000000000001 ],
         "u" : 1
      }
   ]
}
