{
   "id" : "id182007",
   "p" : [
      {
         "l" : [ 3.4247999999999998, -1.3473999999999999, 1.5667 ],
         "u" : 0
      },
      {
         "d" : 0.39369999999999994,
         "l" : [ 3.4247999999999998, -1.3473999999999999, 1.173 ],
         "t" : 2.7608695652173911,
         "u" : 1
      },
      {
         "d" : 0.7874608538186596,
         "l" : [ 3.0312000000000001, -1.355, 1.1813 ],
         "t" : 5.5221658753061682,
         "u" : 2
      }
   ]
}
