{
   "id" : "id308857",
   "p" : [
      {
         "l" : [ 3.6075328126093398, -1.70045320343914, 2.0000000004228502 ],
         "u" : 0
      },
      {
         "d" : 1.1150000000000053,
         "l" : [ 3.6075328126093398, -1.70045320343914, 0.88500000042284499 ],
         "t" : 3.3450000000000162,
         "u" : 1
      }
   ]
}
