{
   "id" : "id306614",
   "p" : [
      {
         "l" : [ -0.84098254310505804, -2.8227122492768002, 1.59999999349057 ],
         "u" : 0
      },
      {
         "d" : 0.70499999999999696,
         "l" : [ -0.84098254310505804, -2.8227122492768002, 0.89499999349057302 ],
         "t" : 2.8199999999999878,
         "u" : 1
      }
   ]
}
