{
   "id" : "id157591",
   "p" : [
      {
         "l" : [ 3.6705000000000001, -2.4272, 0.89000000000000001 ],
         "u" : 0
      },
      {
         "d" : 2.0574855361769693,
         "l" : [ 1.9898, -3.6139999999999999, 0.89000000000000001 ],
         "t" : 10.099740830452275,
         "u" : 3
      }
   ]
}
