{
   "id" : "id273784",
   "p" : [
      {
         "l" : [ -0.40129999999999999, -2.7147999999999999, 1.9995000000000001 ],
         "u" : 0
      },
      {
         "d" : 4.884653814754941,
         "l" : [ 2.7147000000000001, 1.0468999999999999, 1.9995000000000001 ],
         "u" : 1
      },
      {
         "d" : 5.9529538147549408,
         "l" : [ 2.7147000000000001, 1.0468999999999999, 0.93120000000000003 ],
         "u" : 2
      }
   ]
}
