{
   "id" : "id310768",
   "p" : [
      {
         "l" : [ 2.1981862963601899, -1.90215900142362, 0.88500000042284499 ],
         "u" : 0
      },
      {
         "d" : 0.0079567971082504102,
         "l" : [ 2.1907402014700299, -1.8993553779166801, 0.88500000042284499 ],
         "t" : 0.0047740782649502459,
         "u" : 2
      }
   ]
}
