{
   "id" : "id181324",
   "p" : [
      {
         "l" : [ -1.4924999999999999, 1.0508, 1.6217999999999999 ],
         "u" : 0
      },
      {
         "d" : 2.4635537907665013,
         "l" : [ -0.46970000000000001, 3.2919999999999998, 1.6217999999999999 ],
         "u" : 1
      },
      {
         "d" : 3.1558537907665012,
         "l" : [ -0.46970000000000001, 3.2919999999999998, 0.92949999999999999 ],
         "u" : 2
      }
   ]
}
