{
   "id" : "id179735",
   "p" : [
      {
         "l" : [ -3, 0.50539999999999996, 1.9995000000000001 ],
         "u" : 0
      },
      {
         "d" : 0.34000001470588215,
         "l" : [ -2.6600000000000001, 0.50549999999999995, 1.9995000000000001 ],
         "u" : 1
      },
      {
         "d" : 1.452200014705882,
         "l" : [ -2.6600000000000001, 0.50549999999999995, 0.88729999999999998 ],
         "u" : 2
      }
   ]
}
