{
   "id" : "id158036",
   "p" : [
      {
         "l" : [ 1.1276999999999999, -3.5249999999999999, 0.89000000000000001 ],
         "u" : 0
      },
      {
         "d" : 1.1095000000000002,
         "l" : [ 1.1276999999999999, -3.5249999999999999, 1.9995000000000001 ],
         "u" : 1
      }
   ]
}
