{
   "id" : "id303660",
   "p" : [
      {
         "l" : [ 1.39419706758826, -2.39239336351016, 0.639988 ],
         "u" : 0
      },
      {
         "d" : 0.00078925645148665406,
         "l" : [ 1.39378483445408, -2.39172032201171, 0.639988 ],
         "t" : 0.0002367769354459962,
         "u" : 2
      }
   ]
}
