{
   "id" : "id184001",
   "p" : [
      {
         "l" : [ 0.33350000000000002, -2.5314000000000001, 1.8358000000000001 ],
         "u" : 0
      },
      {
         "d" : 0.39370000000000022,
         "l" : [ 0.33350000000000002, -2.5314000000000001, 1.4420999999999999 ],
         "t" : 2.7608695652173934,
         "u" : 1
      },
      {
         "d" : 0.78741832571014525,
         "l" : [ 0.33250000000000002, -2.9249999999999998, 1.4325000000000001 ],
         "t" : 5.521867641726125,
         "u" : 2
      }
   ]
}
