{
   "id" : "id309566",
   "p" : [
      {
         "l" : [ 3.4096282668745999, -1.8935711171334899, 0.88500000042284499 ],
         "u" : 0
      },
      {
         "d" : 0.061159287983412136,
         "l" : [ 3.34972168113483, -1.8812561063076101, 0.88500000042284499 ],
         "t" : 0.053736487801732784,
         "u" : 1
      }
   ]
}
