{
   "id" : "id303713",
   "p" : [
      {
         "l" : [ 1.95617004513856, -2.0875015675320001, 2.125 ],
         "u" : 0
      },
      {
         "d" : 1.45,
         "l" : [ 1.95617004513856, -2.0875015675320001, 0.67500000000000004 ],
         "u" : 2
      }
   ]
}
