{
   "id" : "id305234",
   "p" : [
      {
         "l" : [ 3.5024825753189401, 1.36407156926225, 0.89499999349057302 ],
         "u" : 0
      },
      {
         "d" : 1.7300000051191062,
         "l" : [ 3.5024825719100514, 1.3640715654432507, 2.6249999934905701 ],
         "u" : 1.000000000789766
      },
      {
         "d" : 8.2118048414892915,
         "l" : [ -0.81384496816960505, -3.4715370313022298, 2.624999993288232 ],
         "u" : 2.000000000197403
      },
      {
         "d" : 9.2368048412869541,
         "l" : [ -0.81384496816960505, -3.4715370313022298, 1.59999999349057 ],
         "u" : 3
      }
   ]
}
