{
   "id" : "id176984",
   "p" : [
      {
         "l" : [ -0.53110000000000002, -3.5415000000000001, 1.05 ],
         "u" : 0
      },
      {
         "d" : 0.94950000016237468,
         "l" : [ -0.53109999988127832, -3.5414999998892269, 1.9995000000000001 ],
         "u" : 1.0000000000284377
      },
      {
         "d" : 6.6593438796574187,
         "l" : [ 3.6436999999999999, 0.3538, 1.9994999999946339 ],
         "u" : 2.0000000000071094
      },
      {
         "d" : 7.4141438796520527,
         "l" : [ 3.6436999999999999, 0.3538, 1.2446999999999999 ],
         "u" : 3
      }
   ]
}
