{
   "id" : "id307167",
   "p" : [
      {
         "l" : [ -0.84276607047932806, -2.3974109649994499, 1.59999999349057 ],
         "u" : 0
      },
      {
         "d" : 0.70499999999999696,
         "l" : [ -0.84276607047932806, -2.3974109649994499, 0.89499999349057302 ],
         "t" : 2.8199999999999878,
         "u" : 1
      }
   ]
}
