{
   "id" : "id300748",
   "p" : [
      {
         "l" : [ 1.3796511980282999, 1.7535929966867501, 0.639988 ],
         "u" : 0
      },
      {
         "d" : 0.10539457045775839,
         "l" : [ 1.4810596321739165, 1.724916743417801, 0.639988 ],
         "t" : 0.031618371137327517,
         "u" : 2.9999999998089932
      },
      {
         "d" : 0.13097618384685347,
         "l" : [ 1.506349532550131, 1.7210644866064824, 0.639988 ],
         "t" : 0.03929285515405604,
         "u" : 4.000000000007037
      },
      {
         "d" : 0.20623944910989869,
         "l" : [ 1.5775195031405, 1.74554701883298, 0.639988 ],
         "t" : 0.061871834732969602,
         "u" : 5
      }
   ]
}
