{
   "id" : "id157651",
   "p" : [
      {
         "l" : [ 1.6731, -3.6059999999999999, 1.9995000000000001 ],
         "u" : 0
      },
      {
         "d" : 2.4083771673058187,
         "l" : [ 3.6078000000000001, -2.1717, 1.9995000000000001 ],
         "u" : 1
      },
      {
         "d" : 3.5178771673058189,
         "l" : [ 3.6078000000000001, -2.1717, 0.89000000000000001 ],
         "u" : 2
      }
   ]
}
