{
   "id" : "id274033",
   "p" : [
      {
         "l" : [ 2.7147000000000001, 0.93269999999999997, 1.9995000000000001 ],
         "u" : 0
      },
      {
         "d" : 0.24831812257666555,
         "l" : [ 2.9352, 1.0468999999999999, 1.9995000000000001 ],
         "u" : 1
      },
      {
         "d" : 1.3166181225766656,
         "l" : [ 2.9352, 1.0468999999999999, 0.93120000000000003 ],
         "u" : 2
      }
   ]
}
