{
   "id" : "id275064",
   "p" : [
      {
         "l" : [ 2.93140587994414, -1.84194631689265, 0.89500599999999997 ],
         "u" : 0
      },
      {
         "d" : 0.086270490062341956,
         "l" : [ 2.8520614916951801, -1.8080779613229601, 0.89500599999999997 ],
         "t" : 0.58820788678869518,
         "u" : 1
      }
   ]
}
