{
   "id" : "id275858",
   "p" : [
      {
         "l" : [ 3.2048934105067199, 1.2128548577811999, 0.89500599999999997 ],
         "u" : 0
      },
      {
         "d" : 0.057078487274286438,
         "l" : [ 3.25942311086945, 1.2297108942483901, 0.89500599999999997 ],
         "t" : 0.0068494184729143721,
         "u" : 3
      }
   ]
}
