{
   "id" : "id181478",
   "p" : [
      {
         "l" : [ -1.2764, 1.5470999999999999, 0.62639999999999996 ],
         "u" : 0
      },
      {
         "d" : 1.0000000000000002,
         "l" : [ -1.2764, 1.5470999999999999, 1.6264000000000001 ],
         "t" : 7.0126227208976184,
         "u" : 1
      }
   ]
}
