{
   "id" : "id304594",
   "p" : [
      {
         "l" : [ -0.70009688429103301, -3.65310305578241, 1.59999999349057 ],
         "u" : 0
      },
      {
         "d" : 0.70499999999999696,
         "l" : [ -0.70009688429103301, -3.65310305578241, 0.89499999349057302 ],
         "t" : 2.8199999999999878,
         "u" : 1
      }
   ]
}
