{
   "id" : "id162328",
   "p" : [
      {
         "l" : [ -0.71209999999999996, -1.0321, 0.625 ],
         "u" : 0
      },
      {
         "d" : 1.3745000000000001,
         "l" : [ -0.71209999999999996, -1.0321, 1.9995000000000001 ],
         "u" : 1
      }
   ]
}
