{
   "id" : "id302943",
   "p" : [
      {
         "l" : [ 2.1414502326664202, -2.0517363024059301, 0.639988 ],
         "u" : 0
      },
      {
         "d" : 0.002568450973141297,
         "l" : [ 2.1417857063428598, -2.0542827504839098, 0.639988 ],
         "t" : 0.00077053529194238903,
         "u" : 1
      },
      {
         "d" : 0.010270929064019187,
         "l" : [ 2.1433001117519699, -2.0618348856122899, 0.639988 ],
         "t" : 0.0030812787192057555,
         "u" : 2
      }
   ]
}
