{
   "id" : "id309633",
   "p" : [
      {
         "l" : [ 1.1919324346918301, -3.1132473151341302, 0.88500000042284499 ],
         "u" : 0
      },
      {
         "d" : 0.11345842613320196,
         "l" : [ 1.23528281338198, -3.2180916852176602, 0.88500000042284499 ],
         "t" : 0.06807505567992117,
         "u" : 2
      }
   ]
}
