{
   "id" : "id304575",
   "p" : [
      {
         "l" : [ 3.4877574693153699, 1.3678562899526601, 0.89499999349057302 ],
         "u" : 0
      },
      {
         "d" : 1.7300000051636524,
         "l" : [ 3.487757466007944, 1.3678562859872758, 2.6249999934905701 ],
         "u" : 1.0000000007897663
      },
      {
         "d" : 8.2682074639147274,
         "l" : [ -0.70009688429103301, -3.65310305578241, 2.624999993288232 ],
         "u" : 2.000000000197403
      },
      {
         "d" : 9.29320746371239,
         "l" : [ -0.70009688429103301, -3.65310305578241, 1.59999999349057 ],
         "u" : 3
      }
   ]
}
