{
   "id" : "id273773",
   "p" : [
      {
         "l" : [ -0.40129999999999999, -2.7147999999999999, 0.98370000000000002 ],
         "u" : 0
      },
      {
         "d" : 1.0157999999999998,
         "l" : [ -0.40129999999999999, -2.7147999999999999, 1.9995000000000001 ],
         "u" : 1
      }
   ]
}
