{
   "id" : "id293875",
   "p" : [
      {
         "l" : [ -1.72624564826042, -1.59250357375527, 0.63998799267501005 ],
         "u" : 0
      },
      {
         "d" : 0.047082959086295562,
         "l" : [ -1.7037748213658139, -1.5513772367363843, 0.63998799267501005 ],
         "t" : 0.014124887725888668,
         "u" : 1.999999999883062
      },
      {
         "d" : 0.73439092601124201,
         "l" : [ -1.515287049804636, -0.8904198997090198, 0.63998799267501005 ],
         "t" : 0.22031727780337257,
         "u" : 3.0000000002717599
      },
      {
         "d" : 0.80272969345046385,
         "l" : [ -1.5184064629423999, -0.82282565077213399, 0.63998799267501005 ],
         "t" : 0.24081890803513911,
         "u" : 5
      }
   ]
}
