{
   "id" : "id297416",
   "p" : [
      {
         "l" : [ -2.08054908212763, 2.1519217115312701, 0.639988 ],
         "u" : 0
      },
      {
         "d" : 0.0031778101855660847,
         "l" : [ -2.0777833237359902, 2.1503567648566002, 0.639988 ],
         "t" : 0.00095334305566982535,
         "u" : 1
      },
      {
         "d" : 0.012705795941822709,
         "l" : [ -2.0691311625090298, 2.1463664492457601, 0.639988 ],
         "t" : 0.0038117387825468124,
         "u" : 2
      }
   ]
}
