{
   "id" : "id160224",
   "p" : [
      {
         "l" : [ 1.0299, -3.6242000000000001, 1.1671 ],
         "u" : 0
      },
      {
         "d" : 0.83239999999999981,
         "l" : [ 1.0299, -3.6242000000000001, 1.9995000000000001 ],
         "u" : 1
      }
   ]
}
