{
   "id" : "id162758",
   "p" : [
      {
         "l" : [ 1.0431999999999999, 1.0593999999999999, 0.63 ],
         "u" : 0
      },
      {
         "d" : 0.039365192596663996,
         "l" : [ 1.0248000000011113, 1.0246000000020965, 0.63 ],
         "t" : 0.30670192907412541,
         "u" : 1.9999999999334432
      },
      {
         "d" : 0.078730151636231621,
         "l" : [ 1.0596000000000001, 1.0429999999999999, 0.63 ],
         "t" : 0.61340203845914787,
         "u" : 3
      }
   ]
}
