{
   "id" : "id160611",
   "p" : [
      {
         "l" : [ -0.085900000000000004, 3.6621000000000001, 0.625 ],
         "u" : 0
      },
      {
         "d" : 1.3744999999602376,
         "l" : [ -0.085900000000000004, 3.6621000000000001, 1.9994999999602376 ],
         "u" : 0.99999999997107136
      },
      {
         "d" : 6.3537615092559268,
         "l" : [ -3.6721999889746479, 0.2079000106192376, 1.9995000000000001 ],
         "u" : 1.9999999969257027
      },
      {
         "d" : 7.8765615245636571,
         "l" : [ -3.6722000000000001, 0.2079, 0.47670000000000001 ],
         "u" : 3
      }
   ]
}
