{
   "id" : "id294991",
   "p" : [
      {
         "l" : [ -0.81585534247894198, -1.48610178692243, 0.63998799267501005 ],
         "u" : 0
      },
      {
         "d" : 0.063277368661189187,
         "l" : [ -0.87843104073851952, -1.4815002236899799, 0.63998799267501005 ],
         "t" : 0.018983210598356757,
         "u" : 2.0000000001478426
      },
      {
         "d" : 0.78832528515656008,
         "l" : [ -1.5850104608865812, -1.6441040497135613, 0.63998799267501005 ],
         "t" : 0.23649758554696801,
         "u" : 3.0000000000069003
      },
      {
         "d" : 0.84943587002833665,
         "l" : [ -1.6377655177658299, -1.6739879150302399, 0.63998799267501005 ],
         "t" : 0.25483076100850099,
         "u" : 5
      }
   ]
}
