{
   "id" : "id294065",
   "p" : [
      {
         "l" : [ -1.89130946553972, -1.4897633176801801, 0.63998799267501005 ],
         "u" : 0
      },
      {
         "d" : 0.58933399701920741,
         "l" : [ -1.7198280333395637, -0.92605474093512996, 0.63998799267501005 ],
         "t" : 0.17680019910576222,
         "u" : 3.0000000005931664
      },
      {
         "d" : 0.6538376089147393,
         "l" : [ -1.7207054664978501, -0.86212173620914001, 0.63998799267501005 ],
         "t" : 0.19615128267442178,
         "u" : 5
      }
   ]
}
