{
   "id" : "id301903",
   "p" : [
      {
         "l" : [ 1.8335023235437, 1.53118992430726, 0.63500000000000001 ],
         "u" : 0
      },
      {
         "d" : 0.032370179650873951,
         "l" : [ 1.8202874685140265, 1.5016400319701113, 0.63500000000000001 ],
         "t" : 0.0097110538952621846,
         "u" : 1.0000000000339682
      },
      {
         "d" : 0.12647896435236139,
         "l" : [ 1.8381429867261292, 1.4092406606120564, 0.63500000000000001 ],
         "t" : 0.03794368930570842,
         "u" : 2.000000000008495
      },
      {
         "d" : 0.15359963756290856,
         "l" : [ 1.8545442302081301, 1.387641352113, 0.63500000000000001 ],
         "t" : 0.046079891268872568,
         "u" : 3
      }
   ]
}
