{
   "id" : "id299434",
   "p" : [
      {
         "l" : [ 1.2445173508704701, 1.1664100970097899, 0.639988 ],
         "u" : 0
      },
      {
         "d" : 0.27194468827565466,
         "l" : [ 1.4988907878430899, 1.2623155495228, 0.639988 ],
         "t" : 0.081583406482696394,
         "u" : 5
      }
   ]
}
