{
   "id" : "id274829",
   "p" : [
      {
         "l" : [ 1.1309341826186701, -3.1808949721881201, 0.89500599999999997 ],
         "u" : 0
      },
      {
         "d" : 1.1049940003065393,
         "l" : [ 1.1309341828764514, -3.1808949720222435, 2 ],
         "u" : 1.0000000001220704
      },
      {
         "d" : 3.6161624382604045,
         "l" : [ 3.2426784859242002, -1.82203408063106, 1.999999999966432 ],
         "u" : 2.0000000000305165
      },
      {
         "d" : 4.7161624382268368,
         "l" : [ 3.2426784859242002, -1.82203408063106, 0.90000000000000002 ],
         "u" : 3
      }
   ]
}
