{
   "id" : "id169658",
   "p" : [
      {
         "l" : [ -1.464, 2.2505000000000002, 1.9995000000000001 ],
         "u" : 0
      },
      {
         "d" : 6.3325266821388126,
         "l" : [ 3.6436999999999999, -1.4927999999999999, 1.9995000000000001 ],
         "u" : 1
      },
      {
         "d" : 7.2712266821388125,
         "l" : [ 3.6436999999999999, -1.4927999999999999, 1.0608 ],
         "u" : 2
      }
   ]
}
