{
   "id" : "id162689",
   "p" : [
      {
         "l" : [ 1.49, 2.4506000000000001, 0.63 ],
         "u" : 0
      },
      {
         "d" : 0.039399999999999977,
         "l" : [ 1.49, 2.4900000000000002, 0.63 ],
         "t" : 0.30697312037397723,
         "u" : 0.99999999999999711
      },
      {
         "d" : 0.078800000000000106,
         "l" : [ 1.4505999999999999, 2.4900000000000002, 0.63 ],
         "t" : 0.61394624074795567,
         "u" : 2
      }
   ]
}
