{
   "id" : "id166782",
   "p" : [
      {
         "l" : [ -3.25, -0.076799999999999993, 0.80369999999999997 ],
         "u" : 0
      },
      {
         "d" : 1.1957999998540458,
         "l" : [ -3.25, -0.076799999999999993, 1.9994999998540459 ],
         "u" : 0.99999999987794441
      },
      {
         "d" : 6.3490023930820838,
         "l" : [ 0.57629999813169053, 3.3749999983145518, 1.9995000000000001 ],
         "u" : 1.999999999511719
      },
      {
         "d" : 7.636402395598294,
         "l" : [ 0.57630000000000003, 3.375, 0.71209999999999996 ],
         "u" : 3
      }
   ]
}
