{
   "id" : "id274022",
   "p" : [
      {
         "l" : [ 2.7147000000000001, 0.93269999999999997, 1.0062 ],
         "u" : 0
      },
      {
         "d" : 0.99330000000000018,
         "l" : [ 2.7147000000000001, 0.93269999999999997, 1.9995000000000001 ],
         "u" : 1
      }
   ]
}
