{
   "id" : "id162866",
   "p" : [
      {
         "l" : [ 1.6471, 1.6285000000000001, 0.63 ],
         "u" : 0
      },
      {
         "d" : 1.3695000000183544,
         "l" : [ 1.6470999999867095, 1.6284999999873415, 1.9995000000000001 ],
         "u" : 1.0000000000305176
      },
      {
         "d" : 1.9709310351257878,
         "l" : [ 1.2116, 1.2137, 1.9994999999896277 ],
         "u" : 2.0000000000076295
      },
      {
         "d" : 3.3304310351154154,
         "l" : [ 1.2116, 1.2137, 0.64000000000000001 ],
         "u" : 3
      }
   ]
}
