{
   "id" : "id278252",
   "p" : [
      {
         "l" : [ 1.00732248098542, 0.81573999425504995, 0.89500599999999997 ],
         "u" : 0
      },
      {
         "d" : 0.086826025647745636,
         "l" : [ 1.05795496380073, 0.88627063619172897, 0.89500599999999997 ],
         "t" : 0.010419123077729476,
         "u" : 3
      }
   ]
}
