{
   "id" : "id166452",
   "p" : [
      {
         "l" : [ -1.1273, 2.5228999999999999, 0.68049999999999999 ],
         "u" : 0
      },
      {
         "d" : 1.3190000000000002,
         "l" : [ -1.1273, 2.5228999999999999, 1.9995000000000001 ],
         "u" : 1
      }
   ]
}
