{
   "id" : "id299989",
   "p" : [
      {
         "l" : [ 1.9355981356516001, 1.4829507419149199, 0.639988 ],
         "u" : 0
      },
      {
         "d" : 0.016459325750012799,
         "l" : [ 1.9271842510369499, 1.4688045074394001, 0.639988 ],
         "t" : 0.0049377977250038398,
         "u" : 1
      },
      {
         "d" : 0.065305124237864526,
         "l" : [ 1.9186096738899401, 1.42071720499202, 0.639988 ],
         "t" : 0.019591537271359358,
         "u" : 2
      }
   ]
}
