{
   "id" : "id159962",
   "p" : [
      {
         "l" : [ -3.4998999999999998, -3.3849999999999998, 0.54620000000000002 ],
         "u" : 0
      },
      {
         "d" : 1.4532999999556493,
         "l" : [ -3.4998999999999998, -3.3849999999999998, 1.9994999999556493 ],
         "u" : 0.99999999996948274
      },
      {
         "d" : 1.6158638643535155,
         "l" : [ -3.3850000000140259, -3.4999999999859619, 1.9995000000000001 ],
         "u" : 1.9999999998779299
      },
      {
         "d" : 3.3980638643733592,
         "l" : [ -3.3849999999999998, -3.5, 0.21729999999999999 ],
         "u" : 3
      }
   ]
}
