{
   "id" : "id180806",
   "p" : [
      {
         "l" : [ -3, 0.25159999999999999, 1.3385 ],
         "u" : 0
      },
      {
         "d" : 4.4676013888886725,
         "l" : [ 0.25240000000000001, 3.3144999999999998, 1.3385 ],
         "u" : 1
      },
      {
         "d" : 4.880901388888673,
         "l" : [ 0.25240000000000001, 3.3144999999999998, 0.92520000000000002 ],
         "u" : 2
      }
   ]
}
