{
   "id" : "id294018",
   "p" : [
      {
         "l" : [ -1.8559806778162899, -1.5074585575239501, 0.63998799267501005 ],
         "u" : 0
      },
      {
         "d" : 0.61683111422038617,
         "l" : [ -1.6712728481173262, -0.91914697760665987, 0.63998799267501005 ],
         "t" : 0.18504933426611583,
         "u" : 3.0000000002692238
      },
      {
         "d" : 0.68421933651385891,
         "l" : [ -1.6726070942992499, -0.85241670672302206, 0.63998799267501005 ],
         "t" : 0.20526580095415767,
         "u" : 5
      }
   ]
}
