{
   "id" : "id305015",
   "p" : [
      {
         "l" : [ 3.5288968000568501, 1.35601786186314, 0.89499999349057302 ],
         "u" : 0
      },
      {
         "d" : 1.7300000051521023,
         "l" : [ 3.5288967966497453, 1.3560178579984505, 2.6249999934905701 ],
         "u" : 1.000000000789766
      },
      {
         "d" : 8.2535844938726619,
         "l" : [ -0.78517222598285497, -3.5374433962465801, 2.624999993288232 ],
         "u" : 2.000000000197403
      },
      {
         "d" : 9.2785844936703246,
         "l" : [ -0.78517222598285497, -3.5374433962465801, 1.59999999349057 ],
         "u" : 3
      }
   ]
}
