{
   "id" : "id184273",
   "p" : [
      {
         "l" : [ -0.53080000000000005, -3.0312999999999999, 1.204 ],
         "u" : 0
      },
      {
         "d" : 0.17460000000000001,
         "l" : [ -0.53080000000000005, -3.0312999999999999, 1.3786 ],
         "u" : 1
      },
      {
         "d" : 0.66286003317904252,
         "l" : [ -0.54330000000000001, -2.5432000000000001, 1.3786 ],
         "u" : 2
      }
   ]
}
