{
   "id" : "id272742",
   "p" : [
      {
         "l" : [ 0.82050000000000001, -2.9352, 1.9995000000000001 ],
         "u" : 0
      },
      {
         "d" : 0.10589999999999997,
         "l" : [ 0.9264, -2.9352, 1.9994999999999998 ],
         "u" : 1.0000000000000002
      },
      {
         "d" : 1.1742999999999997,
         "l" : [ 0.9264, -2.9352, 0.93110000000000004 ],
         "u" : 2
      }
   ]
}
