{
   "id" : "id244449",
   "p" : [
      {
         "l" : [ 1.5598000000000001, -1.7808999999999999, 0.88009999999999999 ],
         "u" : 0
      },
      {
         "d" : 1.1194,
         "l" : [ 1.5598000000000001, -1.7808999999999999, 1.9995000000000001 ],
         "u" : 1
      }
   ]
}
