{
   "id" : "id297697",
   "p" : [
      {
         "l" : [ -2.07377092826989, 1.83750530589545, 0.639988 ],
         "u" : 0
      },
      {
         "d" : 0.028628565603496227,
         "l" : [ -2.1012639296718119, 1.8453115680454619, 0.639988 ],
         "t" : 0.0085885696810488674,
         "u" : 1.9999999999635987
      },
      {
         "d" : 0.31267196561368749,
         "l" : [ -2.3824557975418874, 1.8854586293710931, 0.639988 ],
         "t" : 0.093801589684106235,
         "u" : 3.0000000002831793
      },
      {
         "d" : 0.34623832423607737,
         "l" : [ -2.4159389338754602, 1.88491085090459, 0.639988 ],
         "t" : 0.1038714972708232,
         "u" : 5
      }
   ]
}
