{
   "id" : "id183012",
   "p" : [
      {
         "l" : [ -0.44779999999999998, -2.8332000000000002, 1.3121 ],
         "u" : 0
      },
      {
         "d" : 0.33259999999999995,
         "l" : [ -0.44779999999999998, -2.8332000000000002, 1.6447000000000001 ],
         "u" : 1
      },
      {
         "d" : 5.2207865113761782,
         "l" : [ 3.4245999999999999, 0.14990000000000001, 1.6447000000000001 ],
         "u" : 2
      }
   ]
}
