{
   "id" : "id306007",
   "p" : [
      {
         "l" : [ -0.84084811624471101, -3.1878846953273299, 1.59999999349057 ],
         "u" : 0
      },
      {
         "d" : 0.70499999999999696,
         "l" : [ -0.84084811624471101, -3.1878846953273299, 0.89499999349057302 ],
         "t" : 2.8199999999999878,
         "u" : 1
      }
   ]
}
