{
   "id" : "id276987",
   "p" : [
      {
         "l" : [ -0.68186078086682, -2.8440514588663599, 0.89500599999999997 ],
         "u" : 0
      },
      {
         "d" : 0.0076437055021941966,
         "l" : [ -0.67907196184292196, -2.83693523584579, 0.89500599999999997 ],
         "t" : 0.00091724466026330356,
         "u" : 2
      }
   ]
}
