{
   "id" : "id167155",
   "p" : [
      {
         "l" : [ -3.25, -0.014, 0.61529999999999996 ],
         "u" : 0
      },
      {
         "d" : 1.3841999998310508,
         "l" : [ -3.25, -0.014, 1.9994999998310508 ],
         "u" : 0.99999999987794441
      },
      {
         "d" : 6.3760946318672467,
         "l" : [ 0.41519999821035258, 3.3749999983452157, 1.9995000000000001 ],
         "u" : 1.999999999511719
      },
      {
         "d" : 7.7719946343046935,
         "l" : [ 0.41520000000000001, 3.375, 0.60360000000000003 ],
         "u" : 3
      }
   ]
}
