{
   "id" : "id163209",
   "p" : [
      {
         "l" : [ 1.5, 2.4605999999999999, 0.625 ],
         "u" : 0
      },
      {
         "d" : 0.039400000000000199,
         "l" : [ 1.5, 2.5, 0.625 ],
         "t" : 0.30697312037397895,
         "u" : 1.0000000000000042
      },
      {
         "d" : 0.078800000000000148,
         "l" : [ 1.4605999999999999, 2.5, 0.625 ],
         "t" : 0.61394624074795601,
         "u" : 2
      }
   ]
}
