{
   "id" : "id182790",
   "p" : [
      {
         "l" : [ -0.2397, -2.8325, 1.2827 ],
         "u" : 0
      },
      {
         "d" : 0.23619999999999999,
         "l" : [ -0.2397, -2.8325, 1.5188999999999999 ],
         "t" : 1.6563814866760171,
         "u" : 1
      }
   ]
}
