{
   "id" : "id305988",
   "p" : [
      {
         "l" : [ 3.0408443588198999, 1.3810455995542801, 0.89499999349057302 ],
         "u" : 0
      },
      {
         "d" : 1.7300000047348205,
         "l" : [ 3.0408443557542695, 1.381045595945892, 2.6249999934905701 ],
         "u" : 1.0000000007897665
      },
      {
         "d" : 7.7252198052186767,
         "l" : [ -0.84084811624471101, -3.1878846953273299, 2.624999993288232 ],
         "u" : 2.000000000197403
      },
      {
         "d" : 8.7502198050163393,
         "l" : [ -0.84084811624471101, -3.1878846953273299, 1.59999999349057 ],
         "u" : 3
      }
   ]
}
