{
   "id" : "id300834",
   "p" : [
      {
         "l" : [ 1.3888568478021699, 1.80409255845839, 0.639988 ],
         "u" : 0
      },
      {
         "d" : 0.052918601216881134,
         "l" : [ 1.4358162388428211, 1.7796959614038312, 0.639988 ],
         "t" : 0.01587558036506434,
         "u" : 0.99999999999257094
      },
      {
         "d" : 0.082329919545404168,
         "l" : [ 1.4635403792026658, 1.769877729020702, 0.639988 ],
         "t" : 0.024698975863621249,
         "u" : 1.9999999999702642
      },
      {
         "d" : 0.16831231580828571,
         "l" : [ 1.5475469916103199, 1.78820425457452, 0.639988 ],
         "t" : 0.050493694742485717,
         "u" : 3
      }
   ]
}
