{
   "id" : "id183869",
   "p" : [
      {
         "l" : [ 0.84230000000000005, -2.9321000000000002, 1.1432 ],
         "u" : 0
      },
      {
         "d" : 0.06790007363766179,
         "l" : [ 0.84230000000000005, -2.9999999999999991, 1.1433 ],
         "t" : 0.29758980410954766,
         "u" : 0.99999999999998845
      },
      {
         "d" : 0.099262152650380991,
         "l" : [ 0.84130000000000005, -3.0312999999999999, 1.1415999999999999 ],
         "t" : 0.4350423052609832,
         "u" : 2
      }
   ]
}
