{
   "id" : "id306711",
   "p" : [
      {
         "l" : [ -0.84100461458869402, -2.7634689682692399, 1.59999999349057 ],
         "u" : 0
      },
      {
         "d" : 0.70499999999999696,
         "l" : [ -0.84100461458869402, -2.7634689682692399, 0.89499999349057302 ],
         "t" : 2.8199999999999878,
         "u" : 1
      }
   ]
}
