{
   "id" : "id282996",
   "p" : [
      {
         "l" : [ -2.51640624846398, -1.0539435539805, 0.62999998935349899 ],
         "u" : 0
      },
      {
         "d" : 1.3700000106465011,
         "l" : [ -2.51640624846398, -1.0539435539805, 2 ],
         "u" : 1
      }
   ]
}
