{
   "id" : "id301859",
   "p" : [
      {
         "l" : [ 1.2304509802022401, 1.1489806867295, 0.63500000000000001 ],
         "u" : 0
      },
      {
         "d" : 0.47621309876849477,
         "l" : [ 1.6800033874412199, 1.30563238976608, 0.63500000000000001 ],
         "t" : 0.14286392963054842,
         "u" : 5
      }
   ]
}
