{
   "id" : "id181714",
   "p" : [
      {
         "l" : [ 0.62829999999999997, 3.6937000000000002, 0.625 ],
         "u" : 0
      },
      {
         "d" : 1.3745000000000001,
         "l" : [ 0.62829999999999997, 3.6937000000000002, 1.9995000000000001 ],
         "u" : 1
      }
   ]
}
