{
   "id" : "id165861",
   "p" : [
      {
         "l" : [ 3.3999999999999999, 1.1383000000000001, 0.875 ],
         "u" : 0
      },
      {
         "d" : 1.1245000000000001,
         "l" : [ 3.3999999999999999, 1.1383000000000001, 1.9995000000000001 ],
         "u" : 1
      }
   ]
}
