{
   "id" : "id165779",
   "p" : [
      {
         "l" : [ -0.5121, -0.37169999999999997, 1.9995000000000001 ],
         "u" : 0
      },
      {
         "d" : 3.0295294321065769,
         "l" : [ -0.59840000000000004, -3.3999999999999999, 1.9995000000000001 ],
         "u" : 1
      },
      {
         "d" : 4.1540294321065767,
         "l" : [ -0.59840000000000004, -3.3999999999999999, 0.875 ],
         "u" : 2
      }
   ]
}
