{
   "id" : "id160505",
   "p" : [
      {
         "l" : [ 3.6368999999999998, 0.98580000000000001, 1.1863999999999999 ],
         "u" : 0
      },
      {
         "d" : 0.81310000000000016,
         "l" : [ 3.6368999999999998, 0.98580000000000001, 1.9995000000000001 ],
         "u" : 1
      }
   ]
}
