{
   "id" : "id300792",
   "p" : [
      {
         "l" : [ 1.3845327931474201, 1.77986550592463, 0.639988 ],
         "u" : 0
      },
      {
         "d" : 0.079096340145238822,
         "l" : [ 1.4576775511993438, 1.7497644196668742, 0.639988 ],
         "t" : 0.023728902043571646,
         "u" : 0.99999999999786648
      },
      {
         "d" : 0.10707203596459135,
         "l" : [ 1.4847242258952495, 1.7426148081759809, 0.639988 ],
         "t" : 0.032121610789377406,
         "u" : 1.9999999999914779
      },
      {
         "d" : 0.18906144146616524,
         "l" : [ 1.56375510701633, 1.7644409952850899, 0.639988 ],
         "t" : 0.056718432439849573,
         "u" : 3
      }
   ]
}
