{
   "id" : "id288402",
   "p" : [
      {
         "l" : [ 2.0240613356887698, -2.50493536949921, 0.64499999665505003 ],
         "u" : 0
      },
      {
         "d" : 0.75000210811416013,
         "l" : [ 1.29497907998873, -2.32903134282834, 0.64499999665505003 ],
         "t" : 0.090000252973699207,
         "u" : 1
      }
   ]
}
