{
   "id" : "id306517",
   "p" : [
      {
         "l" : [ -0.84095947868239096, -2.8846207324459701, 1.59999999349057 ],
         "u" : 0
      },
      {
         "d" : 0.70499999999999696,
         "l" : [ -0.84095947868239096, -2.8846207324459701, 0.89499999349057302 ],
         "t" : 2.8199999999999878,
         "u" : 1
      }
   ]
}
