{
   "id" : "id184309",
   "p" : [
      {
         "l" : [ -0.56510000000000005, -3.0312999999999999, 1.1163000000000001 ],
         "u" : 0
      },
      {
         "d" : 0.88319999999999999,
         "l" : [ -0.56510000000000005, -3.0312999999999999, 1.9995000000000001 ],
         "u" : 1
      }
   ]
}
