{
   "id" : "id302562",
   "p" : [
      {
         "l" : [ 1.93095097884261, -2.06520096591075, 0.639988 ],
         "u" : 0
      },
      {
         "d" : 0.036132236946643595,
         "l" : [ 1.9332868995836563, -2.1011591354161112, 0.639988 ],
         "t" : 0.010839671083993078,
         "u" : 2.0000000000079594
      },
      {
         "d" : 0.13681805068811953,
         "l" : [ 1.9588800989629507, -2.198445711151507, 0.639988 ],
         "t" : 0.041045415206435863,
         "u" : 3.999999999976426
      },
      {
         "d" : 0.20106433798184031,
         "l" : [ 2.00252430881577, -2.2455919557245898, 0.639988 ],
         "t" : 0.060319301394552098,
         "u" : 5
      }
   ]
}
