{
   "id" : "id244471",
   "p" : [
      {
         "l" : [ 1.5598000000000001, -1.7808999999999999, 1.9995000000000001 ],
         "u" : 0
      },
      {
         "d" : 4.7918475873090962,
         "l" : [ -2.9929000000000001, -0.28599999999999998, 1.9995000000000001 ],
         "u" : 1
      },
      {
         "d" : 5.8717475873090965,
         "l" : [ -2.9929000000000001, -0.28599999999999998, 0.91959999999999997 ],
         "u" : 2
      }
   ]
}
