{
   "id" : "id298253",
   "p" : [
      {
         "l" : [ -2.3227560522344, 1.4023336846796599, 0.639988 ],
         "u" : 0
      },
      {
         "d" : 0.029803906559967522,
         "l" : [ -2.3336843791200201, 1.43006173036839, 0.639988 ],
         "t" : 0.0089411719679902569,
         "u" : 1
      },
      {
         "d" : 0.11605596154964117,
         "l" : [ -2.4076078552192599, 1.47449973967739, 0.639988 ],
         "t" : 0.034816788464892348,
         "u" : 2
      }
   ]
}
