{
   "id" : "id165097",
   "p" : [
      {
         "l" : [ 3.3999999999999999, 1.1383000000000001, 1.9995000000000001 ],
         "u" : 0
      },
      {
         "d" : 4.5299103854270673,
         "l" : [ -1.0188999999999999, 0.1416, 1.9995000000000001 ],
         "u" : 1
      },
      {
         "d" : 5.2607103854270676,
         "l" : [ -1.0188999999999999, 0.1416, 1.2686999999999999 ],
         "u" : 2
      }
   ]
}
