{
   "id" : "id157546",
   "p" : [
      {
         "l" : [ 3.6716000000000002, -2.7000999999999999, 1.9995000000000001 ],
         "u" : 0
      },
      {
         "d" : 1.1095000000000002,
         "l" : [ 3.6716000000000002, -2.7000999999999999, 0.89000000000000001 ],
         "u" : 1
      }
   ]
}
