{
   "id" : "id307236",
   "p" : [
      {
         "l" : [ 1.77693708016384, 1.2930930187518299, 0.89499999349057302 ],
         "u" : 0
      },
      {
         "d" : 1.7300000035281726,
         "l" : [ 1.776937078096456, 1.2930930158928182, 2.6249999934905701 ],
         "u" : 1.0000000007897663
      },
      {
         "d" : 6.1973671550154812,
         "l" : [ -0.84077925946237497, -2.3269802486223599, 2.624999993288232 ],
         "u" : 2.000000000197403
      },
      {
         "d" : 7.222367154813143,
         "l" : [ -0.84077925946237497, -2.3269802486223599, 1.59999999349057 ],
         "u" : 3
      }
   ]
}
