{
   "id" : "id184202",
   "p" : [
      {
         "l" : [ -0.35809999999999997, -3.0312999999999999, 1.4472 ],
         "u" : 0
      },
      {
         "d" : 0.062799999999999981,
         "l" : [ -0.35809999999999997, -3.0312999999999999, 1.51 ],
         "u" : 1
      },
      {
         "d" : 0.56981906275799921,
         "l" : [ -0.44679999999999997, -2.5320999999999998, 1.51 ],
         "u" : 2
      }
   ]
}
