{
   "id" : "id308207",
   "p" : [
      {
         "l" : [ -0.083410784708041502, 0.75572227991753405, 0.89499999349057302 ],
         "u" : 0
      },
      {
         "d" : 1.4028755182761126,
         "l" : [ -0.86656849908852795, -0.40770427154699201, 0.89499999349057302 ],
         "t" : 0.56115020731044507,
         "u" : 5
      }
   ]
}
