{
   "id" : "id180120",
   "p" : [
      {
         "l" : [ 2.8235000000000001, -1.4466000000000001, 1.1022000000000001 ],
         "u" : 0
      },
      {
         "d" : 0.8973000000000001,
         "l" : [ 2.8235000000000001, -1.4466000000000001, 1.9995000000000001 ],
         "u" : 1
      }
   ]
}
