{
   "id" : "id295830",
   "p" : [
      {
         "l" : [ -0.91859543854598102, -2.2973307204760101, 0.63998799267501005 ],
         "u" : 0
      },
      {
         "d" : 0.054837996418837832,
         "l" : [ -0.97325404141504901, -2.2928986799037698, 0.63998799267501005 ],
         "t" : 0.01645139892565135,
         "u" : 1.0000000000000004
      },
      {
         "d" : 0.20475764296960161,
         "l" : [ -1.05890948869347, -2.41593950554079, 0.63998799267501005 ],
         "t" : 0.061427292890880489,
         "u" : 2
      }
   ]
}
