{
   "id" : "id299100",
   "p" : [
      {
         "l" : [ 1.3687674053422101, 1.2627624583005801, 0.639988 ],
         "u" : 0
      },
      {
         "d" : 0.056482110678192511,
         "l" : [ 1.3612676345745895, 1.3187444399116015, 0.639988 ],
         "t" : 0.016944633203457751,
         "u" : 1.0000000000000473
      },
      {
         "d" : 0.089526340057355019,
         "l" : [ 1.351842706441055, 1.3504160648295018, 0.639988 ],
         "t" : 0.026857902017206503,
         "u" : 2.0000000000002016
      },
      {
         "d" : 0.18546582402173528,
         "l" : [ 1.2758931140183301, 1.4090338436527701, 0.639988 ],
         "t" : 0.055639747206520582,
         "u" : 3
      }
   ]
}
