{
   "id" : "id300528",
   "p" : [
      {
         "l" : [ 2.3603170846968702, 1.4663733098692899, 0.639988 ],
         "u" : 0
      },
      {
         "d" : 0.21986447986810714,
         "l" : [ 2.1407268791876963, 1.4748305695621944, 0.639988 ],
         "t" : 0.06595934396043214,
         "u" : 1.9999999999785316
      },
      {
         "d" : 0.59612418767930941,
         "l" : [ 1.7866860213211113, 1.6019424270253164, 0.639988 ],
         "t" : 0.17883725630379282,
         "u" : 4.9999999999124709
      },
      {
         "d" : 0.63978139592907479,
         "l" : [ 1.7506954259415, 1.6263383091471, 0.639988 ],
         "t" : 0.19193441877872242,
         "u" : 7
      }
   ]
}
