{
   "id" : "id278049",
   "p" : [
      {
         "l" : [ -0.66457871846848005, -1.8323394551493399, 0.89500599999999997 ],
         "u" : 0
      },
      {
         "d" : 0.081734615136300134,
         "l" : [ -0.61972087712421098, -1.76401433984456, 0.89500599999999997 ],
         "t" : 0.55728146683840996,
         "u" : 1
      }
   ]
}
