{
   "id" : "id289571",
   "p" : [
      {
         "l" : [ 1.3703668544874099, -2.5424115584357598, 0.62999999665505002 ],
         "u" : 0
      },
      {
         "d" : 0.062672747057420444,
         "l" : [ 1.42738236231542, -2.5164062435764101, 0.62999999665505002 ],
         "t" : 0.007520729646890453,
         "u" : 3
      }
   ]
}
