{
   "id" : "id270179",
   "p" : [
      {
         "l" : [ 2.7147000000000001, 0.91739999999999999, 1.0109999999999999 ],
         "u" : 0
      },
      {
         "d" : 0.98850000000000016,
         "l" : [ 2.7147000000000001, 0.91739999999999999, 1.9995000000000001 ],
         "u" : 1
      }
   ]
}
