{
   "id" : "id181419",
   "p" : [
      {
         "l" : [ -0.61329999999999996, 3.2869000000000002, 0.93330000000000002 ],
         "u" : 0
      },
      {
         "d" : 0.39369999999999999,
         "l" : [ -0.61329999999999996, 3.2869000000000002, 0.53959999999999997 ],
         "t" : 2.7608695652173916,
         "u" : 1
      },
      {
         "d" : 0.78738497558327047,
         "l" : [ -0.88260000000000005, 3, 0.5272 ],
         "t" : 5.5216337698686573,
         "u" : 2
      }
   ]
}
