{
   "id" : "id182091",
   "p" : [
      {
         "l" : [ 0.71530000000000005, -2.8331, 1.4774 ],
         "u" : 0
      },
      {
         "d" : 0.12629999999999975,
         "l" : [ 0.71530000000000005, -2.8331, 1.6036999999999999 ],
         "u" : 0.99999999999999956
      },
      {
         "d" : 3.2893387683365498,
         "l" : [ 3.4247999999999998, -1.2011000000000001, 1.6036999999999999 ],
         "u" : 2
      }
   ]
}
