{
   "id" : "id163121",
   "p" : [
      {
         "l" : [ 2.4900000000000002, 1.4504999999999999, 0.625 ],
         "u" : 0
      },
      {
         "d" : 0.039399999999999949,
         "l" : [ 2.4900000000000002, 1.4899, 0.625 ],
         "t" : 0.306973120373977,
         "u" : 1
      },
      {
         "d" : 0.078800000000000106,
         "l" : [ 2.4506000000000001, 1.4899, 0.625 ],
         "t" : 0.61394624074795567,
         "u" : 2
      }
   ]
}
