{
   "id" : "id183771",
   "p" : [
      {
         "l" : [ 1.6479999999999999, 0.95820000000000005, 0.88200000000000001 ],
         "u" : 0
      },
      {
         "d" : 0.23620000000000002,
         "l" : [ 1.6479999999999999, 0.95820000000000005, 1.1182000000000001 ],
         "t" : 1.6563814866760171,
         "u" : 1
      }
   ]
}
