{
   "id" : "id310624",
   "p" : [
      {
         "l" : [ 1.23567592278761, -2.7081999078878298, 0.88500000042284499 ],
         "u" : 0
      },
      {
         "d" : 1.114999999517807,
         "l" : [ 1.23567592278761, -2.7081999078878298, 1.9999999999406519 ],
         "u" : 1.9999999987141381
      },
      {
         "d" : 2.6409529716052487,
         "l" : [ 2.5552669387013398, -1.9419023010335199, 2.0000000004228502 ],
         "u" : 3
      }
   ]
}
