{
   "id" : "id180557",
   "p" : [
      {
         "l" : [ -3, -0.0155, 0.4425 ],
         "u" : 0
      },
      {
         "d" : 0.99999999999999978,
         "l" : [ -3, -0.0155, 1.4424999999999999 ],
         "t" : 7.0126227208976157,
         "u" : 1
      }
   ]
}
