{
   "id" : "id163885",
   "p" : [
      {
         "l" : [ 1.8747, -2.2311999999999999, 0.625 ],
         "u" : 0
      },
      {
         "d" : 0.03934679148292692,
         "l" : [ 1.8937999999999879, -2.1968000000000014, 0.625 ],
         "t" : 0.30655856239132778,
         "u" : 1.0000000000031262
      },
      {
         "d" : 0.078749804048233327,
         "l" : [ 1.8548, -2.2023999999999999, 0.625 ],
         "t" : 0.61355515425191531,
         "u" : 3
      }
   ]
}
