{
   "id" : "id300706",
   "p" : [
      {
         "l" : [ 1.3713307411128499, 1.73054366278518, 0.639988 ],
         "u" : 0
      },
      {
         "d" : 0.1328577309508765,
         "l" : [ 1.4999111817429711, 1.6972955691819398, 0.639988 ],
         "t" : 0.039857319285262947,
         "u" : 2.9999999998951705
      },
      {
         "d" : 0.15867396780019805,
         "l" : [ 1.5255347022381789, 1.6941470326191443, 0.639988 ],
         "t" : 0.047602190340059414,
         "u" : 3.9999999998239466
      },
      {
         "d" : 0.23459996337258826,
         "l" : [ 1.5964680416072199, 1.72122503419856, 0.639988 ],
         "t" : 0.070379989011776473,
         "u" : 5
      }
   ]
}
