{
   "id" : "id296765",
   "p" : [
      {
         "l" : [ -1.1646954382896699, -2.47720525758869, 0.63499999267500995 ],
         "u" : 0
      },
      {
         "d" : 1.49,
         "l" : [ -1.1646954382896699, -2.47720525758869, 2.1249999926750101 ],
         "u" : 1
      }
   ]
}
