{
   "id" : "id183248",
   "p" : [
      {
         "l" : [ 3.4245999999999999, 0.44890000000000002, 1.6221000000000001 ],
         "u" : 0
      },
      {
         "d" : 0.39370000000000005,
         "l" : [ 3.4245999999999999, 0.44890000000000002, 1.2283999999999999 ],
         "t" : 2.760869565217392,
         "u" : 0.99999999999999989
      },
      {
         "d" : 0.78743765377469299,
         "l" : [ 3.0312000000000001, 0.43659999999999999, 1.2391000000000001 ],
         "t" : 5.5220031821507236,
         "u" : 2
      }
   ]
}
