{
   "id" : "id298212",
   "p" : [
      {
         "l" : [ -2.2915422433470201, 1.40167024243787, 0.639988 ],
         "u" : 0
      },
      {
         "d" : 0.048151676347065388,
         "l" : [ -2.29854806107579, 1.4493095376990699, 0.639988 ],
         "t" : 0.014445502904119615,
         "u" : 1
      },
      {
         "d" : 0.18272631653160459,
         "l" : [ -2.4159389347293598, 1.5151101194871499, 0.639988 ],
         "t" : 0.054817894959481375,
         "u" : 2
      }
   ]
}
