{
   "id" : "id270244",
   "p" : [
      {
         "l" : [ 2.9352, 0.9042, 1.0405 ],
         "u" : 0
      },
      {
         "d" : 0.95899999999999996,
         "l" : [ 2.9352, 0.9042, 1.9995000000000001 ],
         "u" : 1
      }
   ]
}
