{
   "id" : "id294347",
   "p" : [
      {
         "l" : [ -2.1083472690372398, -1.4214718571526299, 0.63998799267501005 ],
         "u" : 0
      },
      {
         "d" : 0.48705639228741182,
         "l" : [ -1.957838059328298, -0.95825386628783393, 0.63998799267501005 ],
         "t" : 0.14611691768622354,
         "u" : 1.0000000000192717
      },
      {
         "d" : 0.54935146395380918,
         "l" : [ -1.9566470314339599, -0.89647834238180002, 0.63998799267501005 ],
         "t" : 0.16480543918614274,
         "u" : 3
      }
   ]
}
