{
   "id" : "id289586",
   "p" : [
      {
         "l" : [ 1.42738236231542, -2.5164062435764101, 0.62999999665505002 ],
         "u" : 0
      },
      {
         "d" : 1.37000000334495,
         "l" : [ 1.42738236231542, -2.5164062435764101, 2 ],
         "u" : 1
      }
   ]
}
