{
   "id" : "id299015",
   "p" : [
      {
         "l" : [ 1.41028849969781, 1.2758760386291701, 0.639988 ],
         "u" : 0
      },
      {
         "d" : 0.11648135751700364,
         "l" : [ 1.3778089056809044, 1.3877216245502821, 0.639988 ],
         "t" : 0.03494440725510109,
         "u" : 2.9999999999978519
      },
      {
         "d" : 0.1455610373901414,
         "l" : [ 1.3658309864720177, 1.4142198741707652, 0.639988 ],
         "t" : 0.04366831121704242,
         "u" : 3.9999999990484403
      },
      {
         "d" : 0.23062382769886514,
         "l" : [ 1.2955014192367, 1.4620678654233501, 0.639988 ],
         "t" : 0.069187148309659538,
         "u" : 5
      }
   ]
}
