{
   "id" : "id275077",
   "p" : [
      {
         "l" : [ 2.8520614916951801, -1.8080779613229601, 0.89500599999999997 ],
         "u" : 0
      },
      {
         "d" : 0.0076437055021911357,
         "l" : [ 2.8449529900624202, -1.80526951937705, 0.89500599999999997 ],
         "t" : 0.00091724466026293623,
         "u" : 2
      }
   ]
}
