{
   "id" : "id271034",
   "p" : [
      {
         "l" : [ -3, -0.3634, 0.92500000000000004 ],
         "u" : 0
      },
      {
         "d" : 1.0745000000000002,
         "l" : [ -3, -0.3634, 1.9995000000000001 ],
         "u" : 1
      }
   ]
}
