{
   "id" : "id309419",
   "p" : [
      {
         "l" : [ 1.2244342532852699, -3.3038097791895802, 0.88500000042284499 ],
         "u" : 0
      },
      {
         "d" : 1.1149999995178068,
         "l" : [ 1.2244342532852699, -3.3038097791895802, 1.9999999999406519 ],
         "u" : 1.9999999987141379
      },
      {
         "d" : 3.7602346854850386,
         "l" : [ 3.4484123296570801, -1.87161284541593, 2.0000000004228502 ],
         "u" : 3
      }
   ]
}
