{
   "id" : "id181317",
   "p" : [
      {
         "l" : [ -1.4924999999999999, 1.0508, 0.62180000000000002 ],
         "u" : 0
      },
      {
         "d" : 0.99999999999999989,
         "l" : [ -1.4924999999999999, 1.0508, 1.6217999999999999 ],
         "t" : 7.0126227208976157,
         "u" : 1
      }
   ]
}
