{
   "id" : "id160571",
   "p" : [
      {
         "l" : [ 3.6591999999999998, 0.42480000000000001, 1.9995000000000001 ],
         "u" : 0
      },
      {
         "d" : 7.3346077993305121,
         "l" : [ -3.6722000000000001, 0.2079, 1.9995000000000001 ],
         "u" : 1
      },
      {
         "d" : 8.7091077993305124,
         "l" : [ -3.6722000000000001, 0.2079, 0.625 ],
         "u" : 2
      }
   ]
}
