{
   "id" : "id278474",
   "p" : [
      {
         "l" : [ 0.55020033662996903, 0.53279169745598698, 0.89500599999999997 ],
         "u" : 0
      },
      {
         "d" : 1.1049940000380232,
         "l" : [ 0.55020033660644474, 0.53279169742611443, 2 ],
         "u" : 1.0000000000305176
      },
      {
         "d" : 2.3509348522809561,
         "l" : [ -0.22064369108012, -0.44606891177566999, 1.9999999999916076 ],
         "u" : 2.0000000000076295
      },
      {
         "d" : 3.4509348522725638,
         "l" : [ -0.22064369108012, -0.44606891177566999, 0.90000000000000002 ],
         "u" : 3
      }
   ]
}
