{
   "id" : "id306808",
   "p" : [
      {
         "l" : [ -0.84105471124613196, -2.6789173233425299, 1.59999999349057 ],
         "u" : 0
      },
      {
         "d" : 0.70499999999999696,
         "l" : [ -0.84105471124613196, -2.6789173233425299, 0.89499999349057302 ],
         "t" : 2.8199999999999878,
         "u" : 1
      }
   ]
}
