{
   "id" : "id274312",
   "p" : [
      {
         "l" : [ 2.1875, 2.1875, 1.875 ],
         "u" : 0
      },
      {
         "d" : 0.12450000000000007,
         "l" : [ 2.1875, 2.1875, 1.9995000000000001 ],
         "u" : 1
      },
      {
         "d" : 1.1990000000000003,
         "l" : [ 2.1875, 2.1875, 0.92500000000000004 ],
         "u" : 2
      }
   ]
}
