{
   "id" : "id180303",
   "p" : [
      {
         "l" : [ -3.6937000000000002, 0.50770000000000004, 1.9995000000000001 ],
         "u" : 0
      },
      {
         "d" : 5.1559082226121893,
         "l" : [ 0.70509999999999995, 3.1972999999999998, 1.9995000000000001 ],
         "u" : 1
      },
      {
         "d" : 5.8548082226121894,
         "l" : [ 0.70509999999999995, 3.1972999999999998, 1.3006 ],
         "u" : 2
      }
   ]
}
