{
   "id" : "id184009",
   "p" : [
      {
         "l" : [ 0.33250000000000002, -2.9249999999999998, 1.4325000000000001 ],
         "u" : 0
      },
      {
         "d" : 0.075006039880772174,
         "l" : [ 0.33220000000000077, -2.9999999999998308, 1.4328000000000023 ],
         "t" : 0.32873355681857785,
         "u" : 1.9999999999923708
      },
      {
         "d" : 0.1063736983845659,
         "l" : [ 0.33119999999999999, -3.0312999999999999, 1.431 ],
         "t" : 0.46621051154667309,
         "u" : 3
      }
   ]
}
