{
   "id" : "id162262",
   "p" : [
      {
         "l" : [ -1.4605999999999999, -2.5, 0.625 ],
         "u" : 0
      },
      {
         "d" : 0.57609999999999983,
         "l" : [ -0.88449999999999995, -2.5, 0.625 ],
         "t" : 3.5908996467899432,
         "u" : 1
      }
   ]
}
