{
   "id" : "id181916",
   "p" : [
      {
         "l" : [ 3.4247000000000001, -1.4736, 1.4942 ],
         "u" : 0
      },
      {
         "d" : 0.39369999999999988,
         "l" : [ 3.4247000000000001, -1.4736, 1.1005 ],
         "t" : 2.7608695652173911,
         "u" : 0.99999999999999989
      },
      {
         "d" : 0.78747967189787738,
         "l" : [ 3.0312000000000001, -1.4859, 1.1088 ],
         "t" : 5.5222978393960549,
         "u" : 2
      }
   ]
}
