{
   "id" : "id309534",
   "p" : [
      {
         "l" : [ 1.2308907944530301, -3.2685773085376701, 0.88500000042284499 ],
         "u" : 0
      },
      {
         "d" : 1.114999999517807,
         "l" : [ 1.2308907944530301, -3.2685773085376701, 1.9999999999406519 ],
         "u" : 1.9999999987141381
      },
      {
         "d" : 3.6913421745051238,
         "l" : [ 3.4096282668745999, -1.8935711171334899, 2.0000000004228502 ],
         "u" : 3
      }
   ]
}
