{
   "id" : "id180576",
   "p" : [
      {
         "l" : [ 0.54179999999999995, 3.3212999999999999, 0.94979999999999998 ],
         "u" : 0
      },
      {
         "d" : 0.39369999999999994,
         "l" : [ 0.54179999999999995, 3.3212999999999999, 0.55610000000000004 ],
         "t" : 2.7608695652173911,
         "u" : 1.0000000000000002
      },
      {
         "d" : 0.78739044946505854,
         "l" : [ 0.316, 3, 0.52829999999999999 ],
         "t" : 5.5216721561364555,
         "u" : 2
      }
   ]
}
