{
   "id" : "id163870",
   "p" : [
      {
         "l" : [ 1.8072999999999999, -2.29, 0.625 ],
         "u" : 0
      },
      {
         "d" : 0.039400000000000081,
         "l" : [ 1.8467, -2.29, 0.625 ],
         "t" : 0.30697312037397806,
         "u" : 1
      },
      {
         "d" : 0.078777658640401718,
         "l" : [ 1.8631, -2.2542, 0.625 ],
         "t" : 0.61377217483756707,
         "u" : 2
      }
   ]
}
