{
   "id" : "id309553",
   "p" : [
      {
         "l" : [ 3.4096282668745999, -1.8935711171334899, 2.0000000004228502 ],
         "u" : 0
      },
      {
         "d" : 1.1150000000000053,
         "l" : [ 3.4096282668745999, -1.8935711171334899, 0.88500000042284499 ],
         "t" : 3.3450000000000162,
         "u" : 1
      }
   ]
}
