{
   "id" : "id304354",
   "p" : [
      {
         "l" : [ 3.7004024164581599, 1.2550060710390301, 0.89499999349057302 ],
         "u" : 0
      },
      {
         "d" : 1.7300000052061353,
         "l" : [ 3.7004024130169451, 1.2550060671323797, 2.6249999934905701 ],
         "u" : 1.0000000007897658
      },
      {
         "d" : 8.3220027239309751,
         "l" : [ -0.65685766571921, -3.6915871491388201, 2.6249999932882329 ],
         "u" : 2.0000000001974025
      },
      {
         "d" : 9.3470027237286377,
         "l" : [ -0.65685766571921, -3.6915871491388201, 1.59999999349057 ],
         "u" : 3
      }
   ]
}
