{
   "id" : "id184025",
   "p" : [
      {
         "l" : [ 0.33119999999999999, -3.0312999999999999, 1.6673 ],
         "u" : 0
      },
      {
         "d" : 0.17779999999999996,
         "l" : [ 0.33119999999999999, -3.0312999999999999, 1.8451 ],
         "u" : 0.99999999999999978
      },
      {
         "d" : 0.6917442090344047,
         "l" : [ 0.18529999999999999, -2.5385, 1.8451 ],
         "u" : 2
      }
   ]
}
