{
   "id" : "id183982",
   "p" : [
      {
         "l" : [ 0.47660000000000002, -3.0312999999999999, 1.3954 ],
         "u" : 0
      },
      {
         "d" : 0.23619999999999994,
         "l" : [ 0.47660000000000002, -3.0312999999999999, 1.6315999999999999 ],
         "t" : 1.6563814866760167,
         "u" : 1
      }
   ]
}
