{
   "id" : "id184266",
   "p" : [
      {
         "l" : [ -0.53080000000000005, -3.0312999999999999, 0.96779999999999999 ],
         "u" : 0
      },
      {
         "d" : 0.23619999999999999,
         "l" : [ -0.53080000000000005, -3.0312999999999999, 1.204 ],
         "t" : 1.6563814866760171,
         "u" : 1
      }
   ]
}
