{
   "id" : "id183896",
   "p" : [
      {
         "l" : [ 0.73719999999999997, -2.5339, 1.6561999999999999 ],
         "u" : 0
      },
      {
         "d" : 0.39369999999999988,
         "l" : [ 0.73719999999999997, -2.5339, 1.2625 ],
         "t" : 2.7608695652173911,
         "u" : 0.99999999999999989
      },
      {
         "d" : 0.7874081787314049,
         "l" : [ 0.73699999999999999, -2.9274, 1.2497 ],
         "t" : 5.5217964847924623,
         "u" : 2
      }
   ]
}
