{
   "id" : "id180131",
   "p" : [
      {
         "l" : [ 2.8235000000000001, -1.4466000000000001, 1.9995000000000001 ],
         "u" : 0
      },
      {
         "d" : 2.4974472106533101,
         "l" : [ 0.7399, -2.8235000000000001, 1.9995000000000001 ],
         "u" : 1
      },
      {
         "d" : 3.1890472106533103,
         "l" : [ 0.7399, -2.8235000000000001, 1.3079000000000001 ],
         "u" : 2
      }
   ]
}
