{
   "id" : "id182701",
   "p" : [
      {
         "l" : [ 3.4238, -0.28560000000000002, 1.6546000000000001 ],
         "u" : 0
      },
      {
         "d" : 0.39370000000000016,
         "l" : [ 3.4238, -0.28560000000000002, 1.2608999999999999 ],
         "t" : 2.7608695652173929,
         "u" : 0.99999999999999989
      },
      {
         "d" : 0.78739593597089619,
         "l" : [ 3.0312000000000001, -0.31230000000000002, 1.2730999999999999 ],
         "t" : 5.5217106309319517,
         "u" : 2
      }
   ]
}
