{
   "id" : "id181988",
   "p" : [
      {
         "l" : [ 0.81889999999999996, -2.8315000000000001, 1.1379999999999999 ],
         "u" : 0
      },
      {
         "d" : 0.23620000000000013,
         "l" : [ 0.81889999999999996, -2.8315000000000001, 1.3742000000000001 ],
         "t" : 1.656381486676018,
         "u" : 1
      }
   ]
}
