{
   "id" : "id183647",
   "p" : [
      {
         "l" : [ 0.66320000000000001, 0.4138, 0.88200000000000001 ],
         "u" : 0
      },
      {
         "d" : 0.23620000000000002,
         "l" : [ 0.66320000000000001, 0.4138, 1.1182000000000001 ],
         "t" : 1.6563814866760171,
         "u" : 1
      }
   ]
}
