{
   "id" : "id307866",
   "p" : [
      {
         "l" : [ 0.884935263047817, 0.93050263760068297, 0.89499999349057302 ],
         "u" : 0
      },
      {
         "d" : 1.7300000022234476,
         "l" : [ 0.88493526179178372, 0.9305026357659858, 2.6249999934905701 ],
         "u" : 1.000000000789766
      },
      {
         "d" : 4.5453284498577222,
         "l" : [ -0.705451263034784, -1.3925868951323801, 2.624999993288232 ],
         "u" : 2.000000000197403
      },
      {
         "d" : 5.570328449655384,
         "l" : [ -0.705451263034784, -1.3925868951323801, 1.59999999349057 ],
         "u" : 3
      }
   ]
}
