{
   "id" : "id162660",
   "p" : [
      {
         "l" : [ 1.7634000000000001, 1.6156999999999999, 0.63 ],
         "u" : 0
      },
      {
         "d" : 0.039381467722775489,
         "l" : [ 1.7873000000000001, 1.647, 0.63 ],
         "t" : 0.30682873177074788,
         "u" : 1.0000000000000002
      },
      {
         "d" : 0.078706396203320927,
         "l" : [ 1.7566999999999999, 1.6717, 0.63 ],
         "t" : 0.61321695522649733,
         "u" : 2
      }
   ]
}
