{
   "id" : "id268553",
   "p" : [
      {
         "l" : [ 0.80220000000000002, -2.9352, 1.9995000000000001 ],
         "u" : 0
      },
      {
         "d" : 0.12089999999999999,
         "l" : [ 0.92310000000000003, -2.9352, 1.9995000000000001 ],
         "u" : 1
      },
      {
         "d" : 1.1896,
         "l" : [ 0.92310000000000003, -2.9352, 0.93079999999999996 ],
         "u" : 2
      }
   ]
}
