{
   "id" : "id183125",
   "p" : [
      {
         "l" : [ -0.51990000000000003, -2.8329, 1.1827000000000001 ],
         "u" : 0
      },
      {
         "d" : 0.45189999999999997,
         "l" : [ -0.51990000000000003, -2.8329, 1.6346000000000001 ],
         "u" : 0.99999999999999989
      },
      {
         "d" : 5.4889265534340792,
         "l" : [ 3.4245999999999999, 0.29959999999999998, 1.6346000000000001 ],
         "u" : 2
      }
   ]
}
