{
   "id" : "id184187",
   "p" : [
      {
         "l" : [ -0.35730000000000001, -2.9279999999999999, 1.2141 ],
         "u" : 0
      },
      {
         "d" : 0.072026800567566607,
         "l" : [ -0.35920000000000002, -3, 1.2136 ],
         "t" : 0.31567626253133652,
         "u" : 0.999999999999999
      },
      {
         "d" : 0.10345385897270522,
         "l" : [ -0.35809999999999997, -3.0312999999999999, 1.2110000000000001 ],
         "t" : 0.4534135528387373,
         "u" : 2
      }
   ]
}
