{
   "id" : "id307811",
   "p" : [
      {
         "l" : [ -0.73910119757078896, -1.5416081516331099, 1.59999999349057 ],
         "u" : 0
      },
      {
         "d" : 0.70499999999999696,
         "l" : [ -0.73910119757078896, -1.5416081516331099, 0.89499999349057302 ],
         "t" : 2.8199999999999878,
         "u" : 1
      }
   ]
}
