{
   "id" : "id163280",
   "p" : [
      {
         "l" : [ 1.0190999999999999, 1.0351999999999999, 0.625 ],
         "u" : 0
      },
      {
         "d" : 0.039323557128528953,
         "l" : [ 1.0005999999999999, 1.0004999999999999, 0.625 ],
         "t" : 0.30637753898347453,
         "u" : 2
      },
      {
         "d" : 0.078689681516101131,
         "l" : [ 1.0354000000000001, 1.0188999999999999, 0.625 ],
         "t" : 0.61308672782314866,
         "u" : 4
      }
   ]
}
