{
   "id" : "id304905",
   "p" : [
      {
         "l" : [ 3.5724708016903999, 1.33896354301974, 0.89499999349057302 ],
         "u" : 0
      },
      {
         "d" : 1.7300000051739945,
         "l" : [ 3.5724707982633022, 1.3389635391434982, 2.6249999934905701 ],
         "u" : 1.0000000007897658
      },
      {
         "d" : 8.281306127535613,
         "l" : [ -0.76691437605037505, -3.5691265390017999, 2.6249999932882329 ],
         "u" : 2.0000000001974025
      },
      {
         "d" : 9.3063061273332757,
         "l" : [ -0.76691437605037505, -3.5691265390017999, 1.59999999349057 ],
         "u" : 3
      }
   ]
}
