{
   "id" : "id280764",
   "p" : [
      {
         "l" : [ -1.4184920522215601, -2.5424115574836401, 0.644999989353499 ],
         "u" : 0
      },
      {
         "d" : 0.10784258896900689,
         "l" : [ -1.3633781251537962, -2.4548869977176908, 0.644999989353499 ],
         "t" : 0.012941110676280827,
         "u" : 2.0000000002169482
      },
      {
         "d" : 1.7855164627532782,
         "l" : [ -1.5271786368030233, -0.78522864369390555, 0.644999989353499 ],
         "t" : 0.21426197553039336,
         "u" : 3.0000000004013176
      },
      {
         "d" : 1.8822509248657133,
         "l" : [ -1.58644463731985, -0.71278974990070199, 0.644999989353499 ],
         "t" : 0.2258701109838856,
         "u" : 5
      }
   ]
}
