{
   "id" : "id310017",
   "p" : [
      {
         "l" : [ 3.2631322345935798, -1.9386273714375899, 0.88500000042284499 ],
         "u" : 0
      },
      {
         "d" : 0.09589534616916201,
         "l" : [ 3.1746004997763002, -1.9017756503496099, 0.88500000042284499 ],
         "t" : 0.084256688878715458,
         "u" : 1
      }
   ]
}
