{
   "id" : "id160920",
   "p" : [
      {
         "l" : [ 0.36030000000000001, 3.4882, 0.625 ],
         "u" : 0
      },
      {
         "d" : 1.3745000000000001,
         "l" : [ 0.36030000000000001, 3.4882, 1.9995000000000001 ],
         "u" : 1
      }
   ]
}
