{
   "id" : "id161687",
   "p" : [
      {
         "l" : [ -1.1913, -1.7235, 0.625 ],
         "u" : 0
      },
      {
         "d" : 0.35274388904717008,
         "l" : [ -1.1255999999976045, -1.3769999999897091, 0.625 ],
         "t" : 2.1986945089164975,
         "u" : 7.0000000008871543
      },
      {
         "d" : 0.70108346977246194,
         "l" : [ -1.0377000000043011, -1.0400000000145873, 0.625 ],
         "t" : 4.3699364415486937,
         "u" : 14.999999999641588
      },
      {
         "d" : 0.86169280965228356,
         "l" : [ -0.88370000000000004, -1.0855999999999999, 0.625 ],
         "t" : 5.3710335112338479,
         "u" : 17
      }
   ]
}
