{
   "id" : "id161840",
   "p" : [
      {
         "l" : [ -1.2505999999999999, -2.29, 0.625 ],
         "u" : 0
      },
      {
         "d" : 0.15940000000000004,
         "l" : [ -1.0911999999999999, -2.29, 0.625 ],
         "t" : 0.99355911074174152,
         "u" : 1
      }
   ]
}
