{
   "id" : "id179821",
   "p" : [
      {
         "l" : [ -2.6600000000000001, -0.086199999999999999, 0.88729999999999998 ],
         "u" : 0
      },
      {
         "d" : 1.1121999999999999,
         "l" : [ -2.6600000000000001, -0.086199999999999999, 1.9995000000000001 ],
         "u" : 1
      }
   ]
}
