{
   "id" : "id160560",
   "p" : [
      {
         "l" : [ 3.6591999999999998, 0.42480000000000001, 1.2581 ],
         "u" : 0
      },
      {
         "d" : 0.74140000000000006,
         "l" : [ 3.6591999999999998, 0.42480000000000001, 1.9995000000000001 ],
         "u" : 1
      }
   ]
}
