{
   "id" : "id201034",
   "p" : [
      {
         "l" : [ 0.63829999999999998, 3.6937000000000002, 1.9995000000000001 ],
         "u" : 0
      },
      {
         "d" : 1.8626,
         "l" : [ -1.2242999999999999, 3.6937000000000002, 1.9995000000000001 ],
         "u" : 1
      },
      {
         "d" : 3.2421000000000002,
         "l" : [ -1.2242999999999999, 3.6937000000000002, 0.62 ],
         "u" : 2
      }
   ]
}
