{
   "id" : "id179724",
   "p" : [
      {
         "l" : [ -3, 0.50539999999999996, 0.88739999999999997 ],
         "u" : 0
      },
      {
         "d" : 1.1121000000000001,
         "l" : [ -3, 0.50539999999999996, 1.9995000000000001 ],
         "u" : 1
      }
   ]
}
