{
   "id" : "id295870",
   "p" : [
      {
         "l" : [ -0.94391656676016, -2.3535910406128902, 0.63998799267501005 ],
         "u" : 0
      },
      {
         "d" : 0.017458618113206363,
         "l" : [ -0.95992373067525316, -2.3605605491908399, 0.63998799267501005 ],
         "t" : 0.0052375854339619084,
         "u" : 1.0000000000000033
      },
      {
         "d" : 0.068931597291697344,
         "l" : [ -0.99325428956774597, -2.3997847946191899, 0.63998799267501005 ],
         "t" : 0.020679479187509203,
         "u" : 2
      }
   ]
}
