{
   "id" : "id184061",
   "p" : [
      {
         "l" : [ 0.18179999999999999, -3.0312999999999999, 1.6759999999999999 ],
         "u" : 0
      },
      {
         "d" : 0.15460000000000004,
         "l" : [ 0.18179999999999999, -3.0312999999999999, 1.8306 ],
         "u" : 0.99999999999999978
      },
      {
         "d" : 0.67263600260985701,
         "l" : [ 0.036700000000000003, -2.5339999999999998, 1.8306 ],
         "u" : 2
      }
   ]
}
