{
   "id" : "id308705",
   "p" : [
      {
         "l" : [ 1.04838754111926, -3.5231007807421002, 0.88500000042284499 ],
         "u" : 0
      },
      {
         "d" : 0.069117201448120058,
         "l" : [ 1.0259369503222, -3.5884667260163501, 0.88500000042284499 ],
         "t" : 0.041470320868872035,
         "u" : 2
      }
   ]
}
