{
   "id" : "id163158",
   "p" : [
      {
         "l" : [ 1.6500999999999999, 1.6256999999999999, 0.625 ],
         "u" : 0
      },
      {
         "d" : 1.3745000000120871,
         "l" : [ 1.6500999999905028, 1.625699999992523, 1.9995000000000001 ],
         "u" : 1.0000000000305176
      },
      {
         "d" : 1.7705687314194547,
         "l" : [ 1.3389, 1.3807, 1.9994999999896277 ],
         "u" : 2.0000000000076295
      },
      {
         "d" : 3.1300687314090823,
         "l" : [ 1.3389, 1.3807, 0.64000000000000001 ],
         "u" : 3
      }
   ]
}
