{
   "id" : "id294439",
   "p" : [
      {
         "l" : [ -2.17478585199758, -1.41617049426359, 0.63998799267501005 ],
         "u" : 0
      },
      {
         "d" : 0.47339555320566495,
         "l" : [ -2.0329334887718864, -0.96452765213921476, 0.63998799267501005 ],
         "t" : 0.14201866596169949,
         "u" : 1.0000000000038922
      },
      {
         "d" : 0.53261143367908903,
         "l" : [ -2.0315116817935599, -0.90576480033374995, 0.63998799267501005 ],
         "t" : 0.1597834301037267,
         "u" : 3
      }
   ]
}
