{
   "id" : "id275032",
   "p" : [
      {
         "l" : [ 1.13533937616571, -2.7777211994990298, 0.89500599999999997 ],
         "u" : 0
      },
      {
         "d" : 1.104994000061805,
         "l" : [ 1.1353393762205215, -2.7777211994704722, 2 ],
         "u" : 1.0000000000305176
      },
      {
         "d" : 3.1302173252028904,
         "l" : [ 2.93140587994414, -1.84194631689265, 1.9999999999916076 ],
         "u" : 2.0000000000076295
      },
      {
         "d" : 4.2302173251944986,
         "l" : [ 2.93140587994414, -1.84194631689265, 0.90000000000000002 ],
         "u" : 3
      }
   ]
}
