{
   "id" : "id181897",
   "p" : [
      {
         "l" : [ 0.90349999999999997, -2.8321999999999998, 1.0172000000000001 ],
         "u" : 0
      },
      {
         "d" : 0.23620000000000002,
         "l" : [ 0.90349999999999997, -2.8321999999999998, 1.2534000000000001 ],
         "t" : 1.6563814866760171,
         "u" : 1
      }
   ]
}
