{
   "id" : "id309666",
   "p" : [
      {
         "l" : [ 3.36889354086277, -1.91165567738474, 2.0000000004228502 ],
         "u" : 0
      },
      {
         "d" : 1.1150000000000053,
         "l" : [ 3.36889354086277, -1.91165567738474, 0.88500000042284499 ],
         "t" : 3.3450000000000162,
         "u" : 1
      }
   ]
}
