{
   "id" : "id166259",
   "p" : [
      {
         "l" : [ 1.0177, -3.3999999999999999, 0.88 ],
         "u" : 0
      },
      {
         "d" : 1.1194999999999999,
         "l" : [ 1.0177, -3.3999999999999999, 1.9995000000000001 ],
         "u" : 1
      }
   ]
}
