{
   "id" : "id295505",
   "p" : [
      {
         "l" : [ -0.90615871609546195, -2.0456863788148798, 0.63998799267501005 ],
         "u" : 0
      },
      {
         "d" : 0.49610403753302307,
         "l" : [ -1.4011254495773213, -2.0141273054734596, 0.63998799267501005 ],
         "t" : 0.14883121125990692,
         "u" : 3.0000000000050111
      },
      {
         "d" : 0.53707518849364644,
         "l" : [ -1.44158663066223, -2.0195856049577299, 0.63998799267501005 ],
         "t" : 0.16112255654809393,
         "u" : 5
      }
   ]
}
