{
   "id" : "id184037",
   "p" : [
      {
         "l" : [ 0.18529999999999999, -2.5385, 1.8451 ],
         "u" : 0
      },
      {
         "d" : 0.39369999999999988,
         "l" : [ 0.18529999999999999, -2.5385, 1.4514 ],
         "t" : 2.7608695652173911,
         "u" : 1
      },
      {
         "d" : 0.78742565321553548,
         "l" : [ 0.18310000000000001, -2.9321000000000002, 1.4417 ],
         "t" : 5.5219190267569118,
         "u" : 2
      }
   ]
}
