{
   "id" : "id274848",
   "p" : [
      {
         "l" : [ 3.2426784859242002, -1.82203408063106, 0.90000000000000002 ],
         "u" : 0
      },
      {
         "d" : 0.0049940000000001546,
         "l" : [ 3.2426784859242002, -1.82203408063106, 0.89500599999999997 ],
         "t" : 0.0029964000000000926,
         "u" : 1
      }
   ]
}
