{
   "id" : "id294206",
   "p" : [
      {
         "l" : [ -2.0106813707983702, -1.44418098573313, 0.63998799267501005 ],
         "u" : 0
      },
      {
         "d" : 0.52670636797326331,
         "l" : [ -1.8406998373880701, -0.94565853175132397, 0.63998799267501005 ],
         "t" : 0.15801191039197898,
         "u" : 2
      },
      {
         "d" : 0.59295588540650712,
         "l" : [ -1.8397328941750799, -0.88002830116820696, 0.63998799267501005 ],
         "t" : 0.17788676562195213,
         "u" : 4
      }
   ]
}
