{
   "id" : "id310419",
   "p" : [
      {
         "l" : [ 1.23566100643442, -2.7524324403328801, 0.88500000042284499 ],
         "u" : 0
      },
      {
         "d" : 1.1149999995178068,
         "l" : [ 1.23566100643442, -2.7524324403328801, 1.9999999999406519 ],
         "u" : 1.9999999987141379
      },
      {
         "d" : 2.9823445968746896,
         "l" : [ 2.9181545186300402, -1.94237600717731, 2.0000000004228502 ],
         "u" : 3
      }
   ]
}
