{
   "id" : "id161474",
   "p" : [
      {
         "l" : [ -2.4506000000000001, -0.85540000000000005, 0.63 ],
         "u" : 0
      },
      {
         "d" : 0.039400126903349091,
         "l" : [ -2.4900000000000002, -0.85529999999999995, 0.63 ],
         "t" : 0.30697410910283673,
         "u" : 1
      },
      {
         "d" : 0.078700126903349044,
         "l" : [ -2.4900000000000002, -0.89459999999999995, 0.63 ],
         "t" : 0.61316810988195591,
         "u" : 2
      }
   ]
}
