{
   "id" : "id166971",
   "p" : [
      {
         "l" : [ -3.25, -0.054899999999999997, 0.70630000000000004 ],
         "u" : 0
      },
      {
         "d" : 1.2931999998421579,
         "l" : [ -3.25, -0.054899999999999997, 1.9994999998421579 ],
         "u" : 0.99999999987794441
      },
      {
         "d" : 6.380440351578307,
         "l" : [ 0.50709999816547957, 3.374999998325245, 1.9995000000000001 ],
         "u" : 1.999999999511719
      },
      {
         "d" : 7.7391403540623092,
         "l" : [ 0.5071, 3.375, 0.64080000000000004 ],
         "u" : 3
      }
   ]
}
