{
   "id" : "id301180",
   "p" : [
      {
         "l" : [ 1.4160040083522301, 1.95735012171689, 0.639988 ],
         "u" : 0
      },
      {
         "d" : 0.0098379770742718746,
         "l" : [ 1.42568022308345, 1.95557342213924, 0.639988 ],
         "t" : 0.0029513931222815621,
         "u" : 1
      },
      {
         "d" : 0.039238266305539712,
         "l" : [ 1.4550640504091701, 1.9565571388537799, 0.639988 ],
         "t" : 0.011771479891661914,
         "u" : 2
      }
   ]
}
