{
   "id" : "id307737",
   "p" : [
      {
         "l" : [ -0.76520435822966004, -1.6759127024477301, 1.59999999349057 ],
         "u" : 0
      },
      {
         "d" : 0.70499999999999696,
         "l" : [ -0.76520435822966004, -1.6759127024477301, 0.89499999349057302 ],
         "t" : 2.8199999999999878,
         "u" : 1
      }
   ]
}
