{
   "id" : "id303151",
   "p" : [
      {
         "l" : [ 1.82040467916377, -2.4159389354179499, 0.639988 ],
         "u" : 0
      },
      {
         "d" : 0.29354220946439241,
         "l" : [ 1.8185554413025962, -2.1224999280829282, 0.639988 ],
         "t" : 0.088062662839317726,
         "u" : 3.0000000000154539
      },
      {
         "d" : 0.34308414093773165,
         "l" : [ 1.8065243578307399, -2.0747032471331099, 0.639988 ],
         "t" : 0.10292524228131951,
         "u" : 5
      }
   ]
}
