{
   "id" : "id310189",
   "p" : [
      {
         "l" : [ 1.1920424321838701, -2.78706385910432, 0.88500000042284499 ],
         "u" : 0
      },
      {
         "d" : 0.11403459323639485,
         "l" : [ 1.2356137921635799, -2.8924403055265002, 0.88500000042284499 ],
         "t" : 0.068420755941836914,
         "u" : 2
      }
   ]
}
