{
   "id" : "id310912",
   "p" : [
      {
         "l" : [ 1.3793918830743399, -2.8279672295252398, 0.92499999349057305 ],
         "u" : 0
      },
      {
         "d" : 0.040000000000000049,
         "l" : [ 1.3793918830743399, -2.8279672295252398, 0.88499999349057301 ],
         "t" : 0.12000000000000015,
         "u" : 1
      }
   ]
}
