{
   "id" : "id169524",
   "p" : [
      {
         "l" : [ -1.4877, 1.7828999999999999, 0.93269999999999997 ],
         "u" : 0
      },
      {
         "d" : 1.066800000027768,
         "l" : [ -1.4876999999949791, 1.7829000000273103, 1.9995000000000001 ],
         "u" : 1.0000000000171536
      },
      {
         "d" : 2.6855821648685865,
         "l" : [ -1.1950000001509808, 3.3749999991787614, 1.9995000000000001 ],
         "u" : 1.9999999994841791
      },
      {
         "d" : 3.9009821657035881,
         "l" : [ -1.1950000000000001, 3.375, 0.78410000000000002 ],
         "u" : 3
      }
   ]
}
