{
   "id" : "id163686",
   "p" : [
      {
         "l" : [ 1.6371, -2.2694000000000001, 0.63 ],
         "u" : 0
      },
      {
         "d" : 0.039338472085640147,
         "l" : [ 1.6036000000014314, -2.2899999999990768, 0.63 ],
         "t" : 0.30649374433689247,
         "u" : 2.9999999999152971
      },
      {
         "d" : 0.078738472087343608,
         "l" : [ 1.6035999999999999, -2.3294000000000001, 0.63 ],
         "t" : 0.61346686472414191,
         "u" : 4
      }
   ]
}
