{
   "id" : "id309405",
   "p" : [
      {
         "l" : [ 1.1918949052233401, -3.2249964361618901, 0.88500000042284499 ],
         "u" : 0
      },
      {
         "d" : 0.085270391843493706,
         "l" : [ 1.2244342532852699, -3.3038097791895802, 0.88500000042284499 ],
         "t" : 0.051162235106096222,
         "u" : 2
      }
   ]
}
