{
   "id" : "id163346",
   "p" : [
      {
         "l" : [ 2.5, 1.4211, 0.625 ],
         "u" : 0
      },
      {
         "d" : 0.03939999999999988,
         "l" : [ 2.5, 1.4604999999999999, 0.625 ],
         "t" : 0.24558487429877343,
         "u" : 1
      }
   ]
}
