{
   "id" : "id168159",
   "p" : [
      {
         "l" : [ -3.25, 0.42899999999999999, 0.60819999999999996 ],
         "u" : 0
      },
      {
         "d" : 1.3912999999575422,
         "l" : [ -3.25, 0.42899999999999999, 1.9994999999575422 ],
         "u" : 0.9999999999694833
      },
      {
         "d" : 5.6146902135186689,
         "l" : [ -0.18410000037425484, 3.3336999996454226, 1.9995000000000001 ],
         "u" : 1.9999999998779299
      },
      {
         "d" : 7.0563902140342183,
         "l" : [ -0.18410000000000001, 3.3336999999999999, 0.55779999999999996 ],
         "u" : 3
      }
   ]
}
