{
   "id" : "id184195",
   "p" : [
      {
         "l" : [ -0.35809999999999997, -3.0312999999999999, 1.2110000000000001 ],
         "u" : 0
      },
      {
         "d" : 0.23620000000000002,
         "l" : [ -0.35809999999999997, -3.0312999999999999, 1.4472 ],
         "t" : 1.6563814866760171,
         "u" : 1
      }
   ]
}
