{
   "id" : "id179569",
   "p" : [
      {
         "l" : [ 1.3758999999999999, 0.63759999999999994, 1.3727 ],
         "u" : 0
      },
      {
         "d" : 0.62680000001021363,
         "l" : [ 1.3759000000097599, 0.63760000000301076, 1.9995000000000001 ],
         "u" : 1.0000000000066214
      },
      {
         "d" : 2.1693394898475145,
         "l" : [ 2.8498999962023079, 1.0922999988284867, 1.9995000000000001 ],
         "u" : 1.9999999974235469
      },
      {
         "d" : 3.0655394938217952,
         "l" : [ 2.8498999999999999, 1.0923, 1.1032999999999999 ],
         "u" : 3
      }
   ]
}
