{
   "id" : "id183137",
   "p" : [
      {
         "l" : [ 3.4245999999999999, 0.29959999999999998, 1.6346000000000001 ],
         "u" : 0
      },
      {
         "d" : 0.39370000000000022,
         "l" : [ 3.4245999999999999, 0.29959999999999998, 1.2408999999999999 ],
         "t" : 2.7608695652173934,
         "u" : 1
      },
      {
         "d" : 0.78743275200318319,
         "l" : [ 3.0312000000000001, 0.28720000000000001, 1.2513000000000001 ],
         "t" : 5.5219688078764619,
         "u" : 2
      }
   ]
}
