{
   "id" : "id276927",
   "p" : [
      {
         "l" : [ 2.69237541016793, 1.2191681490502999, 0.89500599999999997 ],
         "u" : 0
      },
      {
         "d" : 0.093227732913499117,
         "l" : [ 2.77804597239103, 1.2559293115897701, 0.89500599999999997 ],
         "t" : 0.011187327949619894,
         "u" : 3
      }
   ]
}
