{
   "id" : "id177386",
   "p" : [
      {
         "l" : [ -0.57720000000000005, -2.9518, 1.05 ],
         "u" : 0
      },
      {
         "d" : 0.94950000104637944,
         "l" : [ -0.57719999918560227, -2.9517999993429869, 1.9995000000000001 ],
         "u" : 1.0000000001929441
      },
      {
         "d" : 6.372726332212177,
         "l" : [ 3.6436999999999999, 0.45340000000000003, 1.999499999963164 ],
         "u" : 2.0000000000482339
      },
      {
         "d" : 7.1364263321753407,
         "l" : [ 3.6436999999999999, 0.45340000000000003, 1.2358 ],
         "u" : 3
      }
   ]
}
