{
   "id" : "id258497",
   "p" : [
      {
         "l" : [ -1.4117, 2.6206, 1.9995000000000001 ],
         "u" : 0
      },
      {
         "d" : 4.6595408808164782,
         "l" : [ 2.9344000000000001, 0.9405, 1.9995000000000001 ],
         "u" : 1
      },
      {
         "d" : 5.6801408808164782,
         "l" : [ 2.9344000000000001, 0.9405, 0.97889999999999999 ],
         "u" : 2
      }
   ]
}
