{
   "id" : "id181143",
   "p" : [
      {
         "l" : [ -2.351, 0.51659999999999995, 0.61850000000000005 ],
         "u" : 0
      },
      {
         "d" : 1,
         "l" : [ -2.351, 0.51659999999999995, 1.6185 ],
         "t" : 7.0126227208976166,
         "u" : 1
      }
   ]
}
