{
   "id" : "id286411",
   "p" : [
      {
         "l" : [ 1.08023190830416, 0.99458460371854696, 0.62999999755279101 ],
         "u" : 0
      },
      {
         "d" : 0.97462613893533123,
         "l" : [ 1.6502155727883596, 1.7851416999778102, 0.62999999755279101 ],
         "t" : 0.11695513667223974,
         "u" : 3.0000000002298139
      },
      {
         "d" : 1.043887642008231,
         "l" : [ 1.6643184339847299, 1.85180494771699, 0.62999999755279101 ],
         "t" : 0.12526651704098771,
         "u" : 5
      }
   ]
}
