{
   "id" : "id310095",
   "p" : [
      {
         "l" : [ 1.2355922808651101, -2.95622930244738, 0.88500000042284499 ],
         "u" : 0
      },
      {
         "d" : 1.114999999517807,
         "l" : [ 1.2355922808651101, -2.95622930244738, 1.9999999999406519 ],
         "u" : 1.9999999987141381
      },
      {
         "d" : 3.3369395164123787,
         "l" : [ 3.2127617394102601, -1.9424166240934699, 2.0000000004228502 ],
         "u" : 3
      }
   ]
}
