{
   "id" : "id303581",
   "p" : [
      {
         "l" : [ 1.49715620553707, -2.4170365175234401, 0.639988 ],
         "u" : 0
      },
      {
         "d" : 0.046772402777584474,
         "l" : [ 1.5046989394404, -2.3708763092607801, 0.639988 ],
         "t" : 0.014031720833275342,
         "u" : 1
      },
      {
         "d" : 0.17803418593505677,
         "l" : [ 1.41762509709082, -2.2726530854480802, 0.639988 ],
         "t" : 0.05341025578051703,
         "u" : 2
      }
   ]
}
