{
   "id" : "id162937",
   "p" : [
      {
         "l" : [ 1.4459, 1.421, 0.625 ],
         "u" : 0
      },
      {
         "d" : 0.23234960507004546,
         "l" : [ 1.6690000000011793, 1.485700000001547, 0.625 ],
         "t" : 1.448262653667435,
         "u" : 7.0000000000194609
      },
      {
         "d" : 0.39297383846807277,
         "l" : [ 1.7663, 1.6134999999999999, 0.625 ],
         "t" : 2.4494525564184881,
         "u" : 9
      }
   ]
}
