{
   "id" : "id302072",
   "p" : [
      {
         "l" : [ 1.3883771823403499, 1.85507986085233, 0.63500000000000001 ],
         "u" : 0
      },
      {
         "d" : 0.033519840074779671,
         "l" : [ 1.42122681502866, 1.848410429776, 0.63500000000000001 ],
         "t" : 0.0100559520224339,
         "u" : 1
      },
      {
         "d" : 0.13074628122243154,
         "l" : [ 1.5094800971361899, 1.8892067415637901, 0.63500000000000001 ],
         "t" : 0.03922388436672946,
         "u" : 2
      }
   ]
}
