{
   "id" : "id297001",
   "p" : [
      {
         "l" : [ -2.2528735247285701, 1.9981440058781399, 0.639988 ],
         "u" : 0
      },
      {
         "d" : 0.14286472891143037,
         "l" : [ -2.1677118463402105, 1.8834865668657446, 0.639988 ],
         "t" : 0.042859418673429107,
         "u" : 2.9999999999775251
      },
      {
         "d" : 0.16913521845788826,
         "l" : [ -2.1494220074276069, 1.8646286663049614, 0.639988 ],
         "t" : 0.050740565537366472,
         "u" : 3.9999999999389444
      },
      {
         "d" : 0.24634217017524607,
         "l" : [ -2.07578182411158, 1.8414330461442801, 0.639988 ],
         "t" : 0.073902651052573806,
         "u" : 5
      }
   ]
}
