{
   "id" : "id274097",
   "p" : [
      {
         "l" : [ 2.9352, 0.93730000000000002, 1.9995000000000001 ],
         "u" : 0
      },
      {
         "d" : 6.0018272700903346,
         "l" : [ -2.1875, -2.1875, 1.875 ],
         "u" : 1
      },
      {
         "d" : 6.9518272700903347,
         "l" : [ -2.1875, -2.1875, 0.92500000000000004 ],
         "u" : 2
      }
   ]
}
