{
   "id" : "id302822",
   "p" : [
      {
         "l" : [ 2.0718618129654001, -2.0579445452676501, 0.639988 ],
         "u" : 0
      },
      {
         "d" : 0.016657822559709934,
         "l" : [ 2.0718987120138901, -2.0746023269594303, 0.639988 ],
         "t" : 0.0049973467679129803,
         "u" : 1.0000000000000067
      },
      {
         "d" : 0.066079624373739335,
         "l" : [ 2.08961749218179, -2.1207386393815, 0.639988 ],
         "t" : 0.019823887312121799,
         "u" : 2
      }
   ]
}
