{
   "id" : "id164215",
   "p" : [
      {
         "l" : [ 1.7036, -2.3999999999999999, 1.9995000000000001 ],
         "u" : 0
      },
      {
         "d" : 5.8087365863843399,
         "l" : [ -2.2271000000000001, 1.8768, 1.9995000000000001 ],
         "u" : 1
      },
      {
         "d" : 6.87803658638434,
         "l" : [ -2.2271000000000001, 1.8768, 0.93020000000000003 ],
         "u" : 2
      }
   ]
}
