{
   "id" : "id181407",
   "p" : [
      {
         "l" : [ -1.3562000000000001, 1.3008, 1.6228 ],
         "u" : 0
      },
      {
         "d" : 2.1204937208112646,
         "l" : [ -0.61329999999999996, 3.2869000000000002, 1.6228 ],
         "u" : 1
      },
      {
         "d" : 2.8099937208112644,
         "l" : [ -0.61329999999999996, 3.2869000000000002, 0.93330000000000002 ],
         "u" : 2
      }
   ]
}
