{
   "id" : "id274128",
   "p" : [
      {
         "l" : [ -2.1875, -2.1875, 0.72999999999999998 ],
         "u" : 0
      },
      {
         "d" : 0.15500000000000003,
         "l" : [ -2.1875, -2.1875, 0.57499999999999996 ],
         "t" : 2.049360951961217,
         "u" : 1
      }
   ]
}
