{
   "id" : "id182682",
   "p" : [
      {
         "l" : [ -0.1116, -2.8323, 1.3541000000000001 ],
         "u" : 0
      },
      {
         "d" : 0.23629999999999987,
         "l" : [ -0.1116, -2.8323, 1.5904 ],
         "t" : 1.6570827489481059,
         "u" : 1
      }
   ]
}
