{
   "id" : "id268672",
   "p" : [
      {
         "l" : [ -0.38290000000000002, -3, 1.0295000000000001 ],
         "u" : 0
      },
      {
         "d" : 0.96999999999999986,
         "l" : [ -0.38290000000000002, -3, 1.9995000000000001 ],
         "u" : 1
      }
   ]
}
