{
   "id" : "id300964",
   "p" : [
      {
         "l" : [ 1.3895456554974499, 1.8566800993172701, 0.639988 ],
         "u" : 0
      },
      {
         "d" : 0.032330592239314233,
         "l" : [ 1.41757523751743, 1.84056769023824, 0.639988 ],
         "t" : 0.0096991776717942693,
         "u" : 1
      },
      {
         "d" : 0.12633161432436082,
         "l" : [ 1.51120461133377, 1.84891828972531, 0.639988 ],
         "t" : 0.037899484297308245,
         "u" : 2
      }
   ]
}
