{
   "id" : "id277353",
   "p" : [
      {
         "l" : [ 2.3531296597322502, 1.2487468541489599, 0.89500599999999997 ],
         "u" : 0
      },
      {
         "d" : 1.104994000596047,
         "l" : [ 2.3531296593575344, 1.2487468536854298, 2 ],
         "u" : 1.0000000001220704
      },
      {
         "d" : 5.9878085205613942,
         "l" : [ -0.71653919572372304, -2.5484903993974899, 1.9999999999664313 ],
         "u" : 2.0000000000305169
      },
      {
         "d" : 7.0878085205278261,
         "l" : [ -0.71653919572372304, -2.5484903993974899, 0.90000000000000002 ],
         "u" : 3
      }
   ]
}
