{
   "id" : "id294483",
   "p" : [
      {
         "l" : [ -2.2070514649020199, -1.4161561225442301, 0.63998799267501005 ],
         "u" : 0
      },
      {
         "d" : 0.47025134539206925,
         "l" : [ -2.0677322963737179, -0.96701639247837012, 0.63998799267501005 ],
         "t" : 0.14107540361762078,
         "u" : 1.0000000000036011
      },
      {
         "d" : 0.52909686667465294,
         "l" : [ -2.0664227487809201, -0.90861319087213699, 0.63998799267501005 ],
         "t" : 0.15872906000239589,
         "u" : 3
      }
   ]
}
