{
   "id" : "id308470",
   "p" : [
      {
         "l" : [ 0.77240120770738097, -3.6224619556424802, 0.88500000042284499 ],
         "u" : 0
      },
      {
         "d" : 0.078320062174103672,
         "l" : [ 0.704619551491799, -3.6616933106510601, 0.88500000042284499 ],
         "t" : 0.046992037304462199,
         "u" : 2
      }
   ]
}
