{
   "id" : "id157903",
   "p" : [
      {
         "l" : [ 1.4975000000000001, -3.3123, 1.9995000000000001 ],
         "u" : 0
      },
      {
         "d" : 2.4218173362167512,
         "l" : [ 3.5739000000000001, -2.0657999999999999, 1.9995000000000001 ],
         "u" : 1
      },
      {
         "d" : 3.5313173362167514,
         "l" : [ 3.5739000000000001, -2.0657999999999999, 0.89000000000000001 ],
         "u" : 2
      }
   ]
}
