{
   "id" : "id310755",
   "p" : [
      {
         "l" : [ 2.2970846576797102, -1.94195432697409, 0.88500000042284499 ],
         "u" : 0
      },
      {
         "d" : 0.10660466128342723,
         "l" : [ 2.1981862963601899, -1.90215900142362, 0.88500000042284499 ],
         "t" : 0.093666232383517373,
         "u" : 1
      }
   ]
}
