{
   "id" : "id278579",
   "p" : [
      {
         "l" : [ 0.14349227898537001, 0.052723357945428602, 0.89500599999999997 ],
         "u" : 0
      },
      {
         "d" : 0.087669234081683617,
         "l" : [ 0.16496690224247201, 0.13771859631495001, 0.89500599999999997 ],
         "t" : 0.010520308089802033,
         "u" : 3
      }
   ]
}
