{
   "id" : "id304924",
   "p" : [
      {
         "l" : [ -0.76691437605037505, -3.5691265390017999, 1.59999999349057 ],
         "u" : 0
      },
      {
         "d" : 0.70499999999999696,
         "l" : [ -0.76691437605037505, -3.5691265390017999, 0.89499999349057302 ],
         "t" : 2.8199999999999878,
         "u" : 1
      }
   ]
}
