{
   "id" : "id160235",
   "p" : [
      {
         "l" : [ 1.0299, -3.6242000000000001, 1.9995000000000001 ],
         "u" : 0
      },
      {
         "d" : 3.6695954490924469,
         "l" : [ 3.6023000000000001, -1.0072000000000001, 1.9995000000000001 ],
         "u" : 1
      },
      {
         "d" : 4.4104954490924468,
         "l" : [ 3.6023000000000001, -1.0072000000000001, 1.2585999999999999 ],
         "u" : 2
      }
   ]
}
