{
   "id" : "id293386",
   "p" : [
      {
         "l" : [ -1.2317785912197901, -0.75342905352765199, 0.63998799267501005 ],
         "u" : 0
      },
      {
         "d" : 0.064985356761250571,
         "l" : [ -1.2059764780701034, -0.81244285512419523, 0.63998799267501005 ],
         "t" : 0.019495607028375172,
         "u" : 1.9999999998475793
      },
      {
         "d" : 0.62885655989366296,
         "l" : [ -0.83418144690307805, -1.2363758551618014, 0.63998799267501005 ],
         "t" : 0.18865696796809886,
         "u" : 3.0000000043454378
      },
      {
         "d" : 0.70590841900301438,
         "l" : [ -0.76686639956540803, -1.27183563511856, 0.63998799267501005 ],
         "t" : 0.21177252570090427,
         "u" : 5
      }
   ]
}
