{
   "id" : "id201207",
   "p" : [
      {
         "l" : [ -3.6937000000000002, 0.51770000000000005, 1.9995000000000001 ],
         "u" : 0
      },
      {
         "d" : 3.7928765930359507,
         "l" : [ 0.099000000000000005, 0.48110000000000003, 1.9995000000000001 ],
         "u" : 1
      },
      {
         "d" : 4.8122765930359508,
         "l" : [ 0.099000000000000005, 0.48110000000000003, 0.98009999999999997 ],
         "u" : 2
      }
   ]
}
