{
   "id" : "id297787",
   "p" : [
      {
         "l" : [ -2.0965939864322798, 1.7248076349718899, 0.639988 ],
         "u" : 0
      },
      {
         "d" : 0.28371341506999576,
         "l" : [ -2.367740954006754, 1.8074687499893833, 0.639988 ],
         "t" : 0.085114024520998727,
         "u" : 3.0000000000012066
      },
      {
         "d" : 0.33222173179670256,
         "l" : [ -2.41593893404821, 1.81009866121848, 0.639988 ],
         "t" : 0.099666519539010762,
         "u" : 5
      }
   ]
}
