{
   "id" : "id168803",
   "p" : [
      {
         "l" : [ -2.4205999999999999, 0.56669999999999998, 0.93269999999999997 ],
         "u" : 0
      },
      {
         "d" : 1.0667999999579363,
         "l" : [ -2.4205999999999999, 0.56669999999999998, 1.9994999999579364 ],
         "u" : 0.9999999999605701
      },
      {
         "d" : 4.4232707322493026,
         "l" : [ -0.58230000028994622, 3.3749999995570601, 1.9995000000000001 ],
         "u" : 1.9999999998422748
      },
      {
         "d" : 5.8571707327787026,
         "l" : [ -0.58230000000000004, 3.375, 0.56559999999999999 ],
         "u" : 3
      }
   ]
}
