{
   "id" : "id182577",
   "p" : [
      {
         "l" : [ 0.028000000000000001, -2.8353999999999999, 1.4017999999999999 ],
         "u" : 0
      },
      {
         "d" : 0.23620000000000005,
         "l" : [ 0.028000000000000001, -2.8353999999999999, 1.6379999999999999 ],
         "t" : 1.6563814866760174,
         "u" : 1
      }
   ]
}
