{
   "id" : "id293089",
   "p" : [
      {
         "l" : [ -1.1767392844576099, -1.2098588557240499, 2.3749879926750102 ],
         "u" : 0
      },
      {
         "d" : 1.45,
         "l" : [ -1.1767392844576099, -1.2098588557240499, 0.92498799267500997 ],
         "u" : 2
      }
   ]
}
