{
   "id" : "id157831",
   "p" : [
      {
         "l" : [ 1.5293000000000001, -3.4226999999999999, 1.9995000000000001 ],
         "u" : 0
      },
      {
         "d" : 2.4248493767654935,
         "l" : [ 3.5708000000000002, -2.1141999999999999, 1.9995000000000001 ],
         "u" : 1
      },
      {
         "d" : 3.5343493767654937,
         "l" : [ 3.5708000000000002, -2.1141999999999999, 0.89000000000000001 ],
         "u" : 2
      }
   ]
}
