{
   "id" : "id299737",
   "p" : [
      {
         "l" : [ 1.81614386917693, 1.5301291183383701, 0.639988 ],
         "u" : 0
      },
      {
         "d" : 0.055248059175914924,
         "l" : [ 1.7788904627396955, 1.4893304449343536, 0.639988 ],
         "t" : 0.016574417752774476,
         "u" : 1.0000000000002685
      },
      {
         "d" : 0.084352564541335273,
         "l" : [ 1.7623925695462448, 1.4653535445353763, 0.639988 ],
         "t" : 0.025305769362400581,
         "u" : 2.0000000000011018
      },
      {
         "d" : 0.16948425283267998,
         "l" : [ 1.75785239652244, 1.3803430088339199, 0.639988 ],
         "t" : 0.050845275849803986,
         "u" : 3
      }
   ]
}
