{
   "id" : "id268213",
   "p" : [
      {
         "l" : [ 2.7147000000000001, -1.49, 1.0405 ],
         "u" : 0
      },
      {
         "d" : 0.95899999999999996,
         "l" : [ 2.7147000000000001, -1.49, 1.9995000000000001 ],
         "u" : 1
      }
   ]
}
