{
   "id" : "id184331",
   "p" : [
      {
         "l" : [ -0.56510000000000005, -3.0312999999999999, 1.9995000000000001 ],
         "u" : 0
      },
      {
         "d" : 3.632888220135599,
         "l" : [ -1.9732000000000001, 0.31759999999999999, 1.9995000000000001 ],
         "u" : 1
      },
      {
         "d" : 5.034188220135599,
         "l" : [ -1.9732000000000001, 0.31759999999999999, 0.59819999999999995 ],
         "u" : 2
      }
   ]
}
