{
   "id" : "id183947",
   "p" : [
      {
         "l" : [ 0.61319999999999997, -3.0312999999999999, 1.3339000000000001 ],
         "u" : 0
      },
      {
         "d" : 0.23619999999999999,
         "l" : [ 0.61319999999999997, -3.0312999999999999, 1.5701000000000001 ],
         "t" : 1.6563814866760171,
         "u" : 1
      }
   ]
}
