{
   "id" : "id289700",
   "p" : [
      {
         "l" : [ 2.0396237340480199, -2.5483343451188998, 0.90000000000000002 ],
         "u" : 0
      },
      {
         "d" : 1.1000000000000001,
         "l" : [ 2.0396237340480199, -2.5483343451188998, 2 ],
         "u" : 1
      }
   ]
}
