{
   "id" : "id201023",
   "p" : [
      {
         "l" : [ 0.63829999999999998, 3.6937000000000002, 0.62 ],
         "u" : 0
      },
      {
         "d" : 1.3794999999999999,
         "l" : [ 0.63829999999999998, 3.6937000000000002, 1.9995000000000001 ],
         "u" : 1
      }
   ]
}
