{
   "id" : "id163920",
   "p" : [
      {
         "l" : [ 1.6035999999999999, -2.3294000000000001, 0.625 ],
         "u" : 0
      },
      {
         "d" : 0.12119999999999984,
         "l" : [ 1.6035999999999999, -2.4506000000000001, 0.625 ],
         "t" : 0.75545397880739573,
         "u" : 2
      }
   ]
}
