{
   "id" : "id302605",
   "p" : [
      {
         "l" : [ 1.9680056765453799, -2.0596140023545102, 0.639988 ],
         "u" : 0
      },
      {
         "d" : 0.071103539840264213,
         "l" : [ 1.9647861408041758, -2.1306058117985547, 0.639988 ],
         "t" : 0.021331061952079265,
         "u" : 1.9999999999672553
      },
      {
         "d" : 0.099133322219812692,
         "l" : [ 1.967447477202857, -2.1585089655417642, 0.639988 ],
         "t" : 0.029739996665943805,
         "u" : 2.9999999999951283
      },
      {
         "d" : 0.18127372705510447,
         "l" : [ 2.0154413024754998, -2.2251695899177899, 0.639988 ],
         "t" : 0.054382118116531333,
         "u" : 4
      }
   ]
}
