{
   "id" : "id251338",
   "p" : [
      {
         "l" : [ -2.6206, -0.28620000000000001, 0.89959999999999996 ],
         "u" : 0
      },
      {
         "d" : 1.0999000000000001,
         "l" : [ -2.6206, -0.28620000000000001, 1.9995000000000001 ],
         "u" : 1
      }
   ]
}
