{
   "id" : "id310343",
   "p" : [
      {
         "l" : [ 3.0361360493703198, -1.9424303338144699, 0.88500000042284499 ],
         "u" : 0
      },
      {
         "d" : 0.10607464709557105,
         "l" : [ 2.93820666173418, -1.9016667987167799, 0.88500000042284499 ],
         "t" : 0.09320054512848909,
         "u" : 1
      }
   ]
}
