{
   "id" : "id274354",
   "p" : [
      {
         "l" : [ 2.1875, 2.1875, 1.9995000000000001 ],
         "u" : 0
      },
      {
         "d" : 6.1871843353822902,
         "l" : [ -2.1875, -2.1875, 1.9995000000000001 ],
         "u" : 1
      },
      {
         "d" : 7.2616843353822906,
         "l" : [ -2.1875, -2.1875, 0.92500000000000004 ],
         "u" : 2
      }
   ]
}
