{
   "id" : "id183826",
   "p" : [
      {
         "l" : [ 0.92559999999999998, -2.5371999999999999, 1.4271 ],
         "u" : 0
      },
      {
         "d" : 0.39369999999999999,
         "l" : [ 0.92559999999999998, -2.5371999999999999, 1.0334000000000001 ],
         "t" : 2.7608695652173916,
         "u" : 1.0000000000000002
      },
      {
         "d" : 0.78735291819063158,
         "l" : [ 0.92610000000000003, -2.9306000000000001, 1.0193000000000001 ],
         "t" : 5.5214089634686658,
         "u" : 2
      }
   ]
}
