{
   "id" : "id305566",
   "p" : [
      {
         "l" : [ 3.3422222769135099, 1.38119742035632, 0.89499999349057302 ],
         "u" : 0
      },
      {
         "d" : 1.7300000050109485,
         "l" : [ 3.3422222736156217, 1.3811974165835801, 2.6249999934905701 ],
         "u" : 1.0000000007897667
      },
      {
         "d" : 8.074850448340678,
         "l" : [ -0.83355338697838399, -3.3958335418721601, 2.624999993288232 ],
         "u" : 2.000000000197403
      },
      {
         "d" : 9.0998504481383407,
         "l" : [ -0.83355338697838399, -3.3958335418721601, 1.59999999349057 ],
         "u" : 3
      }
   ]
}
