{
   "id" : "id307938",
   "p" : [
      {
         "l" : [ 0.77487241414131303, 0.86027451518659703, 0.89499999349057302 ],
         "u" : 0
      },
      {
         "d" : 1.7300000020211521,
         "l" : [ 0.77487241300071152, 0.86027451351803563, 2.6249999934905701 ],
         "u" : 1.0000000007897658
      },
      {
         "d" : 4.2891831444563397,
         "l" : [ -0.66935514957613396, -1.2524547883524499, 2.6249999932882329 ],
         "u" : 2.0000000001974025
      },
      {
         "d" : 5.3141831442540024,
         "l" : [ -0.66935514957613396, -1.2524547883524499, 1.59999999349057 ],
         "u" : 3
      }
   ]
}
