{
   "id" : "id183723",
   "p" : [
      {
         "l" : [ 1.0423, 0.6875, 1.1182000000000001 ],
         "u" : 0
      },
      {
         "d" : 0.14539999999999992,
         "l" : [ 1.0423, 0.6875, 1.2636000000000001 ],
         "u" : 1
      },
      {
         "d" : 2.5591217175971219,
         "l" : [ 3.4245999999999999, 1.0757000000000001, 1.2636000000000001 ],
         "u" : 2
      }
   ]
}
