{
   "id" : "id274173",
   "p" : [
      {
         "l" : [ -2.1875, -2.1875, 0.27500000000000002 ],
         "u" : 0
      },
      {
         "d" : 0.65000000000000013,
         "l" : [ -2.1875, -2.1875, 0.92500000000000004 ],
         "u" : 1
      },
      {
         "d" : 1.2950000000000002,
         "l" : [ -2.1875, -2.1875, 0.28000000000000003 ],
         "u" : 2
      }
   ]
}
