{
   "id" : "id184222",
   "p" : [
      {
         "l" : [ -0.45500000000000002, -2.9253999999999998, 1.1007 ],
         "u" : 0
      },
      {
         "d" : 0.074627182813470236,
         "l" : [ -0.45609999999999845, -2.999999999999766, 1.0994000000000077 ],
         "t" : 0.32707311678657519,
         "u" : 1.9999999999923708
      },
      {
         "d" : 0.10601221109153153,
         "l" : [ -0.45540000000000003, -3.0312999999999999, 1.0972 ],
         "t" : 0.46462619908633251,
         "u" : 3
      }
   ]
}
