{
   "id" : "id285170",
   "p" : [
      {
         "l" : [ 1.3999503462531699, 2.5164062564549998, 0.64499999755279103 ],
         "u" : 0
      },
      {
         "d" : 1.3550000024472086,
         "l" : [ 1.3999503462531699, 2.5164062564549998, 2 ],
         "u" : 1
      }
   ]
}
