{
   "id" : "id184293",
   "p" : [
      {
         "l" : [ -0.56610000000000005, -2.9224999999999999, 0.88200000000000001 ],
         "u" : 0
      },
      {
         "d" : 0.077523509092174508,
         "l" : [ -0.56689999999999996, -2.9999999999994333, 0.88200000000000001 ],
         "t" : 0.33976702304824474,
         "u" : 1.999999999991132
      },
      {
         "d" : 0.10893274340368861,
         "l" : [ -0.56510000000000005, -3.0312999999999999, 0.88009999999999999 ],
         "t" : 0.47742619461076086,
         "u" : 3
      }
   ]
}
