{
   "id" : "id310742",
   "p" : [
      {
         "l" : [ 2.2970846576797102, -1.94195432697409, 2.0000000004228502 ],
         "u" : 0
      },
      {
         "d" : 1.1150000000000053,
         "l" : [ 2.2970846576797102, -1.94195432697409, 0.88500000042284499 ],
         "t" : 3.3450000000000162,
         "u" : 1
      }
   ]
}
