{
   "id" : "id157820",
   "p" : [
      {
         "l" : [ 1.5293000000000001, -3.4226999999999999, 0.89000000000000001 ],
         "u" : 0
      },
      {
         "d" : 1.1095000000000002,
         "l" : [ 1.5293000000000001, -3.4226999999999999, 1.9995000000000001 ],
         "u" : 1
      }
   ]
}
