{
   "id" : "id160789",
   "p" : [
      {
         "l" : [ 0.029899999999999999, 3.4971000000000001, 0.56999999999999995 ],
         "u" : 0
      },
      {
         "d" : 1.4295000000000002,
         "l" : [ 0.029899999999999999, 3.4971000000000001, 1.9995000000000001 ],
         "u" : 1
      }
   ]
}
