{
   "id" : "id160516",
   "p" : [
      {
         "l" : [ 3.6368999999999998, 0.98580000000000001, 1.9995000000000001 ],
         "u" : 0
      },
      {
         "d" : 6.2208003745498859,
         "l" : [ -0.52680000000000005, -3.6360999999999999, 1.9995000000000001 ],
         "u" : 1
      },
      {
         "d" : 6.989800374549886,
         "l" : [ -0.52680000000000005, -3.6360999999999999, 1.2304999999999999 ],
         "u" : 2
      }
   ]
}
