{
   "id" : "id309579",
   "p" : [
      {
         "l" : [ 3.34972168113483, -1.8812561063076101, 0.88500000042284499 ],
         "u" : 0
      },
      {
         "d" : 0.00795679710824722,
         "l" : [ 3.3418942186554399, -1.87982940906726, 0.88500000042284499 ],
         "t" : 0.0047740782649483317,
         "u" : 2
      }
   ]
}
