{
   "id" : "id181400",
   "p" : [
      {
         "l" : [ -1.3562000000000001, 1.3008, 0.62280000000000002 ],
         "u" : 0
      },
      {
         "d" : 1,
         "l" : [ -1.3562000000000001, 1.3008, 1.6228 ],
         "t" : 7.0126227208976166,
         "u" : 1
      }
   ]
}
