{
   "id" : "id182584",
   "p" : [
      {
         "l" : [ 0.028000000000000001, -2.8353999999999999, 1.6379999999999999 ],
         "u" : 0
      },
      {
         "d" : 4.1539889605233631,
         "l" : [ 3.4243000000000001, -0.45350000000000001, 1.6436999999999999 ],
         "u" : 2
      }
   ]
}
