{
   "id" : "id299057",
   "p" : [
      {
         "l" : [ 1.39751141651278, 1.2749168622214799, 0.639988 ],
         "u" : 0
      },
      {
         "d" : 0.096798022820576923,
         "l" : [ 1.3645725784813469, 1.3659021591504119, 0.639988 ],
         "t" : 0.029039406846173076,
         "u" : 2.999999999981382
      },
      {
         "d" : 0.1240335985907729,
         "l" : [ 1.3518559297519541, 1.38998666522022, 0.639988 ],
         "t" : 0.037210079577231867,
         "u" : 3.999999999793646
      },
      {
         "d" : 0.20395240013985977,
         "l" : [ 1.2846220746216701, 1.4331911044047101, 0.639988 ],
         "t" : 0.061185720041957922,
         "u" : 5
      }
   ]
}
