{
   "id" : "id292147",
   "p" : [
      {
         "l" : [ -1.9548299795585999, 2.55245307907275, 0.62999999086678904 ],
         "u" : 0
      },
      {
         "d" : 1.2318582084075032,
         "l" : [ -2.5538646316257299, 1.47792887712675, 0.62999999086678904 ],
         "t" : 0.14782298500890037,
         "u" : 3
      }
   ]
}
