{
   "id" : "id298328",
   "p" : [
      {
         "l" : [ -2.32180239893703, 1.34507214902665, 0.639988 ],
         "u" : 0
      },
      {
         "d" : 1.7350000000000001,
         "l" : [ -2.32180239893703, 1.34507214902665, 2.3749880000000001 ],
         "u" : 1
      }
   ]
}
