{
   "id" : "id184132",
   "p" : [
      {
         "l" : [ -0.10920000000000001, -3.0312999999999999, 1.6114999999999999 ],
         "u" : 0
      },
      {
         "d" : 0.10580000000000005,
         "l" : [ -0.10920000000000001, -3.0312999999999999, 1.7173 ],
         "u" : 1
      },
      {
         "d" : 0.61542652992166724,
         "l" : [ -0.23599999999999999, -2.5377000000000001, 1.7173 ],
         "u" : 2
      }
   ]
}
