{
   "id" : "id295082",
   "p" : [
      {
         "l" : [ -0.84767065361860106, -1.63656757823502, 0.63998799267501005 ],
         "u" : 0
      },
      {
         "d" : 0.049428204219569984,
         "l" : [ -0.89662538120506896, -1.6319114672896686, 0.63998799267501005 ],
         "t" : 0.014828461265870995,
         "u" : 1.9999999999343576
      },
      {
         "d" : 0.68458025749122409,
         "l" : [ -1.5256868975263982, -1.7196596265788895, 0.63998799267501005 ],
         "t" : 0.20537407724736723,
         "u" : 3.0000000003262044
      },
      {
         "d" : 0.74355011841937702,
         "l" : [ -1.57919691419889, -1.7433988174634301, 0.63998799267501005 ],
         "t" : 0.22306503552581308,
         "u" : 5
      }
   ]
}
