{
   "id" : "id296586",
   "p" : [
      {
         "l" : [ -2.45707437440868, -1.03371626132994, 0.63499999267500995 ],
         "u" : 0
      },
      {
         "d" : 1.0850510286777415,
         "l" : [ -1.6410781680186, -1.7482914127657001, 0.63499999267500995 ],
         "t" : 0.32551530860332245,
         "u" : 5
      }
   ]
}
