{
   "id" : "id161634",
   "p" : [
      {
         "l" : [ -1.0377000000000001, -1.04, 0.625 ],
         "u" : 0
      },
      {
         "d" : 0.0032280024783140622,
         "l" : [ -1.0367999999999999, -1.0368999999999999, 0.625 ],
         "t" : 0.025149999831040611,
         "u" : 1
      },
      {
         "d" : 0.042556490880488941,
         "l" : [ -1.0745, -1.0481, 0.625 ],
         "t" : 0.33156595933376659,
         "u" : 2
      }
   ]
}
