{
   "id" : "id181046",
   "p" : [
      {
         "l" : [ -3, 0.47770000000000001, 0.51459999999999995 ],
         "u" : 0
      },
      {
         "d" : 1,
         "l" : [ -3, 0.47770000000000001, 1.5145999999999999 ],
         "t" : 7.0126227208976166,
         "u" : 1
      }
   ]
}
