{
   "id" : "id288482",
   "p" : [
      {
         "l" : [ 1.42738236231542, -2.5164062435764101, 0.64499999665505003 ],
         "u" : 0
      },
      {
         "d" : 1.3550000033449499,
         "l" : [ 1.42738236231542, -2.5164062435764101, 2 ],
         "u" : 1
      }
   ]
}
