{
   "id" : "id182596",
   "p" : [
      {
         "l" : [ 3.4243000000000001, -0.45350000000000001, 1.6436999999999999 ],
         "u" : 0
      },
      {
         "d" : 0.39369999999999999,
         "l" : [ 3.4243000000000001, -0.45350000000000001, 1.25 ],
         "t" : 2.7608695652173916,
         "u" : 1.0000000000000002
      },
      {
         "d" : 0.78744603490067044,
         "l" : [ 3.0312000000000001, -0.4622, 1.2707999999999999 ],
         "t" : 5.5220619558251789,
         "u" : 2
      }
   ]
}
