{
   "id" : "id295906",
   "p" : [
      {
         "l" : [ -0.93003935546980898, -2.3325278688942999, 0.63998799267501005 ],
         "u" : 0
      },
      {
         "d" : 0.45984608062642529,
         "l" : [ -1.3594416241277278, -2.167991825612257, 0.63998799267501005 ],
         "t" : 0.13795382418792759,
         "u" : 1.0000000002331193
      },
      {
         "d" : 0.51699032409252732,
         "l" : [ -1.4159348734909201, -2.1625692782961901, 0.63998799267501005 ],
         "t" : 0.15509709722775822,
         "u" : 3
      }
   ]
}
