{
   "id" : "id275892",
   "p" : [
      {
         "l" : [ -0.55183837083841802, -3.4268004890821899, 0.90000000000000002 ],
         "u" : 0
      },
      {
         "d" : 0.0049940000000001546,
         "l" : [ -0.55183837083841802, -3.4268004890821899, 0.89500599999999997 ],
         "t" : 0.0029964000000000926,
         "u" : 1
      }
   ]
}
