{
   "id" : "id184073",
   "p" : [
      {
         "l" : [ 0.036700000000000003, -2.5339999999999998, 1.8306 ],
         "u" : 0
      },
      {
         "d" : 0.39369999999999994,
         "l" : [ 0.036700000000000003, -2.5339999999999998, 1.4369000000000001 ],
         "t" : 2.7608695652173911,
         "u" : 0.99999999999999989
      },
      {
         "d" : 0.78744054909292771,
         "l" : [ 0.034599999999999999, -2.9275000000000002, 1.4233 ],
         "t" : 5.5220234859251605,
         "u" : 2
      }
   ]
}
