{
   "id" : "id181904",
   "p" : [
      {
         "l" : [ 0.90349999999999997, -2.8321999999999998, 1.2534000000000001 ],
         "u" : 0
      },
      {
         "d" : 0.2407999999999999,
         "l" : [ 0.90349999999999997, -2.8321999999999998, 1.4942 ],
         "u" : 1
      },
      {
         "d" : 3.1047559004984695,
         "l" : [ 3.4247000000000001, -1.4736, 1.4942 ],
         "u" : 2
      }
   ]
}
