{
   "id" : "id295127",
   "p" : [
      {
         "l" : [ -0.85582569121496699, -1.68920239946837, 0.63998799267501005 ],
         "u" : 0
      },
      {
         "d" : 0.047836519843036801,
         "l" : [ -0.90318401978283402, -1.6843359194682839, 0.63998799267501005 ],
         "t" : 0.01435095595291104,
         "u" : 1.9999999998700642
      },
      {
         "d" : 0.65209142565201028,
         "l" : [ -1.5028405013761967, -1.7587408606832093, 0.63998799267501005 ],
         "t" : 0.1956274276956031,
         "u" : 3.0000000000962097
      },
      {
         "d" : 0.70716386502269157,
         "l" : [ -1.5535822469206, -1.7792303110038501, 0.63998799267501005 ],
         "t" : 0.21214915950680746,
         "u" : 5
      }
   ]
}
