{
   "id" : "id304685",
   "p" : [
      {
         "l" : [ 3.6139985612372101, 1.31787767095752, 0.89499999349057302 ],
         "u" : 0
      },
      {
         "d" : 1.7300000051953326,
         "l" : [ 3.613998557811605, 1.317877667051532, 2.6249999934905701 ],
         "u" : 1.0000000007897658
      },
      {
         "d" : 8.3083244430556658,
         "l" : [ -0.72349646537911705, -3.6278770105365199, 2.6249999932882329 ],
         "u" : 2.0000000001974025
      },
      {
         "d" : 9.3333244428533284,
         "l" : [ -0.72349646537911705, -3.6278770105365199, 1.59999999349057 ],
         "u" : 3
      }
   ]
}
