{
   "id" : "id294301",
   "p" : [
      {
         "l" : [ -2.0763651393232898, -1.42753827607936, 0.63998799267501005 ],
         "u" : 0
      },
      {
         "d" : 0.49732550338026665,
         "l" : [ -1.9227738161785493, -0.95452415180072681, 0.63998799267501005 ],
         "t" : 0.14919765101408,
         "u" : 1.0000000000237745
      },
      {
         "d" : 0.56205233062684345,
         "l" : [ -1.9222980040873101, -0.89036961359968902, 0.63998799267501005 ],
         "t" : 0.16861569918805305,
         "u" : 3
      }
   ]
}
