{
   "id" : "id166187",
   "p" : [
      {
         "l" : [ -2.573, 2.2909999999999999, 1.9995000000000001 ],
         "u" : 0
      },
      {
         "d" : 7.1971774391076382,
         "l" : [ 3.3999999999999999, -1.7242999999999999, 1.9995000000000001 ],
         "u" : 1
      },
      {
         "d" : 8.3166774391076377,
         "l" : [ 3.3999999999999999, -1.7242999999999999, 0.88 ],
         "u" : 2
      }
   ]
}
