{
   "id" : "id165768",
   "p" : [
      {
         "l" : [ -0.5121, -0.37169999999999997, 0.875 ],
         "u" : 0
      },
      {
         "d" : 1.1245000000000001,
         "l" : [ -0.5121, -0.37169999999999997, 1.9995000000000001 ],
         "u" : 1
      }
   ]
}
