{
   "id" : "id163390",
   "p" : [
      {
         "l" : [ 1.6560999999999999, 1.6335999999999999, 0.625 ],
         "u" : 0
      },
      {
         "d" : 1.3745000000000001,
         "l" : [ 1.6560999999999999, 1.6335999999999999, 1.9995000000000001 ],
         "u" : 1
      }
   ]
}
