{
   "id" : "id183904",
   "p" : [
      {
         "l" : [ 0.73699999999999999, -2.9274, 1.2497 ],
         "u" : 0
      },
      {
         "d" : 0.072600275481570928,
         "l" : [ 0.73699999999999999, -3, 1.2499 ],
         "t" : 0.31818966609892302,
         "u" : 1
      },
      {
         "d" : 0.10395932521207127,
         "l" : [ 0.73609999999999998, -3.0312999999999999, 1.2482 ],
         "t" : 0.45562889062996914,
         "u" : 2
      }
   ]
}
