{
   "id" : "id307488",
   "p" : [
      {
         "l" : [ 1.4324998453670501, 1.1915374307651601, 0.89499999349057302 ],
         "u" : 0
      },
      {
         "d" : 1.7300000031149665,
         "l" : [ 1.4324998435893144, 1.1915374282072917, 2.6249999934905701 ],
         "u" : 1.000000000789766
      },
      {
         "d" : 5.6741676196891806,
         "l" : [ -0.81846534652615499, -2.0472299143051398, 2.624999993288232 ],
         "u" : 2.000000000197403
      },
      {
         "d" : 6.6991676194868424,
         "l" : [ -0.81846534652615499, -2.0472299143051398, 1.59999999349057 ],
         "u" : 3
      }
   ]
}
