{
   "id" : "id167331",
   "p" : [
      {
         "l" : [ -3.25, 0.044600000000000001, 0.53449999999999998 ],
         "u" : 0
      },
      {
         "d" : 1.4650000008045641,
         "l" : [ -3.2499999994119948, 0.044600000549156651, 1.9995000000000001 ],
         "u" : 1.0000000001648921
      },
      {
         "d" : 6.3443360368564781,
         "l" : [ 0.316, 3.375, 1.9994999999419729 ],
         "u" : 2.0000000000412212
      },
      {
         "d" : 7.7520360367984509,
         "l" : [ 0.316, 3.375, 0.59179999999999999 ],
         "u" : 3
      }
   ]
}
