{
   "id" : "id183877",
   "p" : [
      {
         "l" : [ 0.84130000000000005, -3.0312999999999999, 1.1415999999999999 ],
         "u" : 0
      },
      {
         "d" : 0.23619999999999999,
         "l" : [ 0.84130000000000005, -3.0312999999999999, 1.3777999999999999 ],
         "t" : 1.6563814866760171,
         "u" : 1
      }
   ]
}
