{
   "id" : "id160338",
   "p" : [
      {
         "l" : [ 0.55000000000000004, -3.4392, 1.9995000000000001 ],
         "u" : 0
      },
      {
         "d" : 4.3376111916583762,
         "l" : [ 3.4649000000000001, -0.22700000000000001, 1.9995000000000001 ],
         "u" : 1
      },
      {
         "d" : 5.0712111916583762,
         "l" : [ 3.4649000000000001, -0.22700000000000001, 1.2659 ],
         "u" : 2
      }
   ]
}
