{
   "id" : "id258486",
   "p" : [
      {
         "l" : [ -1.4117, 2.6206, 0.90090000000000003 ],
         "u" : 0
      },
      {
         "d" : 1.0986,
         "l" : [ -1.4117, 2.6206, 1.9995000000000001 ],
         "u" : 1
      }
   ]
}
