{
   "id" : "id183989",
   "p" : [
      {
         "l" : [ 0.47660000000000002, -3.0312999999999999, 1.6315999999999999 ],
         "u" : 0
      },
      {
         "d" : 0.2042000000000001,
         "l" : [ 0.47660000000000002, -3.0312999999999999, 1.8358000000000001 ],
         "u" : 1
      },
      {
         "d" : 0.72417848032394572,
         "l" : [ 0.33350000000000002, -2.5314000000000001, 1.8358000000000001 ],
         "u" : 2
      }
   ]
}
