{
   "id" : "id163802",
   "p" : [
      {
         "l" : [ 1.2873000000000001, -2.4508999999999999, 0.63 ],
         "u" : 0
      },
      {
         "d" : 0.039409305021780847,
         "l" : [ 1.2824000000000071, -2.48999999999993, 0.63 ],
         "t" : 0.3070456176219778,
         "u" : 1.9999999999928602
      },
      {
         "d" : 0.078809305021851295,
         "l" : [ 1.3218000000000001, -2.4900000000000002, 0.63 ],
         "t" : 0.61401873799650408,
         "u" : 3
      }
   ]
}
