{
   "id" : "id163878",
   "p" : [
      {
         "l" : [ 1.8631, -2.2542, 0.625 ],
         "u" : 0
      },
      {
         "d" : 0.025759658382828142,
         "l" : [ 1.8747, -2.2311999999999999, 0.625 ],
         "t" : 0.16056300674939628,
         "u" : 1
      }
   ]
}
