{
   "id" : "id304007",
   "p" : [
      {
         "l" : [ 1.5125098164342401, -2.4772046873541802, 0.63500000000000001 ],
         "u" : 0
      },
      {
         "d" : 1.4899999999999995,
         "l" : [ 1.5125098164342401, -2.4772046873541802, 2.125 ],
         "u" : 1
      }
   ]
}
