{
   "id" : "id183966",
   "p" : [
      {
         "l" : [ 0.47749999999999998, -2.5367000000000002, 1.7998000000000001 ],
         "u" : 0
      },
      {
         "d" : 0.39370000000000016,
         "l" : [ 0.47749999999999998, -2.5367000000000002, 1.4060999999999999 ],
         "t" : 2.7608695652173929,
         "u" : 0.99999999999999989
      },
      {
         "d" : 0.78740761994149921,
         "l" : [ 0.4778, -2.9302999999999999, 1.3969 ],
         "t" : 5.5217925662096725,
         "u" : 2
      }
   ]
}
