{
   "id" : "id179223",
   "p" : [
      {
         "l" : [ 0.75819999999999999, 0.25669999999999998, 1.3613999999999999 ],
         "u" : 0
      },
      {
         "d" : 0.63810000012419976,
         "l" : [ 0.75820000012012279, 0.25670000003156085, 1.9995000000000001 ],
         "u" : 1.0000000000423579
      },
      {
         "d" : 3.5702498334263635,
         "l" : [ 3.5940999712472075, 1.0017999924455356, 1.9995000000000001 ],
         "u" : 1.9999999898611402
      },
      {
         "d" : 4.5197498631550195,
         "l" : [ 3.5941000000000001, 1.0018, 1.05 ],
         "u" : 3
      }
   ]
}
