{
   "id" : "id278493",
   "p" : [
      {
         "l" : [ -0.22064369108012, -0.44606891177566999, 0.90000000000000002 ],
         "u" : 0
      },
      {
         "d" : 0.0049940000000001546,
         "l" : [ -0.22064369108012, -0.44606891177566999, 0.89500599999999997 ],
         "t" : 0.0029964000000000926,
         "u" : 1
      }
   ]
}
