{
   "id" : "id179638",
   "p" : [
      {
         "l" : [ 2.1606000000000001, 0.86150000000000004, 1.9995000000000001 ],
         "u" : 0
      },
      {
         "d" : 5.246896954391234,
         "l" : [ -3, -0.086199999999999999, 1.9995000000000001 ],
         "u" : 1
      },
      {
         "d" : 6.3589969543912339,
         "l" : [ -3, -0.086199999999999999, 0.88739999999999997 ],
         "u" : 2
      }
   ]
}
