{
   "id" : "id179935",
   "p" : [
      {
         "l" : [ -1.2275, 2.6598000000000002, 1.9995000000000001 ],
         "u" : 0
      },
      {
         "d" : 0.33039999999999992,
         "l" : [ -1.2275, 2.9902000000000002, 1.9995000000000001 ],
         "u" : 1
      },
      {
         "d" : 1.3373999999999997,
         "l" : [ -1.2275, 2.9902000000000002, 0.99250000000000005 ],
         "u" : 2
      }
   ]
}
