{
   "id" : "id276942",
   "p" : [
      {
         "l" : [ 2.77804597239103, 1.2559293115897701, 0.89500599999999997 ],
         "u" : 0
      },
      {
         "d" : 1.104994000664947,
         "l" : [ 2.7780459719645703, 1.2559293110795868, 2 ],
         "u" : 1.0000000001220704
      },
      {
         "d" : 6.5522383797681281,
         "l" : [ -0.71551009773835506, -2.9234889873379499, 1.9999999999664313 ],
         "u" : 2.0000000000305169
      },
      {
         "d" : 7.652238379734559,
         "l" : [ -0.71551009773835506, -2.9234889873379499, 0.90000000000000002 ],
         "u" : 3
      }
   ]
}
