{
   "id" : "id292269",
   "p" : [
      {
         "l" : [ -2.5574115564048898, 1.9535920583225399, 0.62999999086678904 ],
         "u" : 0
      },
      {
         "d" : 0.062672747057410869,
         "l" : [ -2.5314062416577299, 1.89657655044337, 0.62999999086678904 ],
         "t" : 0.0075207296468893037,
         "u" : 3
      }
   ]
}
