{
   "id" : "id274608",
   "p" : [
      {
         "l" : [ 1.0922460625450101, -3.2049082559697801, 0.89500599999999997 ],
         "u" : 0
      },
      {
         "d" : 0.057078487274298845,
         "l" : [ 1.1090996909364499, -3.2594387006505001, 0.89500599999999997 ],
         "t" : 0.0068494184729158605,
         "u" : 3
      }
   ]
}
