{
   "id" : "id289462",
   "p" : [
      {
         "l" : [ 2.40309383266694, -1.92561656936418, 0.62999999665505002 ],
         "u" : 0
      },
      {
         "d" : 0.70852469468551871,
         "l" : [ 1.8789415178755975, -2.4011825908010413, 0.62999999665505002 ],
         "t" : 0.085022963362262241,
         "u" : 3.0000000013930106
      },
      {
         "d" : 0.75121597750654179,
         "l" : [ 1.8559534488770313, -2.4371561131837844, 0.62999999665505002 ],
         "t" : 0.090145917300785014,
         "u" : 3.9999999998202806
      },
      {
         "d" : 0.86836058410254136,
         "l" : [ 1.9073747485483299, -2.5424115586190901, 0.62999999665505002 ],
         "t" : 0.10420327009230497,
         "u" : 5
      }
   ]
}
