{
   "id" : "id284694",
   "p" : [
      {
         "l" : [ 2.5424115722009901, 1.44572955758412, 0.64499999755279103 ],
         "u" : 0
      },
      {
         "d" : 0.10376008073788669,
         "l" : [ 2.4593599728822984, 1.5011625634489312, 0.64499999755279103 ],
         "t" : 0.012451209688546402,
         "u" : 2.0000000000762319
      },
      {
         "d" : 1.3615996498637613,
         "l" : [ 1.2027733196122126, 1.4450344556755466, 0.64499999755279103 ],
         "t" : 0.16339195798365133,
         "u" : 3.0000000001456648
      },
      {
         "d" : 1.4282843030819665,
         "l" : [ 1.14347011462574, 1.4167929234162999, 0.64499999755279103 ],
         "t" : 0.17139411636983598,
         "u" : 5
      }
   ]
}
