{
   "id" : "id181818",
   "p" : [
      {
         "l" : [ 0.96619999999999995, -2.8367, 1.1182000000000001 ],
         "u" : 0
      },
      {
         "d" : 0.27399999999999991,
         "l" : [ 0.9662000000000005, -2.8367, 1.3922000000000001 ],
         "u" : 1.0000000000000002
      },
      {
         "d" : 3.0340256538662818,
         "l" : [ 3.4247000000000001, -1.5823, 1.3922000000000001 ],
         "u" : 2
      }
   ]
}
