{
   "id" : "id300876",
   "p" : [
      {
         "l" : [ 1.3916210659744499, 1.8198672421740401, 0.639988 ],
         "u" : 0
      },
      {
         "d" : 0.035494515728207075,
         "l" : [ 1.4224877525682489, 1.8023427363179503, 0.639988 ],
         "t" : 0.010648354718462122,
         "u" : 0.99999999999770262
      },
      {
         "d" : 0.065176075988092774,
         "l" : [ 1.4500925529271655, 1.7914353985765241, 0.639988 ],
         "t" : 0.019552822796427831,
         "u" : 1.9999999997795865
      },
      {
         "d" : 0.15190656161904575,
         "l" : [ 1.5353592110607299, 1.8073027911897199, 0.639988 ],
         "t" : 0.045571968485713724,
         "u" : 3
      }
   ]
}
