{
   "id" : "id181622",
   "p" : [
      {
         "l" : [ -1.2109000000000001, 2.1614, 1.6256999999999999 ],
         "u" : 0
      },
      {
         "d" : 0.37380000000000013,
         "l" : [ -1.2109000000000001, 2.1614, 1.9995000000000001 ],
         "u" : 1
      }
   ]
}
