{
   "id" : "id166521",
   "p" : [
      {
         "l" : [ 0.54090000000000005, 2.5222000000000002, 1.9995000000000001 ],
         "u" : 0
      },
      {
         "d" : 4.5693338212479073,
         "l" : [ -3.3999999999999999, 0.20960000000000001, 1.9995000000000001 ],
         "u" : 1
      },
      {
         "d" : 6.1265338212479072,
         "l" : [ -3.3999999999999999, 0.20960000000000001, 0.44230000000000003 ],
         "u" : 2
      }
   ]
}
