{
   "id" : "id200849",
   "p" : [
      {
         "l" : [ -1.6852, 0.84770000000000001, 1.9995000000000001 ],
         "u" : 0
      },
      {
         "d" : 2.2201750966984561,
         "l" : [ -3.6937000000000002, -0.098400000000000001, 1.9995000000000001 ],
         "u" : 1
      },
      {
         "d" : 3.5996750966984563,
         "l" : [ -3.6937000000000002, -0.098400000000000001, 0.62 ],
         "u" : 2
      }
   ]
}
