{
   "id" : "id298654",
   "p" : [
      {
         "l" : [ 1.6414677660780601, 1.6078849158385, 2.3749880000000001 ],
         "u" : 0
      },
      {
         "d" : 1.45,
         "l" : [ 1.6414677660780601, 1.6078849158385, 0.92498800000000003 ],
         "u" : 2
      }
   ]
}
