{
   "id" : "id180564",
   "p" : [
      {
         "l" : [ -3, -0.0155, 1.4424999999999999 ],
         "u" : 0
      },
      {
         "d" : 4.8660642700235677,
         "l" : [ 0.5417999999999995, 3.3212999999999995, 1.4424999999999999 ],
         "u" : 0.99999999999999989
      },
      {
         "d" : 5.3587642700235678,
         "l" : [ 0.54179999999999995, 3.3212999999999999, 0.94979999999999998 ],
         "u" : 2
      }
   ]
}
