{
   "id" : "id180684",
   "p" : [
      {
         "l" : [ -3, 0.1043, 1.3552 ],
         "u" : 0
      },
      {
         "d" : 4.6764853234026083,
         "l" : [ 0.39729999999999999, 3.3180000000000001, 1.3552 ],
         "u" : 1
      },
      {
         "d" : 5.0969853234026079,
         "l" : [ 0.39729999999999999, 3.3180000000000001, 0.93469999999999998 ],
         "u" : 2
      }
   ]
}
