{
   "id" : "id274874",
   "p" : [
      {
         "l" : [ 3.1962999683083102, -1.80492178234568, 0.89500599999999997 ],
         "u" : 0
      },
      {
         "d" : 0.0076437055021963364,
         "l" : [ 3.1890600731378398, -1.8024718722356601, 0.89500599999999997 ],
         "t" : 0.0009172446602635603,
         "u" : 2
      }
   ]
}
