{
   "id" : "id293432",
   "p" : [
      {
         "l" : [ -1.17344381785332, -0.73967978703262705, 0.63998799267501005 ],
         "u" : 0
      },
      {
         "d" : 0.059593755766029405,
         "l" : [ -1.1493007989038113, -0.79367768768903835, 0.63998799267501005 ],
         "t" : 0.017878126729808822,
         "u" : 1.9999999997185156
      },
      {
         "d" : 0.56973750003195112,
         "l" : [ -0.81972547713379673, -1.1830704805004855, 0.63998799267501005 ],
         "t" : 0.17092125000958533,
         "u" : 3.0000000006882095
      },
      {
         "d" : 0.648602268827563,
         "l" : [ -0.751190731397536, -1.21994590994622, 0.63998799267501005 ],
         "t" : 0.19458068064826889,
         "u" : 5
      }
   ]
}
