{
   "id" : "id305126",
   "p" : [
      {
         "l" : [ 3.5165914481972602, 1.35997546169133, 0.89499999349057302 ],
         "u" : 0
      },
      {
         "d" : 1.7300000051354885,
         "l" : [ 3.5165914447862052, 1.3599754578523224, 2.6249999934905701 ],
         "u" : 1.0000000007897658
      },
      {
         "d" : 8.2325498284347827,
         "l" : [ -0.80247982864066603, -3.5009686414885701, 2.624999993288232 ],
         "u" : 2.000000000197403
      },
      {
         "d" : 9.2575498282324453,
         "l" : [ -0.80247982864066603, -3.5009686414885701, 1.59999999349057 ],
         "u" : 3
      }
   ]
}
