{
   "id" : "id275262",
   "p" : [
      {
         "l" : [ -0.17903692266722099, -3.4826543426513701, 0.89500599999999997 ],
         "u" : 0
      },
      {
         "d" : 0.086270490062338681,
         "l" : [ -0.25838180949955503, -3.4487871551513698, 0.89500599999999997 ],
         "t" : 0.58820788678867286,
         "u" : 1
      }
   ]
}
