{
   "id" : "id161351",
   "p" : [
      {
         "l" : [ -1.0911999999999999, -2.29, 0.63 ],
         "u" : 0
      },
      {
         "d" : 0.039400000000000053,
         "l" : [ -1.0517999999999998, -2.29, 0.63 ],
         "t" : 0.30697312037397784,
         "u" : 1.0000000000000022
      },
      {
         "d" : 0.07876724526811564,
         "l" : [ -1.0495000000000001, -2.2507000000000001, 0.63 ],
         "t" : 0.6136910422136006,
         "u" : 2
      }
   ]
}
