{
   "id" : "id303413",
   "p" : [
      {
         "l" : [ 1.60187505418109, -2.41593893534335, 0.639988 ],
         "u" : 0
      },
      {
         "d" : 0.20428452303390102,
         "l" : [ 1.6088354594085836, -2.2119424379428843, 0.639988 ],
         "t" : 0.061285356910170299,
         "u" : 3.9999999999976539
      },
      {
         "d" : 0.27283151960169733,
         "l" : [ 1.5756605354822799, -2.1519581469914302, 0.639988 ],
         "t" : 0.081849455880509195,
         "u" : 5
      }
   ]
}
