{
   "id" : "id309175",
   "p" : [
      {
         "l" : [ 1.18401652724234, -3.3044230085258102, 0.88500000042284499 ],
         "u" : 0
      },
      {
         "d" : 0.069117201448114673,
         "l" : [ 1.2040251635358299, -3.37057730016594, 0.88500000042284499 ],
         "t" : 0.041470320868868801,
         "u" : 2
      }
   ]
}
