{
   "id" : "id303621",
   "p" : [
      {
         "l" : [ 1.46640773303031, -2.4092192486266399, 0.639988 ],
         "u" : 0
      },
      {
         "d" : 0.029187543899003233,
         "l" : [ 1.4626230522113299, -2.38027812028038, 0.639988 ],
         "t" : 0.0087562631697009688,
         "u" : 1
      },
      {
         "d" : 0.1137825160899238,
         "l" : [ 1.40370321329531, -2.3195758806010001, 0.639988 ],
         "t" : 0.034134754826977143,
         "u" : 2
      }
   ]
}
