{
   "id" : "id157567",
   "p" : [
      {
         "l" : [ 2.3961999999999999, -3.6131000000000002, 0.89000000000000001 ],
         "u" : 0
      },
      {
         "d" : 1.1095000000000002,
         "l" : [ 2.3961999999999999, -3.6131000000000002, 1.9995000000000001 ],
         "u" : 1
      }
   ]
}
