{
   "id" : "id272978",
   "p" : [
      {
         "l" : [ -0.40129999999999999, -3, 1.9995000000000001 ],
         "u" : 0
      },
      {
         "d" : 0.12415252715913594,
         "l" : [ -0.50719999999999998, -2.9352, 1.9995000000000001 ],
         "u" : 1
      },
      {
         "d" : 1.192552527159136,
         "l" : [ -0.50719999999999998, -2.9352, 0.93110000000000004 ],
         "u" : 2
      }
   ]
}
