{
   "id" : "id293478",
   "p" : [
      {
         "l" : [ -1.12512599661698, -0.72404018653475299, 0.63998799267501005 ],
         "u" : 0
      },
      {
         "d" : 0.058297989306904885,
         "l" : [ -1.1018282734112725, -0.77702672191159783, 0.63998799267501005 ],
         "t" : 0.017489396792071465,
         "u" : 1.9999999996936835
      },
      {
         "d" : 0.52247968889387852,
         "l" : [ -0.80636283146870202, -1.1350278711400164, 0.63998799267501005 ],
         "t" : 0.15674390666816354,
         "u" : 2.9999999999937046
      },
      {
         "d" : 0.60262165775512477,
         "l" : [ -0.73698278997729605, -1.1729146658763701, 0.63998799267501005 ],
         "t" : 0.18078649732653743,
         "u" : 5
      }
   ]
}
