{
   "id" : "id303969",
   "p" : [
      {
         "l" : [ 2.2144451178673799, -1.9901925326310901, 0.63500000000000001 ],
         "u" : 0
      },
      {
         "d" : 0.79867286390606396,
         "l" : [ 1.4454676475972601, -2.2059516431151698, 0.63500000000000001 ],
         "t" : 0.23960185917181917,
         "u" : 1
      }
   ]
}
