{
   "id" : "id297253",
   "p" : [
      {
         "l" : [ -2.1382492041508399, 2.0907490432665199, 0.639988 ],
         "u" : 0
      },
      {
         "d" : 0.022689758895027879,
         "l" : [ -2.1250795837982599, 2.0722724023790802, 0.639988 ],
         "t" : 0.0068069276685083632,
         "u" : 1
      },
      {
         "d" : 0.089364880580440689,
         "l" : [ -2.06517366519018, 2.04300035483391, 0.639988 ],
         "t" : 0.026809464174132207,
         "u" : 2
      }
   ]
}
