{
   "id" : "id299224",
   "p" : [
      {
         "l" : [ 1.3279192636213599, 1.21103180160652, 0.639988 ],
         "u" : 0
      },
      {
         "d" : 0.038939397328717699,
         "l" : [ 1.3256221043724901, 1.2499033815037801, 0.639988 ],
         "t" : 0.011681819198615309,
         "u" : 1
      },
      {
         "d" : 0.15053233442483427,
         "l" : [ 1.2458955731630801, 1.32798451770871, 0.639988 ],
         "t" : 0.045159700327450272,
         "u" : 2
      }
   ]
}
