{
   "id" : "id309349",
   "p" : [
      {
         "l" : [ 3.4237211375427199, -1.84549696597308, 0.88500000042284499 ],
         "u" : 0
      },
      {
         "d" : 0.0079567971082476954,
         "l" : [ 3.4157655432134599, -1.8456116514130201, 0.88500000042284499 ],
         "t" : 0.004774078264948617,
         "u" : 2
      }
   ]
}
