{
   "id" : "id162269",
   "p" : [
      {
         "l" : [ -0.88449999999999995, -2.5, 0.625 ],
         "u" : 0
      },
      {
         "d" : 0.039400000000000171,
         "l" : [ -0.84509999999999996, -2.5, 0.625 ],
         "t" : 0.30697312037397878,
         "u" : 1.0000000000001155
      },
      {
         "d" : 0.078805940160717056,
         "l" : [ -0.84560000000000002, -2.4605999999999999, 0.625 ],
         "t" : 0.61399252170406748,
         "u" : 3
      }
   ]
}
