{
   "id" : "id283124",
   "p" : [
      {
         "l" : [ -1.80477003025532, -0.97566366499754098, 0.90000000000000002 ],
         "u" : 0
      },
      {
         "d" : 1.1000000000000001,
         "l" : [ -1.80477003025532, -0.97566366499754098, 2 ],
         "u" : 1
      }
   ]
}
