{
   "id" : "id162099",
   "p" : [
      {
         "l" : [ -0.72170000000000001, -1.0293000000000001, 0.625 ],
         "u" : 0
      },
      {
         "d" : 1.3745000000141823,
         "l" : [ -0.72170000001400758, -1.0293000000022188, 1.9995000000000001 ],
         "u" : 1.0000000000305176
      },
      {
         "d" : 1.8392217339544608,
         "l" : [ -1.1807000000000001, -1.1020000000000001, 1.9994999999896277 ],
         "u" : 2.0000000000076295
      },
      {
         "d" : 3.1987217339440885,
         "l" : [ -1.1807000000000001, -1.1020000000000001, 0.64000000000000001 ],
         "u" : 3
      }
   ]
}
