{
   "id" : "id275215",
   "p" : [
      {
         "l" : [ 1.17319600320849, -2.22032575712376, 0.89500599999999997 ],
         "u" : 0
      },
      {
         "d" : 0.015332203585664046,
         "l" : [ 1.1709100584270444, -2.2354865923002412, 0.89500599999999997 ],
         "t" : 0.0018398644302796854,
         "u" : 0.99999999999809663
      },
      {
         "d" : 0.061146555477568629,
         "l" : [ 1.1740465205887161, -2.2811934566029213, 0.89500599999999997 ],
         "t" : 0.0073375866573082349,
         "u" : 1.9999999999923708
      },
      {
         "d" : 0.082141940564071744,
         "l" : [ 1.17887670099988, -2.3016256750856501, 0.89500599999999997 ],
         "t" : 0.0098570328676886084,
         "u" : 3
      }
   ]
}
