{
   "id" : "id310723",
   "p" : [
      {
         "l" : [ 1.2402950766164, -2.4610473333361802, 0.88500000042284499 ],
         "u" : 0
      },
      {
         "d" : 1.114999999517807,
         "l" : [ 1.2402950766164, -2.4610473333361802, 1.9999999999406521 ],
         "u" : 1.9999999987141384
      },
      {
         "d" : 2.2923961813671774,
         "l" : [ 2.2970846576797102, -1.94195432697409, 2.0000000004228502 ],
         "u" : 3
      }
   ]
}
