{
   "id" : "id293922",
   "p" : [
      {
         "l" : [ -1.7814474336430599, -1.5520901423901901, 0.63998799267501005 ],
         "u" : 0
      },
      {
         "d" : 0.68094022909962471,
         "l" : [ -1.5771972465459663, -0.90315023645322112, 0.63998799267501005 ],
         "t" : 0.20428206872988741,
         "u" : 3.0000000000314566
      },
      {
         "d" : 0.74795006601224467,
         "l" : [ -1.5786449245751599, -0.83678989351395905, 0.63998799267501005 ],
         "t" : 0.2243850198036734,
         "u" : 5
      }
   ]
}
