{
   "id" : "id304795",
   "p" : [
      {
         "l" : [ 3.6009785517775001, 1.3250364032436699, 0.89499999349057302 ],
         "u" : 0
      },
      {
         "d" : 1.7300000051878768,
         "l" : [ 3.6009785483444854, 1.3250363993541314, 2.6249999934905701 ],
         "u" : 1.0000000007897656
      },
      {
         "d" : 8.2988856562255418,
         "l" : [ -0.74589916396309797, -3.5998913004191202, 2.6249999932882329 ],
         "u" : 2.0000000001974025
      },
      {
         "d" : 9.3238856560232044,
         "l" : [ -0.74589916396309797, -3.5998913004191202, 1.59999999349057 ],
         "u" : 3
      }
   ]
}
