{
   "id" : "id183489",
   "p" : [
      {
         "l" : [ 0.080199999999999994, -0.25230000000000002, 0.88200000000000001 ],
         "u" : 0
      },
      {
         "d" : 0.23620000000000002,
         "l" : [ 0.080199999999999994, -0.25230000000000002, 1.1182000000000001 ],
         "t" : 1.6563814866760171,
         "u" : 1
      }
   ]
}
