{
   "id" : "id306973",
   "p" : [
      {
         "l" : [ 2.1171612648792699, 1.35342877186025, 0.89499999349057302 ],
         "u" : 0
      },
      {
         "d" : 1.730000003859989,
         "l" : [ 2.1171612625422509, 1.3534287687881366, 2.6249999934905701 ],
         "u" : 1.0000000007897663
      },
      {
         "d" : 6.6175120745547993,
         "l" : [ -0.84196605570738703, -2.5364735119379902, 2.624999993288232 ],
         "u" : 2.000000000197403
      },
      {
         "d" : 7.642512074352461,
         "l" : [ -0.84196605570738703, -2.5364735119379902, 1.59999999349057 ],
         "u" : 3
      }
   ]
}
