{
   "id" : "id274406",
   "p" : [
      {
         "l" : [ 3.4826533889770501, -1.30341745796855, 0.90000000000000002 ],
         "u" : 0
      },
      {
         "d" : 0.0049940000000001546,
         "l" : [ 3.4826533889770501, -1.30341745796855, 0.89500599999999997 ],
         "t" : 0.0029964000000000926,
         "u" : 1
      }
   ]
}
