{
   "id" : "id169599",
   "p" : [
      {
         "l" : [ -1.4693000000000001, 1.9870000000000001, 0.93269999999999997 ],
         "u" : 0
      },
      {
         "d" : 1.0668000000342805,
         "l" : [ -1.4692999999914613, 1.9870000000332002, 1.9995000000000001 ],
         "u" : 1.0000000000305176
      },
      {
         "d" : 2.1901051455494143,
         "l" : [ -1.1895, 3.0749, 1.9994999999920806 ],
         "u" : 2.0000000000076295
      },
      {
         "d" : 3.2281051455414946,
         "l" : [ -1.1895, 3.0749, 0.96150000000000002 ],
         "u" : 3
      }
   ]
}
