{
   "id" : "id183343",
   "p" : [
      {
         "l" : [ 3.4245999999999999, 0.59789999999999999, 1.6063000000000001 ],
         "u" : 0
      },
      {
         "d" : 0.39370000000000022,
         "l" : [ 3.4245999999999999, 0.59789999999999999, 1.2125999999999999 ],
         "t" : 2.7608695652173934,
         "u" : 1
      },
      {
         "d" : 0.78743694264064201,
         "l" : [ 3.0312000000000001, 0.58579999999999999, 1.2235 ],
         "t" : 5.5219981952359198,
         "u" : 2
      }
   ]
}
