{
   "id" : "id310709",
   "p" : [
      {
         "l" : [ 1.21597115447751, -2.3625744004769902, 0.88500000042284499 ],
         "u" : 0
      },
      {
         "d" : 0.025628390927285513,
         "l" : [ 1.21717644834168, -2.3881744334500699, 0.88500000042284499 ],
         "t" : 0.015377034556371308,
         "u" : 1
      },
      {
         "d" : 0.10208053616282296,
         "l" : [ 1.2402950766164, -2.4610473333361802, 0.88500000042284499 ],
         "t" : 0.061248321697693779,
         "u" : 2
      }
   ]
}
