{
   "id" : "id269012",
   "p" : [
      {
         "l" : [ -0.38290000000000002, -2.9352, 1.9995000000000001 ],
         "u" : 0
      },
      {
         "d" : 0.25134257498482038,
         "l" : [ -0.50390000000000001, -2.7149000000000001, 1.9995000000000001 ],
         "u" : 1
      },
      {
         "d" : 1.3200425749848204,
         "l" : [ -0.50390000000000001, -2.7149000000000001, 0.93079999999999996 ],
         "u" : 2
      }
   ]
}
