{
   "id" : "id272925",
   "p" : [
      {
         "l" : [ 3.1499999999999999, 0.99480000000000002, 1.9995000000000001 ],
         "u" : 0
      },
      {
         "d" : 5.4160445788416478,
         "l" : [ -0.50719999999999998, -3, 1.9995000000000001 ],
         "u" : 1
      },
      {
         "d" : 6.4844445788416483,
         "l" : [ -0.50719999999999998, -3, 0.93110000000000004 ],
         "u" : 2
      }
   ]
}
