{
   "id" : "id164799",
   "p" : [
      {
         "l" : [ -2.4518, 2.0011999999999999, 0.625 ],
         "u" : 0
      },
      {
         "d" : 0.039315772916222867,
         "l" : [ -2.4900000000000002, 1.9919, 0.625 ],
         "t" : 0.30631689066009249,
         "u" : 0.999999999999995
      },
      {
         "d" : 0.078715772916223142,
         "l" : [ -2.4900000000000002, 1.9524999999999999, 0.625 ],
         "t" : 0.61329001103407199,
         "u" : 2
      }
   ]
}
