{
   "id" : "id307718",
   "p" : [
      {
         "l" : [ 1.0987431516269699, 1.04887072300948, 0.89499999349057302 ],
         "u" : 0
      },
      {
         "d" : 1.7300000026072704,
         "l" : [ 1.0987431501548879, 1.0488707208575392, 2.6249999934905701 ],
         "u" : 1.0000000007897658
      },
      {
         "d" : 5.0313247396284728,
         "l" : [ -0.76520435822966004, -1.6759127024477301, 2.6249999932882329 ],
         "u" : 2.0000000001974025
      },
      {
         "d" : 6.0563247394261355,
         "l" : [ -0.76520435822966004, -1.6759127024477301, 1.59999999349057 ],
         "u" : 3
      }
   ]
}
