{
   "id" : "id306316",
   "p" : [
      {
         "l" : [ -0.84091247898729404, -3.0110266073866301, 1.59999999349057 ],
         "u" : 0
      },
      {
         "d" : 0.70499999999999696,
         "l" : [ -0.84091247898729404, -3.0110266073866301, 0.89499999349057302 ],
         "t" : 2.8199999999999878,
         "u" : 1
      }
   ]
}
