{
   "id" : "id308516",
   "p" : [
      {
         "l" : [ 3.6616340019282299, -1.4757822473887501, 0.88500000042284499 ],
         "u" : 0
      },
      {
         "d" : 0.061293491306831649,
         "l" : [ 3.6245203591946802, -1.52456205468262, 0.88500000042284499 ],
         "t" : 0.053854403092928473,
         "u" : 1
      }
   ]
}
