{
   "id" : "id181497",
   "p" : [
      {
         "l" : [ -0.75649999999999995, 3.2810000000000001, 0.94520000000000004 ],
         "u" : 0
      },
      {
         "d" : 0.39369999999999999,
         "l" : [ -0.75649999999999995, 3.2810000000000001, 0.55149999999999999 ],
         "t" : 2.7608695652173916,
         "u" : 1
      },
      {
         "d" : 0.78737506906076749,
         "l" : [ -1.032, 3, 0.54059999999999997 ],
         "t" : 5.5215642991638685,
         "u" : 2
      }
   ]
}
