{
   "id" : "id309304",
   "p" : [
      {
         "l" : [ 1.2182256394729001, -3.3283314044374799, 0.88500000042284499 ],
         "u" : 0
      },
      {
         "d" : 1.1149999995178066,
         "l" : [ 1.2182256394729001, -3.3283314044374799, 1.9999999999406517 ],
         "u" : 1.9999999987141375
      },
      {
         "d" : 3.823330580965127,
         "l" : [ 3.4848784478255701, -1.8459888049761299, 2.0000000004228502 ],
         "u" : 3
      }
   ]
}
