{
   "id" : "id278694",
   "p" : [
      {
         "l" : [ 1.05892723419476, -3.7187499934596402, 2 ],
         "u" : 0
      },
      {
         "d" : 1,
         "l" : [ 1.05892723419476, -3.7187499934596402, 1 ],
         "t" : 10,
         "u" : 1
      }
   ]
}
