{
   "id" : "id308955",
   "p" : [
      {
         "l" : [ 1.1399868117666301, -3.4836522499573701, 0.88500000042284499 ],
         "u" : 0
      },
      {
         "d" : 1.1149999995178068,
         "l" : [ 1.1399868117666301, -3.4836522499573701, 1.9999999999406519 ],
         "u" : 1.9999999987141377
      },
      {
         "d" : 4.113850770091342,
         "l" : [ 3.5818375162888199, -1.7428274230141501, 2.0000000004228502 ],
         "u" : 3
      }
   ]
}
