{
   "id" : "id292301",
   "p" : [
      {
         "l" : [ -2.5420582439516699, 1.22498527688501, 2 ],
         "u" : 0
      },
      {
         "d" : 1.1000000000000001,
         "l" : [ -2.5420582439516699, 1.22498527688501, 0.90000000000000002 ],
         "u" : 2
      }
   ]
}
