{
   "id" : "id162041",
   "p" : [
      {
         "l" : [ -0.89459999999999995, -2.4900000000000002, 0.625 ],
         "u" : 0
      },
      {
         "d" : 0.039399999999999977,
         "l" : [ -0.85519999999999996, -2.4900000000000002, 0.625 ],
         "t" : 0.30697312037397723,
         "u" : 1
      },
      {
         "d" : 0.078803172461110418,
         "l" : [ -0.85570000000000002, -2.4506000000000001, 0.625 ],
         "t" : 0.61397095801410528,
         "u" : 2
      }
   ]
}
