{
   "id" : "id309000",
   "p" : [
      {
         "l" : [ 3.5234519532335602, -1.7610368857563099, 0.88500000042284499 ],
         "u" : 0
      },
      {
         "d" : 0.0079567971082529429,
         "l" : [ 3.5159114847897901, -1.76357577715424, 0.88500000042284499 ],
         "t" : 0.0047740782649517656,
         "u" : 2
      }
   ]
}
