{
   "id" : "id301050",
   "p" : [
      {
         "l" : [ 1.3799716311415, 1.8949332784019699, 0.639988 ],
         "u" : 0
      },
      {
         "d" : 0.029158437314988062,
         "l" : [ 1.4059788157075404, 1.8817484076176201, 0.639988 ],
         "t" : 0.0087475311944964183,
         "u" : 1.0000000000000044
      },
      {
         "d" : 0.11443976989236246,
         "l" : [ 1.4909795902010301, 1.88866028302735, 0.639988 ],
         "t" : 0.034331930967708736,
         "u" : 2
      }
   ]
}
