{
   "id" : "id272105",
   "p" : [
      {
         "l" : [ 2.9352, -1.5185, 1.0063 ],
         "u" : 0
      },
      {
         "d" : 0.99320000000000008,
         "l" : [ 2.9352, -1.5185, 1.9995000000000001 ],
         "u" : 1
      }
   ]
}
