{
   "id" : "id167989",
   "p" : [
      {
         "l" : [ -3.25, 0.36909999999999998, 0.52829999999999999 ],
         "u" : 0
      },
      {
         "d" : 1.4712000005327037,
         "l" : [ -3.249999999613403, 0.36910000036649182, 1.9995000000000001 ],
         "u" : 1.0000000001220704
      },
      {
         "d" : 5.8351081441275934,
         "l" : [ -0.083000000000000004, 3.3714, 1.9994999999561021 ],
         "u" : 2.0000000000305165
      },
      {
         "d" : 7.2736081440836955,
         "l" : [ -0.083000000000000004, 3.3714, 0.56100000000000005 ],
         "u" : 3
      }
   ]
}
