{
   "id" : "id173536",
   "p" : [
      {
         "l" : [ -0.0356, -3.6436999999999999, 1.4014 ],
         "u" : 0
      },
      {
         "d" : 0.59809999999341823,
         "l" : [ -0.0356, -3.6436999999999999, 1.9994999999934184 ],
         "u" : 0.99999999998899558
      },
      {
         "d" : 5.4731109464397889,
         "l" : [ 3.6436999998380446, -0.44550000014077806, 1.9995000000000001 ],
         "u" : 1.9999999999559821
      },
      {
         "d" : 6.203010946654377,
         "l" : [ 3.6436999999999999, -0.44550000000000001, 1.2696000000000001 ],
         "u" : 3
      }
   ]
}
