{
   "id" : "id275230",
   "p" : [
      {
         "l" : [ 1.17887670099988, -2.3016256750856501, 0.89500599999999997 ],
         "u" : 0
      },
      {
         "d" : 1.1049940000549212,
         "l" : [ 1.1788767009584395, -2.3016256751216919, 2 ],
         "u" : 1.0000000000305176
      },
      {
         "d" : 2.9046490010996506,
         "l" : [ -0.17903692266722099, -3.4826543426513701, 1.9999999999916076 ],
         "u" : 2.0000000000076295
      },
      {
         "d" : 4.0046490010912583,
         "l" : [ -0.17903692266722099, -3.4826543426513701, 0.90000000000000002 ],
         "u" : 3
      }
   ]
}
