{
   "id" : "id308987",
   "p" : [
      {
         "l" : [ 3.5818375162888199, -1.7428274230141501, 0.88500000042284499 ],
         "u" : 0
      },
      {
         "d" : 0.061159287983411317,
         "l" : [ 3.5234519532335602, -1.7610368857563099, 0.88500000042284499 ],
         "t" : 0.053736487801732069,
         "u" : 1
      }
   ]
}
