{
   "id" : "id184054",
   "p" : [
      {
         "l" : [ 0.18179999999999999, -3.0312999999999999, 1.4398 ],
         "u" : 0
      },
      {
         "d" : 0.23619999999999994,
         "l" : [ 0.18179999999999999, -3.0312999999999999, 1.6759999999999999 ],
         "t" : 1.6563814866760167,
         "u" : 1
      }
   ]
}
