{
   "id" : "id298129",
   "p" : [
      {
         "l" : [ -2.3182220323799898, 1.43566754243952, 0.639988 ],
         "u" : 0
      },
      {
         "d" : 0.10748848918293973,
         "l" : [ -2.3962271348074702, 1.5096200900772401, 0.639988 ],
         "t" : 0.032246546754881915,
         "u" : 1
      }
   ]
}
