{
   "id" : "id179413",
   "p" : [
      {
         "l" : [ 1.0274000000000001, 0.44309999999999999, 1.3613999999999999 ],
         "u" : 0
      },
      {
         "d" : 0.63810000010947177,
         "l" : [ 1.0274000001064023, 0.44310000002574168, 1.9995000000000001 ],
         "u" : 1.0000000000423592
      },
      {
         "d" : 3.2224646732933189,
         "l" : [ 3.5392999745322311, 1.050799993838623, 1.9995000000000001 ],
         "u" : 1.9999999898611533
      },
      {
         "d" : 4.1719646994957964,
         "l" : [ 3.5392999999999999, 1.0508, 1.05 ],
         "u" : 3
      }
   ]
}
