{
   "id" : "id166336",
   "p" : [
      {
         "l" : [ 1.8626, -2.2847, 1.9995000000000001 ],
         "u" : 0
      },
      {
         "d" : 1.6363517103605814,
         "l" : [ 3.3999999999999999, -1.7242999999999999, 1.9995000000000001 ],
         "u" : 1
      },
      {
         "d" : 2.7608517103605816,
         "l" : [ 3.3999999999999999, -1.7242999999999999, 0.875 ],
         "u" : 2
      }
   ]
}
