{
   "id" : "id159869",
   "p" : [
      {
         "l" : [ -0.83709999999999996, -3.7736999999999998, 0.875 ],
         "u" : 0
      },
      {
         "d" : 1.1245000000000001,
         "l" : [ -0.83709999999999996, -3.7736999999999998, 1.9995000000000001 ],
         "u" : 1
      }
   ]
}
