{
   "id" : "id294864",
   "p" : [
      {
         "l" : [ -2.41593500679503, -1.04859983849628, 0.63998799267501005 ],
         "u" : 0
      },
      {
         "d" : 0.018699052479368591,
         "l" : [ -2.3975325424488272, -1.0519170466014371, 0.63998799267501005 ],
         "t" : 0.0056097157438105769,
         "u" : 0.99999999999309108
      },
      {
         "d" : 0.070240598831978626,
         "l" : [ -2.3461050299134341, -1.0484903930094049, 0.63998799267501005 ],
         "t" : 0.021072179649593584,
         "u" : 1.9999999999723128
      },
      {
         "d" : 0.21274776279322621,
         "l" : [ -2.2747082482001999, -0.92515835604783203, 0.63998799267501005 ],
         "t" : 0.063824328837967861,
         "u" : 3
      }
   ]
}
