{
   "id" : "id299947",
   "p" : [
      {
         "l" : [ 1.91696241397177, 1.48819621924583, 0.639988 ],
         "u" : 0
      },
      {
         "d" : 0.0193788960881793,
         "l" : [ 1.9052539253370899, 1.4727542987859901, 0.639988 ],
         "t" : 0.0058136688264537901,
         "u" : 0.999999999999997
      },
      {
         "d" : 0.076647006963919156,
         "l" : [ 1.8925031297899799, 1.41692371813173, 0.639988 ],
         "t" : 0.022994102089175746,
         "u" : 2
      }
   ]
}
