{
   "id" : "id309234",
   "p" : [
      {
         "l" : [ 3.4577657515293199, -1.8223965217748599, 0.88500000042284499 ],
         "u" : 0
      },
      {
         "d" : 0.0079567971082444289,
         "l" : [ 3.4498589737761498, -1.8232839334289499, 0.88500000042284499 ],
         "t" : 0.0047740782649466568,
         "u" : 2
      }
   ]
}
