{
   "id" : "id164869",
   "p" : [
      {
         "l" : [ -2.5, 1.3106, 0.625 ],
         "u" : 0
      },
      {
         "d" : 0.039400000000131719,
         "l" : [ -2.499999999999869, 1.2712000000000137, 0.625 ],
         "t" : 0.30697312037500368,
         "u" : 1.0000000000062164
      },
      {
         "d" : 0.078773677054669339,
         "l" : [ -2.4609000000000001, 1.2758, 0.625 ],
         "t" : 0.61374115352294001,
         "u" : 3
      }
   ]
}
