{
   "id" : "id297295",
   "p" : [
      {
         "l" : [ -2.1311658554419202, 2.1075979744707798, 0.639988 ],
         "u" : 0
      },
      {
         "d" : 0.019763306519568848,
         "l" : [ -2.1179582815935198, 2.0928959923722501, 0.639988 ],
         "t" : 0.0059289919558706541,
         "u" : 1
      },
      {
         "d" : 0.078131927848588398,
         "l" : [ -2.0643398937308901, 2.0698316380812001, 0.639988 ],
         "t" : 0.02343957835457652,
         "u" : 2
      }
   ]
}
