{
   "id" : "id157624",
   "p" : [
      {
         "l" : [ 3.6661000000000001, -2.1627999999999998, 0.89000000000000001 ],
         "u" : 0
      },
      {
         "d" : 1.3058119017127139,
         "l" : [ 2.5920000000000001, -2.9051999999999998, 0.89000000000000001 ],
         "t" : 6.4099414303168478,
         "u" : 5
      },
      {
         "d" : 2.4615390980811527,
         "l" : [ 1.6731, -3.6059999999999999, 0.89000000000000001 ],
         "t" : 12.083150281016867,
         "u" : 10
      }
   ]
}
