{
   "id" : "id184045",
   "p" : [
      {
         "l" : [ 0.18310000000000001, -2.9321000000000002, 1.4417 ],
         "u" : 0
      },
      {
         "d" : 0.067909106228095706,
         "l" : [ 0.18279999999999999, -2.9999999999998188, 1.441700000000004 ],
         "t" : 0.2976293917958906,
         "u" : 1.9999999999923708
      },
      {
         "d" : 0.099282661971928643,
         "l" : [ 0.18179999999999999, -3.0312999999999999, 1.4398 ],
         "t" : 0.43513219271846015,
         "u" : 3
      }
   ]
}
