{
   "id" : "id274384",
   "p" : [
      {
         "l" : [ 3.4826533889770501, -1.30341745796855, 2 ],
         "u" : 0
      },
      {
         "d" : 1.1000000000000001,
         "l" : [ 3.4826533889770501, -1.30341745796855, 0.90000000000000002 ],
         "u" : 2
      }
   ]
}
