{
   "id" : "id157611",
   "p" : [
      {
         "l" : [ 1.9898, -3.6139999999999999, 1.9995000000000001 ],
         "u" : 0
      },
      {
         "d" : 2.217197133770473,
         "l" : [ 3.6661000000000001, -2.1627999999999998, 1.9995000000000001 ],
         "u" : 1
      },
      {
         "d" : 3.3266971337704732,
         "l" : [ 3.6661000000000001, -2.1627999999999998, 0.89000000000000001 ],
         "u" : 2
      }
   ]
}
