{
   "id" : "id181053",
   "p" : [
      {
         "l" : [ -3, 0.47770000000000001, 1.5145999999999999 ],
         "u" : 0
      },
      {
         "d" : 4.0963756273076335,
         "l" : [ -0.037199999999999997, 3.3065000000000002, 1.5145999999999999 ],
         "u" : 1
      },
      {
         "d" : 4.6928756273076333,
         "l" : [ -0.037199999999999997, 3.3065000000000002, 0.91810000000000003 ],
         "u" : 2
      }
   ]
}
