{
   "id" : "id309072",
   "p" : [
      {
         "l" : [ 1.17224023500454, -3.4359736346611802, 0.88500000042284499 ],
         "u" : 0
      },
      {
         "d" : 1.1149999995178068,
         "l" : [ 1.17224023500454, -3.4359736346611802, 1.9999999999406519 ],
         "u" : 1.9999999987141377
      },
      {
         "d" : 4.0094634599064687,
         "l" : [ 3.5495007486052499, -1.7847464633705099, 2.0000000004228502 ],
         "u" : 3
      }
   ]
}
