{
   "id" : "id163894",
   "p" : [
      {
         "l" : [ 1.8548, -2.2023999999999999, 0.625 ],
         "u" : 0
      },
      {
         "d" : 0.12841400553242466,
         "l" : [ 1.7296, -2.2305000000000001, 0.625 ],
         "t" : 0.80041973113915232,
         "u" : 5
      },
      {
         "d" : 0.172858861740496,
         "l" : [ 1.6876999999979754, -2.2453000000008658, 0.625 ],
         "t" : 1.0774497926895659,
         "u" : 7.0000000001124736
      },
      {
         "d" : 0.22893834364002802,
         "l" : [ 1.6371, -2.2694000000000001, 0.625 ],
         "t" : 1.4269998564722295,
         "u" : 10
      }
   ]
}
