{
   "id" : "id162814",
   "p" : [
      {
         "l" : [ 2.4506000000000001, 1.3904000000000001, 0.63 ],
         "u" : 0
      },
      {
         "d" : 0.039415352338904669,
         "l" : [ 2.4900000000000002, 1.3915, 0.63 ],
         "t" : 0.30709273345465266,
         "u" : 0.99999999999999711
      },
      {
         "d" : 0.078815352338904882,
         "l" : [ 2.4900000000000002, 1.4309000000000001, 0.63 ],
         "t" : 0.61406585382863166,
         "u" : 2
      }
   ]
}
