{
   "id" : "id278506",
   "p" : [
      {
         "l" : [ -0.22064369108012, -0.44606891177566999, 0.89500599999999997 ],
         "u" : 0
      },
      {
         "d" : 0.080817334798400337,
         "l" : [ -0.156216211617556, -0.39727811864809698, 0.89500599999999997 ],
         "t" : 0.55102728271636592,
         "u" : 1
      }
   ]
}
