{
   "id" : "id162641",
   "p" : [
      {
         "l" : [ 1.6308, 1.476, 0.63 ],
         "u" : 0
      },
      {
         "d" : 0.039413767443121708,
         "l" : [ 1.6689999999988985, 1.4857000000008422, 0.63 ],
         "t" : 0.30708038522104958,
         "u" : 3.0000000003239697
      },
      {
         "d" : 0.043693954353329033,
         "l" : [ 1.6656000000001687, 1.4882999999998707, 0.63 ],
         "t" : 0.34042816013501392,
         "u" : 3.9999999999503495
      },
      {
         "d" : 0.078715804675876133,
         "l" : [ 1.6869000000000001, 1.5161, 0.63 ],
         "t" : 0.61329025847975183,
         "u" : 5
      }
   ]
}
