{
   "id" : "id162607",
   "p" : [
      {
         "l" : [ 1.476, 1.6307, 0.63 ],
         "u" : 0
      },
      {
         "d" : 0.1929122985138062,
         "l" : [ 1.4211, 1.4458, 0.63 ],
         "t" : 1.2024452431776826,
         "u" : 7
      }
   ]
}
