{
   "id" : "id171685",
   "p" : [
      {
         "l" : [ 0.45639999999999997, -3.6436999999999999, 1.4008 ],
         "u" : 0
      },
      {
         "d" : 0.59869999997382917,
         "l" : [ 0.45639999999999997, -3.6436999999999999, 1.999499999973829 ],
         "u" : 0.99999999995628719
      },
      {
         "d" : 4.7752394451160907,
         "l" : [ 3.6436999494419195, -0.94470004281249309, 1.9995000000000001 ],
         "u" : 1.9999999841376461
      },
      {
         "d" : 5.5307395113658382,
         "l" : [ 3.6436999999999999, -0.94469999999999998, 1.244 ],
         "u" : 3
      }
   ]
}
