{
   "id" : "id271867",
   "p" : [
      {
         "l" : [ 3, -1.5232000000000001, 1.9995000000000001 ],
         "u" : 0
      },
      {
         "d" : 0.1274954116821462,
         "l" : [ 2.9352, -1.633, 1.9995000000000001 ],
         "u" : 1
      },
      {
         "d" : 1.1957954116821463,
         "l" : [ 2.9352, -1.633, 0.93120000000000003 ],
         "u" : 2
      }
   ]
}
