{
   "id" : "id310987",
   "p" : [
      {
         "l" : [ -2.82796723789115, -3.6018099920618498, 1.52499999349057 ],
         "u" : 0
      },
      {
         "d" : 1.3249999999999971,
         "l" : [ -2.82796723789115, -3.6018099920618498, 0.19999999349057301 ],
         "t" : 3.9749999999999912,
         "u" : 1
      }
   ]
}
