{
   "id" : "id309520",
   "p" : [
      {
         "l" : [ 1.19191186015869, -3.1742584545879802, 0.88500000042284499 ],
         "u" : 0
      },
      {
         "d" : 0.10206070963603776,
         "l" : [ 1.2308907944530301, -3.2685773085376701, 0.88500000042284499 ],
         "t" : 0.061236425781622653,
         "u" : 2
      }
   ]
}
