{
   "id" : "id182084",
   "p" : [
      {
         "l" : [ 0.71530000000000005, -2.8331, 1.2411000000000001 ],
         "u" : 0
      },
      {
         "d" : 0.23629999999999995,
         "l" : [ 0.71530000000000005, -2.8331, 1.4774 ],
         "t" : 1.6570827489481066,
         "u" : 1
      }
   ]
}
