{
   "id" : "id180452",
   "p" : [
      {
         "l" : [ 0.68659999999999999, 3.3243, 0.96540000000000004 ],
         "u" : 0
      },
      {
         "d" : 0.39369999999999999,
         "l" : [ 0.68659999999999999, 3.3243, 0.57169999999999999 ],
         "t" : 2.7608695652173916,
         "u" : 1
      },
      {
         "d" : 0.78739635507583738,
         "l" : [ 0.46529999999999999, 3, 0.54249999999999998 ],
         "t" : 5.521713569956785,
         "u" : 2
      }
   ]
}
