{
   "id" : "id304373",
   "p" : [
      {
         "l" : [ -0.65685766571921, -3.6915871491388201, 1.59999999349057 ],
         "u" : 0
      },
      {
         "d" : 0.70499999999999696,
         "l" : [ -0.65685766571921, -3.6915871491388201, 0.89499999349057302 ],
         "t" : 2.8199999999999878,
         "u" : 1
      }
   ]
}
