{
   "id" : "id180818",
   "p" : [
      {
         "l" : [ 0.25240000000000001, 3.3144999999999998, 0.92520000000000002 ],
         "u" : 0
      },
      {
         "d" : 0.39369999999999999,
         "l" : [ 0.25239999999999996, 3.3144999999999998, 0.53149999999999997 ],
         "t" : 2.7608695652173916,
         "u" : 1.0000000000000002
      },
      {
         "d" : 0.78738404844494236,
         "l" : [ 0.0166, 3, 0.50970000000000004 ],
         "t" : 5.5216272681973519,
         "u" : 2
      }
   ]
}
