{
   "id" : "id298637",
   "p" : [
      {
         "l" : [ -2.2912952158466098, 1.3492582042430299, 0.63500000000000001 ],
         "u" : 0
      },
      {
         "d" : 1.4899999999999995,
         "l" : [ -2.2912952158466098, 1.3492582042430299, 2.125 ],
         "u" : 1
      }
   ]
}
