{
   "id" : "id160458",
   "p" : [
      {
         "l" : [ 3.5146000000000002, 1.2146999999999999, 1.9995000000000001 ],
         "u" : 0
      },
      {
         "d" : 6.3679189010225308,
         "l" : [ -0.63260000000000005, -3.6175999999999999, 1.9995000000000001 ],
         "u" : 1
      },
      {
         "d" : 7.2940189010225307,
         "l" : [ -0.63260000000000005, -3.6175999999999999, 1.0733999999999999 ],
         "u" : 2
      }
   ]
}
