{
   "id" : "id182186",
   "p" : [
      {
         "l" : [ 0.59419999999999995, -2.8332000000000002, 1.5591999999999999 ],
         "u" : 0
      },
      {
         "d" : 0.06059999999999998,
         "l" : [ 0.59419999999999995, -2.8332000000000002, 1.6197999999999999 ],
         "u" : 1
      },
      {
         "d" : 3.4049405284151315,
         "l" : [ 3.4247999999999998, -1.0521, 1.6197999999999999 ],
         "u" : 2
      }
   ]
}
