{
   "id" : "id183931",
   "p" : [
      {
         "l" : [ 0.6139, -2.5285000000000002, 1.7402 ],
         "u" : 0
      },
      {
         "d" : 0.39369999999999988,
         "l" : [ 0.6139, -2.5285000000000002, 1.3465 ],
         "t" : 2.7608695652173911,
         "u" : 0.99999999999999989
      },
      {
         "d" : 0.78736514958781889,
         "l" : [ 0.61409999999999998, -2.9220000000000002, 1.3351 ],
         "t" : 5.5214947376424899,
         "u" : 2
      }
   ]
}
