{
   "id" : "id164613",
   "p" : [
      {
         "l" : [ -2.3900000000000001, 1.7466999999999999, 0.63 ],
         "u" : 0
      },
      {
         "d" : 1.3695000000112467,
         "l" : [ -2.3899999999955108, 1.7466999999896879, 1.9995000000000001 ],
         "u" : 1.0000000000305176
      },
      {
         "d" : 1.7380306228899371,
         "l" : [ -2.2429000000000001, 1.4088000000000001, 1.9994999999896277 ],
         "u" : 2.0000000000076295
      },
      {
         "d" : 3.0975306228795647,
         "l" : [ -2.2429000000000001, 1.4088000000000001, 0.64000000000000001 ],
         "u" : 3
      }
   ]
}
