{
   "id" : "id177706",
   "p" : [
      {
         "l" : [ -0.39029999999999998, -1.5845, 1.2790999999999999 ],
         "u" : 0
      },
      {
         "d" : 0.72039999991207138,
         "l" : [ -0.39029999999999998, -1.5845, 1.9994999999120713 ],
         "u" : 0.99999999987794452
      },
      {
         "d" : 5.2856639288048672,
         "l" : [ 3.6436999980302747, 0.55289999895634812, 1.9995000000000001 ],
         "u" : 1.999999999511719
      },
      {
         "d" : 6.0594639310339993,
         "l" : [ 3.6436999999999999, 0.55289999999999995, 1.2257 ],
         "u" : 3
      }
   ]
}
