{
   "id" : "id280434",
   "p" : [
      {
         "l" : [ -0.91563925034055405, -0.52109105242221199, 0.644999989353499 ],
         "u" : 0
      },
      {
         "d" : 1.480146089292917,
         "l" : [ -1.6465476595343642, -1.8074923974396586, 0.644999989353499 ],
         "t" : 0.17761753071515002,
         "u" : 3.0000000003116831
      },
      {
         "d" : 1.538578518827902,
         "l" : [ -1.65595256678466, -1.8644849855934, 0.644999989353499 ],
         "t" : 0.1846294222593482,
         "u" : 5
      }
   ]
}
