{
   "id" : "id157704",
   "p" : [
      {
         "l" : [ 1.6238999999999999, -3.5548999999999999, 1.9995000000000001 ],
         "u" : 0
      },
      {
         "d" : 2.386017981910447,
         "l" : [ 3.548, -2.1438999999999999, 1.9995000000000001 ],
         "u" : 1
      },
      {
         "d" : 3.4955179819104472,
         "l" : [ 3.548, -2.1438999999999999, 0.89000000000000001 ],
         "u" : 2
      }
   ]
}
