{
   "id" : "id294393",
   "p" : [
      {
         "l" : [ -2.1441990917409899, -1.41625083200807, 0.63998799267501005 ],
         "u" : 0
      },
      {
         "d" : 0.47826305482436082,
         "l" : [ -1.9928413394825046, -0.96256990840516121, 0.63998799267501005 ],
         "t" : 0.14347891644730823,
         "u" : 1.0000000000064868
      },
      {
         "d" : 0.54137651368605411,
         "l" : [ -1.9913893528709199, -0.90000183679527102, 0.63998799267501005 ],
         "t" : 0.16241295410581622,
         "u" : 3
      }
   ]
}
