{
   "id" : "id310859",
   "p" : [
      {
         "l" : [ 2.8279672423925701, 1.5002374627513599, 0.92499999349057305 ],
         "u" : 0
      },
      {
         "d" : 0.040000000000000049,
         "l" : [ 2.8279672423925701, 1.5002374627513599, 0.88499999349057301 ],
         "t" : 0.12000000000000015,
         "u" : 1
      }
   ]
}
