{
   "id" : "id278017",
   "p" : [
      {
         "l" : [ 1.56400742529167, 1.10420852215226, 0.89500599999999997 ],
         "u" : 0
      },
      {
         "d" : 1.1049940004500063,
         "l" : [ 1.5640074250196259, 1.1042085217937945, 2 ],
         "u" : 1.0000000001220704
      },
      {
         "d" : 4.7914435416866006,
         "l" : [ -0.66457871846848005, -1.8323394551493399, 1.9999999999664313 ],
         "u" : 2.0000000000305169
      },
      {
         "d" : 5.8914435416530324,
         "l" : [ -0.66457871846848005, -1.8323394551493399, 0.90000000000000002 ],
         "u" : 3
      }
   ]
}
