{
   "id" : "id178777",
   "p" : [
      {
         "l" : [ 0.33410000000000001, -0.1615, 1.3493999999999999 ],
         "u" : 0
      },
      {
         "d" : 0.65009999992975775,
         "l" : [ 0.33410000000000001, -0.1615, 1.9994999999297576 ],
         "u" : 0.99999999989195121
      },
      {
         "d" : 4.1269868833411163,
         "l" : [ 3.6436999985694554, 0.90399999953944732, 1.9995000000000001 ],
         "u" : 1.9999999995677591
      },
      {
         "d" : 5.0612868848439687,
         "l" : [ 3.6436999999999999, 0.90400000000000003, 1.0651999999999999 ],
         "u" : 3
      }
   ]
}
