{
   "id" : "id306297",
   "p" : [
      {
         "l" : [ 2.7922830720337002, 1.3809159010833201, 0.89499999349057302 ],
         "u" : 0
      },
      {
         "d" : 1.7300000045016126,
         "l" : [ 2.7922830691643257, 1.3809158976147131, 2.6249999934905701 ],
         "u" : 1.000000000789766
      },
      {
         "d" : 7.4299358691103405,
         "l" : [ -0.84091247898729404, -3.0110266073866301, 2.624999993288232 ],
         "u" : 2.000000000197403
      },
      {
         "d" : 8.4549358689080023,
         "l" : [ -0.84091247898729404, -3.0110266073866301, 1.59999999349057 ],
         "u" : 3
      }
   ]
}
