{
   "id" : "id161678",
   "p" : [
      {
         "l" : [ -1.2145999999999999, -1.7269000000000001, 0.625 ],
         "u" : 0
      },
      {
         "d" : 0.039313738056830701,
         "l" : [ -1.197499999999998, -1.762299999999986, 0.625 ],
         "t" : 0.30630103667184033,
         "u" : 1.000000000001771
      },
      {
         "d" : 0.078606274431416615,
         "l" : [ -1.1913, -1.7235, 0.625 ],
         "t" : 0.61243688688287201,
         "u" : 3
      }
   ]
}
