{
   "id" : "id179008",
   "p" : [
      {
         "l" : [ 0.5333, 0.047800000000000002, 1.3493999999999999 ],
         "u" : 0
      },
      {
         "d" : 0.65010000032854476,
         "l" : [ 0.53330000031531499, 0.047800000092293009, 1.9995000000000001 ],
         "u" : 1.0000000001019249
      },
      {
         "d" : 3.8734974642441897,
         "l" : [ 3.6269, 0.95330000000000004, 1.9994999996128509 ],
         "u" : 2.0000000004077401
      },
      {
         "d" : 4.8229974638570408,
         "l" : [ 3.6269, 0.95330000000000004, 1.05 ],
         "u" : 3
      }
   ]
}
