{
   "id" : "id307062",
   "p" : [
      {
         "l" : [ 2.00409360809119, 1.3372705832176, 0.89499999349057302 ],
         "u" : 0
      },
      {
         "d" : 1.7300000037555392,
         "l" : [ 2.0040936058427299, 1.3372705802095231, 2.6249999934905701 ],
         "u" : 1.0000000007897667
      },
      {
         "d" : 6.4852553354603044,
         "l" : [ -0.84289894851486902, -2.4715463835227398, 2.624999993288232 ],
         "u" : 2.000000000197403
      },
      {
         "d" : 7.5102553352579662,
         "l" : [ -0.84289894851486902, -2.4715463835227398, 1.59999999349057 ],
         "u" : 3
      }
   ]
}
