{
   "id" : "id306196",
   "p" : [
      {
         "l" : [ 2.87530469479811, 1.3809595181624601, 0.89499999349057302 ],
         "u" : 0
      },
      {
         "d" : 1.73000000457934,
         "l" : [ 2.8753046918631875, 1.3809595146472629, 2.6249999934905701 ],
         "u" : 1.0000000007897654
      },
      {
         "d" : 7.5283589938235842,
         "l" : [ -0.84089102473976496, -3.0699793033668601, 2.6249999932882329 ],
         "u" : 2.0000000001974025
      },
      {
         "d" : 8.5533589936212469,
         "l" : [ -0.84089102473976496, -3.0699793033668601, 1.59999999349057 ],
         "u" : 3
      }
   ]
}
