{
   "id" : "id166176",
   "p" : [
      {
         "l" : [ -2.573, 2.2909999999999999, 0.875 ],
         "u" : 0
      },
      {
         "d" : 1.1245000000000001,
         "l" : [ -2.573, 2.2909999999999999, 1.9995000000000001 ],
         "u" : 1
      }
   ]
}
