{
   "id" : "id171004",
   "p" : [
      {
         "l" : [ 0.63170000000000004, -3.6436999999999999, 1.3063 ],
         "u" : 0
      },
      {
         "d" : 0.69319999990847414,
         "l" : [ 0.63170000000000004, -3.6436999999999999, 1.9994999999084739 ],
         "u" : 0.99999999986796595
      },
      {
         "d" : 4.6074871629217578,
         "l" : [ 3.6436999984090463, -1.1438000013204597, 1.9995000000000001 ],
         "u" : 1.999999999471795
      },
      {
         "d" : 5.3821871649893041,
         "l" : [ 3.6436999999999999, -1.1437999999999999, 1.2248000000000001 ],
         "u" : 3
      }
   ]
}
