{
   "id" : "id182904",
   "p" : [
      {
         "l" : [ -0.35320000000000001, -2.8334999999999999, 1.4260999999999999 ],
         "u" : 0
      },
      {
         "d" : 0.22460000000000019,
         "l" : [ -0.35320000000000001, -2.8334999999999999, 1.6507000000000001 ],
         "u" : 1
      },
      {
         "d" : 4.9568436465169459,
         "l" : [ 3.4236, 0.0178, 1.6507000000000001 ],
         "u" : 2
      }
   ]
}
