{
   "id" : "id286265",
   "p" : [
      {
         "l" : [ 2.5424115722009901, 1.44572955758412, 0.62999999755279101 ],
         "u" : 0
      },
      {
         "d" : 0.10371389655675513,
         "l" : [ 2.459410457245216, 1.5011648032918083, 0.62999999755279101 ],
         "t" : 0.012445667586810615,
         "u" : 1.9999999999924969
      },
      {
         "d" : 1.3612154462009134,
         "l" : [ 1.2031281048250746, 1.4458041823146877, 0.62999999755279101 ],
         "t" : 0.1633458535441096,
         "u" : 3.0000000001993925
      },
      {
         "d" : 1.4279488778349116,
         "l" : [ 1.1437744155728999, 1.4175604102167401, 0.62999999755279101 ],
         "t" : 0.1713538653401894,
         "u" : 5
      }
   ]
}
