{
   "id" : "id309692",
   "p" : [
      {
         "l" : [ 3.3104676065254899, -1.8935761667870299, 0.88500000042284499 ],
         "u" : 0
      },
      {
         "d" : 0.0079567971082459173,
         "l" : [ 3.3028158790756299, -1.89139540982787, 0.88500000042284499 ],
         "t" : 0.0047740782649475502,
         "u" : 2
      }
   ]
}
