{
   "id" : "id183912",
   "p" : [
      {
         "l" : [ 0.73609999999999998, -3.0312999999999999, 1.2482 ],
         "u" : 0
      },
      {
         "d" : 0.23629999999999976,
         "l" : [ 0.73609999999999998, -3.0312999999999999, 1.4844999999999999 ],
         "t" : 1.6570827489481053,
         "u" : 1
      }
   ]
}
