{
   "id" : "id308751",
   "p" : [
      {
         "l" : [ 3.6346550233700099, -1.63938516570981, 0.88500000042284499 ],
         "u" : 0
      },
      {
         "d" : 0.061159287983404392,
         "l" : [ 3.5827275679848598, -1.6716961218061599, 0.88500000042284499 ],
         "t" : 0.053736487801725984,
         "u" : 1
      }
   ]
}
