{
   "id" : "id180799",
   "p" : [
      {
         "l" : [ -3, 0.25159999999999999, 0.33850000000000002 ],
         "u" : 0
      },
      {
         "d" : 0.99999999999999989,
         "l" : [ -3, 0.25159999999999999, 1.3385 ],
         "t" : 7.0126227208976157,
         "u" : 1
      }
   ]
}
