{
   "id" : "id302735",
   "p" : [
      {
         "l" : [ 2.0217927055668499, -2.0441142373118999, 0.639988 ],
         "u" : 0
      },
      {
         "d" : 0.034625221850602121,
         "l" : [ 2.0142335771672104, -2.0779042590053107, 0.639988 ],
         "t" : 0.010387566555180637,
         "u" : 1.0000000000000084
      },
      {
         "d" : 0.1348270705867313,
         "l" : [ 2.0563957747816501, -2.1688039816806799, 0.639988 ],
         "t" : 0.040448121176019383,
         "u" : 2
      }
   ]
}
