{
   "id" : "id295409",
   "p" : [
      {
         "l" : [ -0.89689606354290896, -1.9741564057755601, 0.63998799267501005 ],
         "u" : 0
      },
      {
         "d" : 0.51913565977153775,
         "l" : [ -1.4154154209196963, -1.9545157504823096, 0.63998799267501005 ],
         "t" : 0.15574069793146131,
         "u" : 3.0000000000767857
      },
      {
         "d" : 0.56465836900985211,
         "l" : [ -1.45997991296443, -1.9627875045571599, 0.63998799267501005 ],
         "t" : 0.16939751070295564,
         "u" : 5
      }
   ]
}
