{
   "id" : "id298086",
   "p" : [
      {
         "l" : [ -2.2200205704303899, 1.4718507418010001, 0.639988 ],
         "u" : 0
      },
      {
         "d" : 0.044832065696063572,
         "l" : [ -2.2470773130487212, 1.507361443429946, 0.639988 ],
         "t" : 0.013449619708819071,
         "u" : 1.9999999999986766
      },
      {
         "d" : 0.17522720653702498,
         "l" : [ -2.3476906731904488, 1.5901224695416152, 0.639988 ],
         "t" : 0.052568161961107487,
         "u" : 3.9999999999973532
      },
      {
         "d" : 0.24431950965854538,
         "l" : [ -2.4159389345312898, 1.6008891391561, 0.639988 ],
         "t" : 0.073295852897563601,
         "u" : 5
      }
   ]
}
