{
   "id" : "id163719",
   "p" : [
      {
         "l" : [ 1.9524999999999999, -2.4900000000000002, 0.63 ],
         "u" : 0
      },
      {
         "d" : 0.039400000000000081,
         "l" : [ 1.9919, -2.4900000000000002, 0.63 ],
         "t" : 0.30697312037397806,
         "u" : 1
      },
      {
         "d" : 0.078715772916223101,
         "l" : [ 2.0011999999999999, -2.4518, 0.63 ],
         "t" : 0.61329001103407177,
         "u" : 2
      }
   ]
}
