{
   "id" : "id302648",
   "p" : [
      {
         "l" : [ 1.9928567692580701, -2.0585846140602202, 0.639988 ],
         "u" : 0
      },
      {
         "d" : 0.031426356868066017,
         "l" : [ 1.9845476922660936, -2.0888926187048691, 0.639988 ],
         "t" : 0.0094279070604198056,
         "u" : 1.0000000000154021
      },
      {
         "d" : 0.064670546791104039,
         "l" : [ 1.9808795378162065, -2.1219338173297797, 0.639988 ],
         "t" : 0.019401164037331213,
         "u" : 1.9999999999355274
      },
      {
         "d" : 0.16115159179162736,
         "l" : [ 2.0286092354318899, -2.2057817034678902, 0.639988 ],
         "t" : 0.048345477537488205,
         "u" : 3
      }
   ]
}
