{
   "id" : "id296545",
   "p" : [
      {
         "l" : [ -2.4259348713798099, -1.28698321074508, 0.63499999267500995 ],
         "u" : 0
      },
      {
         "d" : 0.044480762646197304,
         "l" : [ -2.3814833287083852, -1.2853711934708616, 0.63499999267500995 ],
         "t" : 0.01334422879385919,
         "u" : 1.0000000000068021
      },
      {
         "d" : 0.17013450297357363,
         "l" : [ -2.3013624171274589, -1.1885750056032542, 0.63499999267500995 ],
         "t" : 0.051040350892072095,
         "u" : 1.9999999998875568
      },
      {
         "d" : 0.44360709594779169,
         "l" : [ -2.28904876175437, -0.91565905609230203, 0.63499999267500995 ],
         "t" : 0.13308212878433751,
         "u" : 5
      }
   ]
}
