{
   "id" : "id299609",
   "p" : [
      {
         "l" : [ 1.7504000083812601, 1.57388461616996, 0.639988 ],
         "u" : 0
      },
      {
         "d" : 0.14118843898482158,
         "l" : [ 1.6756408321560112, 1.454154607196734, 0.639988 ],
         "t" : 0.042356531695446474,
         "u" : 2.9999999999956146
      },
      {
         "d" : 0.166118981748271,
         "l" : [ 1.6651619625313032, 1.43153326210259, 0.639988 ],
         "t" : 0.049835694524481292,
         "u" : 3.999999999968177
      },
      {
         "d" : 0.23953930205622037,
         "l" : [ 1.6678297966139199, 1.35816142761948, 0.639988 ],
         "t" : 0.071861790616866095,
         "u" : 5
      }
   ]
}
