{
   "id" : "id308883",
   "p" : [
      {
         "l" : [ 3.55145648059107, -1.72486433807099, 0.88500000042284499 ],
         "u" : 0
      },
      {
         "d" : 0.0079567971082506912,
         "l" : [ 3.5442344686476699, -1.72820307696035, 0.88500000042284499 ],
         "t" : 0.0047740782649504142,
         "u" : 2
      }
   ]
}
