{
   "id" : "id160175",
   "p" : [
      {
         "l" : [ 1.1117999999999999, -3.5148999999999999, 0.98109999999999997 ],
         "u" : 0
      },
      {
         "d" : 1.0184000000000002,
         "l" : [ 1.1117999999999999, -3.5148999999999999, 1.9995000000000001 ],
         "u" : 1
      }
   ]
}
