{
   "id" : "id309323",
   "p" : [
      {
         "l" : [ 3.4848784478255701, -1.8459888049761299, 2.0000000004228502 ],
         "u" : 0
      },
      {
         "d" : 1.1150000000000053,
         "l" : [ 3.4848784478255701, -1.8459888049761299, 0.88500000042284499 ],
         "t" : 3.3450000000000162,
         "u" : 1
      }
   ]
}
