{
   "id" : "id307566",
   "p" : [
      {
         "l" : [ 1.3248666510042, 1.15060180966906, 0.89499999349057302 ],
         "u" : 0
      },
      {
         "d" : 1.730000002938316,
         "l" : [ 1.3248666493254444, 1.1506018072575255, 2.6249999934905701 ],
         "u" : 1.0000000007897665
      },
      {
         "d" : 5.4504910628348089,
         "l" : [ -0.80076886750924403, -1.90287610732366, 2.624999993288232 ],
         "u" : 2.000000000197403
      },
      {
         "d" : 6.4754910626324707,
         "l" : [ -0.80076886750924403, -1.90287610732366, 1.59999999349057 ],
         "u" : 3
      }
   ]
}
