{
   "id" : "id311027",
   "p" : [
      {
         "l" : [ -3.24900000188231, -3.4036999919768398, 0.19999999349057301 ],
         "u" : 0
      },
      {
         "d" : 2.7749999999999972,
         "l" : [ -3.24900000188231, -3.4036999919768398, 2.9749999934905702 ],
         "u" : 1
      }
   ]
}
