{
   "id" : "id169647",
   "p" : [
      {
         "l" : [ -1.464, 2.2505000000000002, 0.93269999999999997 ],
         "u" : 0
      },
      {
         "d" : 1.0668,
         "l" : [ -1.464, 2.2505000000000002, 1.9995000000000001 ],
         "u" : 1
      }
   ]
}
