{
   "id" : "id309290",
   "p" : [
      {
         "l" : [ 1.1918816667511301, -3.2644351531392402, 0.88500000042284499 ],
         "u" : 0
      },
      {
         "d" : 0.069117201448119225,
         "l" : [ 1.2182256394729001, -3.3283314044374799, 0.88500000042284499 ],
         "t" : 0.041470320868871535,
         "u" : 2
      }
   ]
}
