{
   "id" : "id310946",
   "p" : [
      {
         "l" : [ -0.52545341582368299, -3.5218099929066602, 0.88499999349057301 ],
         "u" : 0
      },
      {
         "d" : 1.4899999999999973,
         "l" : [ -0.52545341582368299, -3.5218099929066602, 2.3749999934905701 ],
         "u" : 1
      }
   ]
}
