{
   "id" : "id299778",
   "p" : [
      {
         "l" : [ 1.8349182718638699, 1.5198649973827401, 0.639988 ],
         "u" : 0
      },
      {
         "d" : 0.027493945317499734,
         "l" : [ 1.8147298889773635, 1.5012009617647544, 0.639988 ],
         "t" : 0.0082481835952499197,
         "u" : 1.0000000000018607
      },
      {
         "d" : 0.058823969457573441,
         "l" : [ 1.7951101283958142, 1.476774840350574, 0.639988 ],
         "t" : 0.01764719083727203,
         "u" : 1.9999999998876592
      },
      {
         "d" : 0.15009245633054369,
         "l" : [ 1.7873540712653699, 1.3858365080931501, 0.639988 ],
         "t" : 0.045027736899163104,
         "u" : 3
      }
   ]
}
