{
   "id" : "id296505",
   "p" : [
      {
         "l" : [ -2.3362375782896798, -1.42849514357296, 0.63499999267500995 ],
         "u" : 0
      },
      {
         "d" : 0.51950148415881225,
         "l" : [ -2.0765126295825103, -0.97857877016311545, 0.63499999267500995 ],
         "t" : 0.15585044524764366,
         "u" : 1.0000000000022564
      },
      {
         "d" : 0.54018335823866126,
         "l" : [ -2.0679642299779588, -0.95974622440701751, 0.63499999267500995 ],
         "t" : 0.16205500747159834,
         "u" : 2.000000000000564
      },
      {
         "d" : 0.60144607474669765,
         "l" : [ -2.0657369648060402, -0.89852400847360003, 0.63499999267500995 ],
         "t" : 0.18043382242400927,
         "u" : 3
      }
   ]
}
