{
   "id" : "id301817",
   "p" : [
      {
         "l" : [ 1.21509254663337, 1.20647127109144, 0.63500000000000001 ],
         "u" : 0
      },
      {
         "d" : 0.011014147381573094,
         "l" : [ 1.2066583946493199, 1.2135548099565101, 0.63500000000000001 ],
         "t" : 0.0033042442144719281,
         "u" : 1
      },
      {
         "d" : 0.043829889923203823,
         "l" : [ 1.1765807452669901, 1.2266776132466699, 0.63500000000000001 ],
         "t" : 0.013148966976961145,
         "u" : 2
      }
   ]
}
