{
   "id" : "id278664",
   "p" : [
      {
         "l" : [ 3.7187499994294999, -1.76554065989016, 1 ],
         "u" : 0
      },
      {
         "d" : 0.99999999999999989,
         "l" : [ 3.7187499994294999, -1.76554065989016, 2 ],
         "t" : 0.59999999999999987,
         "u" : 1
      }
   ]
}
