{
   "id" : "id169255",
   "p" : [
      {
         "l" : [ -1.6292, 1.2622, 0.93269999999999997 ],
         "u" : 0
      },
      {
         "d" : 1.0667999999836388,
         "l" : [ -1.6292, 1.2622, 1.9994999999836389 ],
         "u" : 0.99999999998466316
      },
      {
         "d" : 3.2769144312909848,
         "l" : [ -0.98060000003979053, 3.3749999998703832, 1.9995000000000001 ],
         "u" : 1.9999999999386517
      },
      {
         "d" : 4.6755144314265715,
         "l" : [ -0.98060000000000003, 3.375, 0.60089999999999999 ],
         "u" : 3
      }
   ]
}
