{
   "id" : "id182478",
   "p" : [
      {
         "l" : [ 0.17269999999999999, -2.8342999999999998, 1.6574 ],
         "u" : 0
      },
      {
         "d" : 3.9496858133382449,
         "l" : [ 3.4247000000000001, -0.60370000000000001, 1.6512 ],
         "u" : 2
      }
   ]
}
