{
   "id" : "id303696",
   "p" : [
      {
         "l" : [ 1.4418142525111799, -2.4672046873300499, 0.639988 ],
         "u" : 0
      },
      {
         "d" : 1.7350000000000001,
         "l" : [ 1.4418142525111799, -2.4672046873300499, 2.3749880000000001 ],
         "u" : 1
      }
   ]
}
