{
   "id" : "id181551",
   "p" : [
      {
         "l" : [ -1.2299, 1.8144, 0.62760000000000005 ],
         "u" : 0
      },
      {
         "d" : 0.99999999999999989,
         "l" : [ -1.2299, 1.8144, 1.6275999999999999 ],
         "t" : 7.0126227208976157,
         "u" : 1
      }
   ]
}
