{
   "id" : "id291209",
   "p" : [
      {
         "l" : [ -2.5314062416577299, 1.89657655044337, 0.64499999086678905 ],
         "u" : 0
      },
      {
         "d" : 1.3550000091332111,
         "l" : [ -2.5314062416577299, 1.89657655044337, 2 ],
         "u" : 1
      }
   ]
}
