{
   "id" : "id168925",
   "p" : [
      {
         "l" : [ -2.0564, 0.74050000000000005, 0.93269999999999997 ],
         "u" : 0
      },
      {
         "d" : 1.0668000001109488,
         "l" : [ -2.0563999999486824, 0.74050000009836736, 1.9995000000000001 ],
         "u" : 1.0000000000373381
      },
      {
         "d" : 4.0382584989978643,
         "l" : [ -0.68200000000000005, 3.375, 1.9994999997868663 ],
         "u" : 2.0000000001493579
      },
      {
         "d" : 5.4652584987847304,
         "l" : [ -0.68200000000000005, 3.375, 0.57250000000000001 ],
         "u" : 3
      }
   ]
}
