{
   "id" : "id295362",
   "p" : [
      {
         "l" : [ -0.89194961548365204, -1.9294095719469899, 0.63998799267501005 ],
         "u" : 0
      },
      {
         "d" : 0.53449926181114471,
         "l" : [ -1.426080992798461, -1.9231602093151909, 0.63998799267501005 ],
         "t" : 0.1603497785433434,
         "u" : 3.0000000005037508
      },
      {
         "d" : 0.58111795786800702,
         "l" : [ -1.4714081556987999, -1.9331130027963599, 0.63998799267501005 ],
         "t" : 0.17433538736040211,
         "u" : 5
      }
   ]
}
