{
   "id" : "id157764",
   "p" : [
      {
         "l" : [ 1.5471999999999999, -3.4984999999999999, 1.9995000000000001 ],
         "u" : 0
      },
      {
         "d" : 2.441080385812807,
         "l" : [ 3.5823999999999998, -2.1505999999999998, 1.9995000000000001 ],
         "u" : 1
      },
      {
         "d" : 3.5505803858128071,
         "l" : [ 3.5823999999999998, -2.1505999999999998, 0.89000000000000001 ],
         "u" : 2
      }
   ]
}
