{
   "id" : "id183118",
   "p" : [
      {
         "l" : [ -0.51990000000000003, -2.8329, 0.94650000000000001 ],
         "u" : 0
      },
      {
         "d" : 0.23620000000000008,
         "l" : [ -0.51990000000000003, -2.8329, 1.1827000000000001 ],
         "t" : 1.6563814866760176,
         "u" : 1
      }
   ]
}
