{
   "id" : "id306692",
   "p" : [
      {
         "l" : [ 2.41149072764525, 1.3765133854739999, 0.89499999349057302 ],
         "u" : 0
      },
      {
         "d" : 1.7300000041579675,
         "l" : [ 2.4114907250765358, 1.3765133822043778, 2.6249999934905701 ],
         "u" : 1.0000000007897671
      },
      {
         "d" : 6.9948057744506995,
         "l" : [ -0.84100461458869402, -2.7634689682692399, 2.6249999932882315 ],
         "u" : 2.0000000001974034
      },
      {
         "d" : 8.0198057742483613,
         "l" : [ -0.84100461458869402, -2.7634689682692399, 1.59999999349057 ],
         "u" : 3
      }
   ]
}
