{
   "id" : "id294618",
   "p" : [
      {
         "l" : [ -2.2965005053258598, -1.41594024360268, 0.63998799267501005 ],
         "u" : 0
      },
      {
         "d" : 0.01943001684193835,
         "l" : [ -2.2929583275907173, -1.3968358322961083, 0.63998799267501005 ],
         "t" : 0.0058290050525815051,
         "u" : 0.99999999999798983
      },
      {
         "d" : 0.070188709783275169,
         "l" : [ -2.2958881514354763, -1.3461617655424769, 0.63998799267501005 ],
         "t" : 0.021056612934982552,
         "u" : 1.9999999999919655
      },
      {
         "d" : 0.21089111862726645,
         "l" : [ -2.4159348713473698, -1.2727727139554199, 0.63998799267501005 ],
         "t" : 0.063267335588179929,
         "u" : 3
      }
   ]
}
