{
   "id" : "id184144",
   "p" : [
      {
         "l" : [ -0.23599999999999999, -2.5377000000000001, 1.7173 ],
         "u" : 0
      },
      {
         "d" : 0.39369999999999994,
         "l" : [ -0.23599999999999999, -2.5377000000000001, 1.3236000000000001 ],
         "t" : 2.7608695652173911,
         "u" : 1.0000000000000002
      },
      {
         "d" : 0.78745581265550824,
         "l" : [ -0.2402, -2.9310999999999998, 1.3073999999999999 ],
         "t" : 5.5221305235309144,
         "u" : 2
      }
   ]
}
