{
   "id" : "id299141",
   "p" : [
      {
         "l" : [ 1.34885759467377, 1.25363023012082, 0.639988 ],
         "u" : 0
      },
      {
         "d" : 0.01870169877027246,
         "l" : [ 1.3488396408969503, 1.2723319202732075, 0.639988 ],
         "t" : 0.0056105096310817377,
         "u" : 0.99999999998595823
      },
      {
         "d" : 0.054341169223660127,
         "l" : [ 1.3428314022968069, 1.30746129435134, 0.639988 ],
         "t" : 0.016302350767098038,
         "u" : 1.9999999999439215
      },
      {
         "d" : 0.15725337224765273,
         "l" : [ 1.2659843395546599, 1.3759116448184201, 0.639988 ],
         "t" : 0.047176011674295824,
         "u" : 3
      }
   ]
}
