{
   "id" : "id181230",
   "p" : [
      {
         "l" : [ -1.7304999999999999, 0.78949999999999998, 0.61950000000000005 ],
         "u" : 0
      },
      {
         "d" : 0.99999999999999989,
         "l" : [ -1.7304999999999999, 0.78949999999999998, 1.6194999999999999 ],
         "t" : 7.0126227208976157,
         "u" : 1
      }
   ]
}
