{
   "id" : "id278809",
   "p" : [
      {
         "l" : [ -3.71875, 0.28125, 0.21729999999999999 ],
         "u" : 0
      },
      {
         "d" : 1.7827,
         "l" : [ -3.71875, 0.28125, 2 ],
         "t" : 1.06962,
         "u" : 1
      }
   ]
}
