{
   "id" : "id270255",
   "p" : [
      {
         "l" : [ 2.9352, 0.9042, 1.9995000000000001 ],
         "u" : 0
      },
      {
         "d" : 6.1516142800081353,
         "l" : [ -3.1000000000000001, -0.28689999999999999, 1.9995000000000001 ],
         "u" : 1
      },
      {
         "d" : 7.3413142800081355,
         "l" : [ -3.1000000000000001, -0.28689999999999999, 0.80979999999999996 ],
         "u" : 2
      }
   ]
}
