{
   "id" : "id309221",
   "p" : [
      {
         "l" : [ 3.5186812907103402, -1.81694165303922, 0.88500000042284499 ],
         "u" : 0
      },
      {
         "d" : 0.061159287983408431,
         "l" : [ 3.4577657515293199, -1.8223965217748599, 0.88500000042284499 ],
         "t" : 0.053736487801729529,
         "u" : 1
      }
   ]
}
