{
   "id" : "id181644",
   "p" : [
      {
         "l" : [ -1.2109000000000001, 2.1614, 1.9995000000000001 ],
         "u" : 0
      },
      {
         "d" : 3.3505068094245081,
         "l" : [ -3.6937000000000002, -0.088400000000000006, 1.9995000000000001 ],
         "u" : 1
      },
      {
         "d" : 4.7250068094245083,
         "l" : [ -3.6937000000000002, -0.088400000000000006, 0.625 ],
         "u" : 2
      }
   ]
}
