{
   "id" : "id309792",
   "p" : [
      {
         "l" : [ 3.3366852655572301, -1.92275773751728, 0.88500000042284499 ],
         "u" : 0
      },
      {
         "d" : 0.061159287983413094,
         "l" : [ 3.27976490000384, -1.9003851987273599, 0.88500000042284499 ],
         "t" : 0.05373648780173363,
         "u" : 1
      }
   ]
}
