{
   "id" : "id309336",
   "p" : [
      {
         "l" : [ 3.4848784478255701, -1.8459888049761299, 0.88500000042284499 ],
         "u" : 0
      },
      {
         "d" : 0.061159287983410512,
         "l" : [ 3.4237211375427199, -1.84549696597308, 0.88500000042284499 ],
         "t" : 0.053736487801731361,
         "u" : 1
      }
   ]
}
