{
   "id" : "id297376",
   "p" : [
      {
         "l" : [ -2.08344365129394, 2.13646529338854, 0.639988 ],
         "u" : 0
      },
      {
         "d" : 0.0039919291642221697,
         "l" : [ -2.0800446983410898, 2.1343718232367399, 0.639988 ],
         "t" : 0.0011975787492666508,
         "u" : 1
      },
      {
         "d" : 0.015956923547250663,
         "l" : [ -2.0692606422216402, 2.1291886558461899, 0.639988 ],
         "t" : 0.0047870770641751988,
         "u" : 2
      }
   ]
}
