{
   "id" : "id184108",
   "p" : [
      {
         "l" : [ -0.1041, -2.5409999999999999, 1.7813000000000001 ],
         "u" : 0
      },
      {
         "d" : 0.39369999999999999,
         "l" : [ -0.1041, -2.5409999999999999, 1.3876000000000002 ],
         "t" : 2.7608695652173916,
         "u" : 0.99999999999999956
      },
      {
         "d" : 0.7873423376619948,
         "l" : [ -0.1081, -2.9344999999999999, 1.3777999999999999 ],
         "t" : 5.5213347662131476,
         "u" : 2
      }
   ]
}
