{
   "id" : "id299266",
   "p" : [
      {
         "l" : [ 1.28837933989345, 1.23395446238254, 0.639988 ],
         "u" : 0
      },
      {
         "d" : 0.019452727454050731,
         "l" : [ 1.2811999583347999, 1.2520338729325799, 0.639988 ],
         "t" : 0.0058358182362152188,
         "u" : 1
      },
      {
         "d" : 0.07693236701662752,
         "l" : [ 1.23981304883923, 1.2919216240179601, 0.639988 ],
         "t" : 0.023079710104988257,
         "u" : 2
      }
   ]
}
