{
   "id" : "id278267",
   "p" : [
      {
         "l" : [ 1.05795496380073, 0.88627063619172897, 0.89500599999999997 ],
         "u" : 0
      },
      {
         "d" : 1.1049940003255609,
         "l" : [ 1.0579549636058123, 0.88627063593096667, 2 ],
         "u" : 1.0000000001220704
      },
      {
         "d" : 3.7719878905620812,
         "l" : [ -0.53881020159177995, -1.24989354727017, 1.9999999999664313 ],
         "u" : 2.0000000000305169
      },
      {
         "d" : 4.8719878905285121,
         "l" : [ -0.53881020159177995, -1.24989354727017, 0.90000000000000002 ],
         "u" : 3
      }
   ]
}
