{
   "id" : "id182283",
   "p" : [
      {
         "l" : [ 0.4597, -2.8313000000000001, 1.6172 ],
         "u" : 0
      },
      {
         "d" : 3.5525248189686196,
         "l" : [ 3.4247999999999998, -0.90290000000000004, 1.6327 ],
         "u" : 2
      }
   ]
}
