{
   "id" : "id294696",
   "p" : [
      {
         "l" : [ -2.3326770661666498, -1.4169019933968099, 0.63998799267501005 ],
         "u" : 0
      },
      {
         "d" : 0.47228509992506656,
         "l" : [ -2.144211949641512, -0.98384990015121032, 0.63998799267501005 ],
         "t" : 0.14168552997751996,
         "u" : 1.000000000012035
      },
      {
         "d" : 0.54227954710688964,
         "l" : [ -2.1387735865459598, -0.91479248984796702, 0.63998799267501005 ],
         "t" : 0.16268386413206687,
         "u" : 3
      }
   ]
}
