{
   "id" : "id278726",
   "p" : [
      {
         "l" : [ -0.63967065205125995, -3.7187499928508401, 1 ],
         "u" : 0
      },
      {
         "d" : 0.99999999999999989,
         "l" : [ -0.63967065205125995, -3.7187499928508401, 2 ],
         "t" : 0.59999999999999987,
         "u" : 1
      }
   ]
}
