{
   "id" : "id299566",
   "p" : [
      {
         "l" : [ 1.7260377166641301, 1.5925865125384899, 0.639988 ],
         "u" : 0
      },
      {
         "d" : 0.1739962625063835,
         "l" : [ 1.6382909571871069, 1.4424799284352852, 0.639988 ],
         "t" : 0.052198878751915048,
         "u" : 3.0000000000189351
      },
      {
         "d" : 0.19890727946956904,
         "l" : [ 1.628623720679518, 1.4195211979728564, 0.639988 ],
         "t" : 0.05967218384087071,
         "u" : 3.9999999999971054
      },
      {
         "d" : 0.27227224191210181,
         "l" : [ 1.6338456722374199, 1.34634231484309, 0.639988 ],
         "t" : 0.081681672573630543,
         "u" : 5
      }
   ]
}
