{
   "id" : "id183654",
   "p" : [
      {
         "l" : [ 0.66320000000000001, 0.4138, 1.1182000000000001 ],
         "u" : 0
      },
      {
         "d" : 0.15059999999999979,
         "l" : [ 0.66320000000000001, 0.4138, 1.2687999999999999 ],
         "u" : 1
      },
      {
         "d" : 2.9883803473842008,
         "l" : [ 3.4228999999999998, 1.0749, 1.2687999999999999 ],
         "u" : 2
      }
   ]
}
