{
   "id" : "id160137",
   "p" : [
      {
         "l" : [ -3.4998999999999998, -3.375, 1.9995000000000001 ],
         "u" : 0
      },
      {
         "d" : 7.188939950368205,
         "l" : [ 3.5145, -1.8005, 1.9995000000000001 ],
         "u" : 1
      },
      {
         "d" : 8.2201399503682051,
         "l" : [ 3.5145, -1.8005, 0.96830000000000005 ],
         "u" : 2
      }
   ]
}
