{
   "id" : "id183571",
   "p" : [
      {
         "l" : [ 0.36759999999999998, 0.124, 0.88200000000000001 ],
         "u" : 0
      },
      {
         "d" : 0.23620000000000002,
         "l" : [ 0.36759999999999998, 0.124, 1.1182000000000001 ],
         "t" : 1.6563814866760171,
         "u" : 1
      }
   ]
}
