{
   "id" : "id278677",
   "p" : [
      {
         "l" : [ 3.7187499994294999, -1.76554065989016, 2 ],
         "u" : 0
      },
      {
         "d" : 3.2999520971074587,
         "l" : [ 1.05892723419476, -3.7187499934596402, 2 ],
         "u" : 1
      }
   ]
}
