{
   "id" : "id278286",
   "p" : [
      {
         "l" : [ -0.53881020159177995, -1.24989354727017, 0.90000000000000002 ],
         "u" : 0
      },
      {
         "d" : 0.0049940000000001546,
         "l" : [ -0.53881020159177995, -1.24989354727017, 0.89500599999999997 ],
         "t" : 0.0029964000000000926,
         "u" : 1
      }
   ]
}
