{
   "id" : "id184018",
   "p" : [
      {
         "l" : [ 0.33119999999999999, -3.0312999999999999, 1.431 ],
         "u" : 0
      },
      {
         "d" : 0.23629999999999995,
         "l" : [ 0.33119999999999999, -3.0312999999999999, 1.6673 ],
         "t" : 1.6570827489481066,
         "u" : 1
      }
   ]
}
