{
   "id" : "id182392",
   "p" : [
      {
         "l" : [ 3.4247000000000001, -0.75349999999999995, 1.6432 ],
         "u" : 0
      },
      {
         "d" : 0.39369999999999999,
         "l" : [ 3.4247000000000001, -0.75349999999999995, 1.2495000000000001 ],
         "t" : 2.7608695652173916,
         "u" : 1
      },
      {
         "d" : 0.7873969773823517,
         "l" : [ 3.0312000000000001, -0.76200000000000001, 1.2585999999999999 ],
         "t" : 5.5217179339575866,
         "u" : 2
      }
   ]
}
