{
   "id" : "id300115",
   "p" : [
      {
         "l" : [ 1.9953715899003699, 1.44764043643689, 0.639988 ],
         "u" : 0
      },
      {
         "d" : 0.0021296730419972008,
         "l" : [ 1.9947111992762201, 1.4456157410303301, 0.639988 ],
         "t" : 0.00063890191259916018,
         "u" : 1
      },
      {
         "d" : 0.008517053326625253,
         "l" : [ 1.9930703294818399, 1.43944272124919, 0.639988 ],
         "t" : 0.0025551159979875756,
         "u" : 2
      }
   ]
}
