{
   "id" : "id184089",
   "p" : [
      {
         "l" : [ 0.0332, -3.0312999999999999, 1.4213 ],
         "u" : 0
      },
      {
         "d" : 0.23619999999999999,
         "l" : [ 0.0332, -3.0312999999999999, 1.6575 ],
         "t" : 1.6563814866760171,
         "u" : 1
      }
   ]
}
