{
   "id" : "id274166",
   "p" : [
      {
         "l" : [ -2.1875, -2.1875, 0.42999999999999999 ],
         "u" : 0
      },
      {
         "d" : 0.15499999999999997,
         "l" : [ -2.1875, -2.1875, 0.27500000000000002 ],
         "t" : 2.0493609519612161,
         "u" : 1
      }
   ]
}
