{
   "id" : "id267334",
   "p" : [
      {
         "l" : [ 3, -1.49, 1.9995000000000001 ],
         "u" : 0
      },
      {
         "d" : 0.15073901286661001,
         "l" : [ 2.9352, -1.6261000000000001, 1.9995000000000001 ],
         "u" : 1
      },
      {
         "d" : 1.2098390128666099,
         "l" : [ 2.9352, -1.6261000000000001, 0.94040000000000001 ],
         "u" : 2
      }
   ]
}
