{
   "id" : "id296364",
   "p" : [
      {
         "l" : [ -1.03337912162509, -0.640597253820819, 0.63499999267500995 ],
         "u" : 0
      },
      {
         "d" : 0.47838824937426855,
         "l" : [ -1.4952804345768, -0.76480444602014797, 0.63499999267500995 ],
         "t" : 0.14351647481228055,
         "u" : 5
      }
   ]
}
