{
   "id" : "id310405",
   "p" : [
      {
         "l" : [ 1.1920297166998599, -2.6448915387002501, 0.88500000042284499 ],
         "u" : 0
      },
      {
         "d" : 0.11606036629886243,
         "l" : [ 1.23566100643442, -2.7524324403328801, 0.88500000042284499 ],
         "t" : 0.069636219779317457,
         "u" : 2
      }
   ]
}
