{
   "id" : "id298593",
   "p" : [
      {
         "l" : [ -2.4683624868887, 1.79372092778934, 0.63500000000000001 ],
         "u" : 0
      },
      {
         "d" : 0.18687906167829801,
         "l" : [ -2.4683624873201802, 1.6068553545398601, 0.63500000000000001 ],
         "t" : 0.056063718503489401,
         "u" : 5
      }
   ]
}
