{
   "id" : "id306111",
   "p" : [
      {
         "l" : [ -0.84086957049223798, -3.1289319993470901, 1.59999999349057 ],
         "u" : 0
      },
      {
         "d" : 0.70499999999999696,
         "l" : [ -0.84086957049223798, -3.1289319993470901, 0.89499999349057302 ],
         "t" : 2.8199999999999878,
         "u" : 1
      }
   ]
}
