{
   "id" : "id164177",
   "p" : [
      {
         "l" : [ 1.2759, -2.4609000000000001, 0.625 ],
         "u" : 0
      },
      {
         "d" : 0.039373346346097654,
         "l" : [ 1.2713000000000174, -2.499999999999833, 0.625 ],
         "t" : 0.30676545653367865,
         "u" : 1.9999999999920581
      },
      {
         "d" : 0.078773346346265233,
         "l" : [ 1.3107, -2.5, 0.625 ],
         "t" : 0.61373857690896161,
         "u" : 3
      }
   ]
}
