{
   "id" : "id291072",
   "p" : [
      {
         "l" : [ -1.9548299795585999, 2.55245307907275, 0.64499999086678905 ],
         "u" : 0
      },
      {
         "d" : 1.2318582084075118,
         "l" : [ -2.5538646316257299, 1.47792887712674, 0.64499999086678905 ],
         "t" : 0.1478229850089014,
         "u" : 3
      }
   ]
}
