{
   "id" : "id164682",
   "p" : [
      {
         "l" : [ -2.2023000000000001, 1.8549, 0.625 ],
         "u" : 0
      },
      {
         "d" : 0.039399999999999991,
         "l" : [ -2.1966999999999999, 1.8938999999999999, 0.625 ],
         "t" : 0.30697312037397734,
         "u" : 1
      },
      {
         "d" : 0.078746791482915177,
         "l" : [ -2.2311000000000001, 1.8748, 0.625 ],
         "t" : 0.61353168276521375,
         "u" : 2
      }
   ]
}
