{
   "id" : "id183861",
   "p" : [
      {
         "l" : [ 0.84240000000000004, -2.5386000000000002, 1.5502 ],
         "u" : 0
      },
      {
         "d" : 0.39369999999999999,
         "l" : [ 0.84240000000000004, -2.5386000000000002, 1.1565000000000001 ],
         "t" : 2.7608695652173916,
         "u" : 0.99999999999999989
      },
      {
         "d" : 0.78742471347376708,
         "l" : [ 0.84230000000000005, -2.9321000000000002, 1.1432 ],
         "t" : 5.5219124367024346,
         "u" : 2
      }
   ]
}
