{
   "id" : "id303497",
   "p" : [
      {
         "l" : [ 1.54414530237585, -2.41593893532364, 0.639988 ],
         "u" : 0
      },
      {
         "d" : 0.11979300270197418,
         "l" : [ 1.5510409092942539, -2.2963716991695935, 0.639988 ],
         "t" : 0.035937900810592255,
         "u" : 2.9999999999619424
      },
      {
         "d" : 0.14894977443766749,
         "l" : [ 1.5485146230307665, -2.2673245785591094, 0.639988 ],
         "t" : 0.044684932331300248,
         "u" : 3.9999999999855733
      },
      {
         "d" : 0.23422648621749584,
         "l" : [ 1.4977885753370801, -2.1987754308084102, 0.639988 ],
         "t" : 0.070267945865248746,
         "u" : 5
      }
   ]
}
