{
   "id" : "id184231",
   "p" : [
      {
         "l" : [ -0.45540000000000003, -3.0312999999999999, 1.0972 ],
         "u" : 0
      },
      {
         "d" : 0.23619999999999994,
         "l" : [ -0.45540000000000003, -3.0312999999999999, 1.3333999999999999 ],
         "t" : 1.6563814866760167,
         "u" : 1
      }
   ]
}
