{
   "id" : "id294113",
   "p" : [
      {
         "l" : [ -1.9429395514583701, -1.4674834516721, 0.63998799267501005 ],
         "u" : 0
      },
      {
         "d" : 0.5631149730674988,
         "l" : [ -1.75780824531408, -0.93568238247646385, 0.63998799267501005 ],
         "t" : 0.16893449192024965,
         "u" : 3.0000000000161458
      },
      {
         "d" : 0.63203705349004558,
         "l" : [ -1.7572949950005501, -0.86745237106918505, 0.63998799267501005 ],
         "t" : 0.18961111604701367,
         "u" : 5
      }
   ]
}
