{
   "id" : "id309859",
   "p" : [
      {
         "l" : [ 1.1919755527796201, -2.9853861554654899, 0.88500000042284499 ],
         "u" : 0
      },
      {
         "d" : 0.11403459323638943,
         "l" : [ 1.2355469127593399, -3.0907626018876599, 0.88500000042284499 ],
         "t" : 0.068420755941833653,
         "u" : 2
      }
   ]
}
