{
   "id" : "id162034",
   "p" : [
      {
         "l" : [ -1.4505999999999999, -2.4900000000000002, 0.625 ],
         "u" : 0
      },
      {
         "d" : 0.55600000000000005,
         "l" : [ -0.89459999999999995, -2.4900000000000002, 0.625 ],
         "t" : 3.4656139621857478,
         "u" : 1
      }
   ]
}
