{
   "id" : "id294942",
   "p" : [
      {
         "l" : [ -2.4470743744241701, -1.04049690821611, 0.63998799267501005 ],
         "u" : 0
      },
      {
         "d" : 0.91018931954365945,
         "l" : [ -1.75061755249286, -1.62643370079512, 0.63998799267501005 ],
         "t" : 0.27305679586309783,
         "u" : 5
      }
   ]
}
