{
   "id" : "id181748",
   "p" : [
      {
         "l" : [ 3.4245999999999999, -1.6606000000000001, 1.2636000000000001 ],
         "u" : 0
      },
      {
         "d" : 0.39370000000000011,
         "l" : [ 3.4245999999999999, -1.6606000000000001, 0.86990000000000001 ],
         "t" : 2.7608695652173925,
         "u" : 1
      },
      {
         "d" : 0.78749193744920687,
         "l" : [ 3.0312000000000001, -1.6749000000000001, 0.88009999999999999 ],
         "t" : 5.5223838530799938,
         "u" : 2
      }
   ]
}
