{
   "id" : "id164094",
   "p" : [
      {
         "l" : [ 1.9605999999999999, -2.5, 0.625 ],
         "u" : 0
      },
      {
         "d" : 0.039400000000000032,
         "l" : [ 2, -2.5, 0.625 ],
         "t" : 0.30697312037397767,
         "u" : 1
      },
      {
         "d" : 0.078720478125272053,
         "l" : [ 2.0089000000000001, -2.4617, 0.625 ],
         "t" : 0.61332667023975118,
         "u" : 2
      }
   ]
}
