{
   "id" : "id296635",
   "p" : [
      {
         "l" : [ -0.86102209539986396, -1.7758765348914201, 0.63499999267500995 ],
         "u" : 0
      },
      {
         "d" : 0.064941652974983347,
         "l" : [ -0.92538746816479212, -1.7758661704522329, 0.63499999267500995 ],
         "t" : 0.019482495892495004,
         "u" : 2.0000000000529838
      },
      {
         "d" : 0.64179237116623522,
         "l" : [ -1.47498355330968, -1.9510168795623499, 0.63499999267500995 ],
         "t" : 0.19253771134987058,
         "u" : 5
      }
   ]
}
