{
   "id" : "id307405",
   "p" : [
      {
         "l" : [ 1.5412060398716101, 1.22842997721749, 0.89499999349057302 ],
         "u" : 0
      },
      {
         "d" : 1.7300000032383502,
         "l" : [ 1.5412060380022088, 1.2284299745731997, 2.6249999934905701 ],
         "u" : 1.0000000007897665
      },
      {
         "d" : 5.8303935589826725,
         "l" : [ -0.82582447346383203, -2.11976265251967, 2.624999993288232 ],
         "u" : 2.000000000197403
      },
      {
         "d" : 6.8553935587803343,
         "l" : [ -0.82582447346383203, -2.11976265251967, 1.59999999349057 ],
         "u" : 3
      }
   ]
}
