{
   "id" : "id296161",
   "p" : [
      {
         "l" : [ -1.5238285597126799, -1.30448760329989, 2.1249999926750101 ],
         "u" : 0
      },
      {
         "d" : 1.45,
         "l" : [ -1.5238285597126799, -1.30448760329989, 0.67499999267500999 ],
         "u" : 2
      }
   ]
}
