{
   "id" : "id160651",
   "p" : [
      {
         "l" : [ -0.085900000000000004, 3.6619999999999999, 0.56530000000000002 ],
         "u" : 0
      },
      {
         "d" : 1.4341999999999999,
         "l" : [ -0.085900000000000004, 3.6619999999999999, 1.9995000000000001 ],
         "u" : 1
      }
   ]
}
