{
   "id" : "id296072",
   "p" : [
      {
         "l" : [ -1.2945309972461001, -2.4176686080506098, 0.63998799267501005 ],
         "u" : 0
      },
      {
         "d" : 0.052525648000228992,
         "l" : [ -1.2944142631576405, -2.3651430897666694, 0.63998799267501005 ],
         "t" : 0.015757694400068696,
         "u" : 1.0000000000000033
      },
      {
         "d" : 0.19727768984761554,
         "l" : [ -1.4159348738051201, -2.2864926300931798, 0.63998799267501005 ],
         "t" : 0.059183306954284656,
         "u" : 2
      }
   ]
}
