{
   "id" : "id308941",
   "p" : [
      {
         "l" : [ 1.1393642131798301, -3.41454112060954, 0.88500000042284499 ],
         "u" : 0
      },
      {
         "d" : 0.069117201448116838,
         "l" : [ 1.1399868117666301, -3.4836522499573701, 0.88500000042284499 ],
         "t" : 0.041470320868870099,
         "u" : 2
      }
   ]
}
