{
   "id" : "id300073",
   "p" : [
      {
         "l" : [ 1.97068038584825, 1.48129524911275, 0.639988 ],
         "u" : 0
      },
      {
         "d" : 0.014239621210144358,
         "l" : [ 1.9644687291867999, 1.4684818914837501, 0.639988 ],
         "t" : 0.0042718863630433071,
         "u" : 1
      },
      {
         "d" : 0.056613883686430458,
         "l" : [ 1.95855758716253, 1.42652195201313, 0.639988 ],
         "t" : 0.016984165105929136,
         "u" : 2
      }
   ]
}
