{
   "id" : "id310555",
   "p" : [
      {
         "l" : [ 2.7298008846231898, -1.9422892764876201, 0.88500000042284499 ],
         "u" : 0
      },
      {
         "d" : 0.10586820316803663,
         "l" : [ 2.63215219842535, -1.9013892700589601, 0.88500000042284499 ],
         "t" : 0.093019156954109047,
         "u" : 1
      }
   ]
}
