{
   "id" : "id307081",
   "p" : [
      {
         "l" : [ -0.84289894851486902, -2.4715463835227398, 1.59999999349057 ],
         "u" : 0
      },
      {
         "d" : 0.70499999999999696,
         "l" : [ -0.84289894851486902, -2.4715463835227398, 0.89499999349057302 ],
         "t" : 2.8199999999999878,
         "u" : 1
      }
   ]
}
