{
   "id" : "id180696",
   "p" : [
      {
         "l" : [ 0.39729999999999999, 3.3180000000000001, 0.93469999999999998 ],
         "u" : 0
      },
      {
         "d" : 0.39369999999999994,
         "l" : [ 0.39729999999999999, 3.3180000000000001, 0.54100000000000004 ],
         "t" : 2.7608695652173911,
         "u" : 1
      },
      {
         "d" : 0.78740102870071349,
         "l" : [ 0.16639999999999999, 3, 0.51729999999999998 ],
         "t" : 5.5217463443247796,
         "u" : 2
      }
   ]
}
