{
   "id" : "id295552",
   "p" : [
      {
         "l" : [ -0.91090595348070802, -2.08624256205171, 0.63998799267501005 ],
         "u" : 0
      },
      {
         "d" : 0.48541729055370253,
         "l" : [ -1.3943273518025801, -2.0430011869217073, 0.63998799267501005 ],
         "t" : 0.14562518716611075,
         "u" : 3.0000000000337219
      },
      {
         "d" : 0.5256749203394786,
         "l" : [ -1.43423404592282, -2.0471479153604202, 0.63998799267501005 ],
         "t" : 0.15770247610184357,
         "u" : 5
      }
   ]
}
