{
   "id" : "id281153",
   "p" : [
      {
         "l" : [ -1.1761740233473801, -1.3565475418631301, 2 ],
         "u" : 0
      },
      {
         "d" : 1.3100000000000001,
         "l" : [ -1.1761740233473801, -1.3565475418631301, 0.68999999999999995 ],
         "u" : 2
      }
   ]
}
