{
   "id" : "id283035",
   "p" : [
      {
         "l" : [ -1.4770900230428801, -0.91954714699587503, 0.90000000000000002 ],
         "u" : 0
      },
      {
         "d" : 0.27480000912334102,
         "l" : [ -1.4770900230428801, -0.91954714699587503, 0.62519999087665901 ],
         "t" : 2.7480000912334099,
         "u" : 1
      }
   ]
}
