{
   "id" : "id262821",
   "p" : [
      {
         "l" : [ 2.7189000000000001, -1.5264, 1.9995000000000001 ],
         "u" : 0
      },
      {
         "d" : 2.3625900702407092,
         "l" : [ 0.82169999999999999, -2.9344000000000001, 1.9995000000000001 ],
         "u" : 1
      },
      {
         "d" : 3.3830900702407094,
         "l" : [ 0.82169999999999999, -2.9344000000000001, 0.97899999999999998 ],
         "u" : 2
      }
   ]
}
