{
   "id" : "id274419",
   "p" : [
      {
         "l" : [ 3.4826533889770501, -1.30341745796855, 0.89500599999999997 ],
         "u" : 0
      },
      {
         "d" : 0.086270490062344191,
         "l" : [ 3.4487862014770498, -1.3827623448008901, 0.89500599999999997 ],
         "t" : 1.1764157735774208,
         "u" : 1
      }
   ]
}
