{
   "id" : "id278326",
   "p" : [
      {
         "l" : [ -0.480992292446762, -1.1817391819740199, 0.89500599999999997 ],
         "u" : 0
      },
      {
         "d" : 0.51419686896023176,
         "l" : [ -0.29544253083939609, -0.70328133541820559, 0.89000599999999996 ],
         "t" : 3.5058877429106712,
         "u" : 34.000000000253301
      },
      {
         "d" : 1.1797941341831886,
         "l" : [ -0.0043848154415050793, -0.10579231931006455, 0.89000599999999996 ],
         "t" : 8.0440509148853767,
         "u" : 70.999999962708443
      },
      {
         "d" : 1.9466735838345728,
         "l" : [ 0.51472394462579796, 0.45312512392075599, 0.89500599999999997 ],
         "t" : 13.272774435235723,
         "u" : 121
      }
   ]
}
