{
   "id" : "id167496",
   "p" : [
      {
         "l" : [ -3.25, 0.11899999999999999, 0.46789999999999998 ],
         "u" : 0
      },
      {
         "d" : 1.531600000137272,
         "l" : [ -3.2499999998999436, 0.11900000009398053, 1.9995000000000001 ],
         "u" : 1.0000000000288638
      },
      {
         "d" : 6.2874551544488071,
         "l" : [ 0.2165, 3.375, 1.999499999989772 ],
         "u" : 2.000000000007216
      },
      {
         "d" : 7.7048551544385795,
         "l" : [ 0.2165, 3.375, 0.58209999999999995 ],
         "u" : 3
      }
   ]
}
