{
   "id" : "id162197",
   "p" : [
      {
         "l" : [ -2.4605999999999999, -0.84530000000000005, 0.625 ],
         "u" : 0
      },
      {
         "d" : 0.039400138503883193,
         "l" : [ -2.4999999999999933, -0.84519999999999995, 0.625 ],
         "t" : 0.30697419948487104,
         "u" : 1.9999999999980926
      },
      {
         "d" : 0.078800138503889616,
         "l" : [ -2.5, -0.88460000000000005, 0.625 ],
         "t" : 0.6139473198588985,
         "u" : 3
      }
   ]
}
