{
   "id" : "id305253",
   "p" : [
      {
         "l" : [ -0.81384496816960505, -3.4715370313022298, 1.59999999349057 ],
         "u" : 0
      },
      {
         "d" : 0.70499999999999696,
         "l" : [ -0.81384496816960505, -3.4715370313022298, 0.89499999349057302 ],
         "t" : 2.8199999999999878,
         "u" : 1
      }
   ]
}
