{
   "id" : "id267258",
   "p" : [
      {
         "l" : [ -0.40239999999999998, -2.7198000000000002, 0.879 ],
         "u" : 0
      },
      {
         "d" : 1.1205000000000001,
         "l" : [ -0.40239999999999998, -2.7198000000000002, 1.9995000000000001 ],
         "u" : 1
      }
   ]
}
