{
   "id" : "id169039",
   "p" : [
      {
         "l" : [ -1.8525, 0.92020000000000002, 0.93269999999999997 ],
         "u" : 0
      },
      {
         "d" : 1.0668000003515801,
         "l" : [ -1.85249999985943, 0.92020000032225557, 1.9995000000000001 ],
         "u" : 1.0000000001312757
      },
      {
         "d" : 3.7449814083698154,
         "l" : [ -0.78170000178119015, 3.3749999959166366, 1.9995000000000001 ],
         "u" : 1.9999999983365799
      },
      {
         "d" : 5.1638814128247557,
         "l" : [ -0.78169999999999995, 3.375, 0.5806 ],
         "u" : 3
      }
   ]
}
