{
   "id" : "id286869",
   "p" : [
      {
         "l" : [ 1.4263820073265101, 1.5324645419071601, 0.90000000000000002 ],
         "u" : 0
      },
      {
         "d" : 1.1000000000000001,
         "l" : [ 1.4263820073265101, 1.5324645419071601, 2 ],
         "u" : 1
      }
   ]
}
