{
   "id" : "id181485",
   "p" : [
      {
         "l" : [ -1.2764, 1.5470999999999999, 1.6264000000000001 ],
         "u" : 0
      },
      {
         "d" : 1.810167180124532,
         "l" : [ -0.75649999999999995, 3.2810000000000001, 1.6264000000000001 ],
         "u" : 1
      },
      {
         "d" : 2.4913671801245321,
         "l" : [ -0.75649999999999995, 3.2810000000000001, 0.94520000000000004 ],
         "u" : 2
      }
   ]
}
