{
   "id" : "id164923",
   "p" : [
      {
         "l" : [ -1.9682999999999999, 2.4605999999999999, 0.625 ],
         "u" : 0
      },
      {
         "d" : 0.039400507611003395,
         "l" : [ -1.9685000000000601, 2.5, 0.625 ],
         "t" : 0.30697707527077051,
         "u" : 1.0000000000019074
      },
      {
         "d" : 0.070900507610962199,
         "l" : [ -2.0000000000000044, 2.4999999999999813, 0.625 ],
         "t" : 0.55239974765065991,
         "u" : 2.0000000000004774
      },
      {
         "d" : 0.11022098573621555,
         "l" : [ -2.0089000000000001, 2.4617, 0.625 ],
         "t" : 0.85875329751628793,
         "u" : 3
      }
   ]
}
