{
   "id" : "id292397",
   "p" : [
      {
         "l" : [ -2.5420582439525998, 1.2249852768839899, 0.90000000000000002 ],
         "u" : 0
      },
      {
         "d" : 1.1000000000000001,
         "l" : [ -2.5420582439525998, 1.2249852768839899, 2 ],
         "u" : 1
      }
   ]
}
