{
   "id" : "id297590",
   "p" : [
      {
         "l" : [ -2.0652886836068198, 1.9173037377112201, 0.639988 ],
         "u" : 0
      },
      {
         "d" : 0.21363427631632065,
         "l" : [ -2.2608385401260098, 2.0033261628835102, 0.639988 ],
         "t" : 0.064090282894896197,
         "u" : 1
      }
   ]
}
