{
   "id" : "id182373",
   "p" : [
      {
         "l" : [ 0.31759999999999999, -2.8313999999999999, 1.4136 ],
         "u" : 0
      },
      {
         "d" : 0.23619999999999999,
         "l" : [ 0.31759999999999999, -2.8313999999999999, 1.6497999999999999 ],
         "t" : 1.6563814866760171,
         "u" : 1
      }
   ]
}
