{
   "id" : "id293782",
   "p" : [
      {
         "l" : [ -0.75030062668736597, -0.574271696901137, 0.63998799267501005 ],
         "u" : 0
      },
      {
         "d" : 0.61620928321602431,
         "l" : [ -1.3439009604809899, -0.73945457939451598, 0.63998799267501005 ],
         "t" : 0.18486278496480729,
         "u" : 5
      }
   ]
}
