{
   "id" : "id302903",
   "p" : [
      {
         "l" : [ 2.1260499296015398, -2.0527353840142801, 0.639988 ],
         "u" : 0
      },
      {
         "d" : 0.0054985729507138889,
         "l" : [ 2.1261774974979999, -2.0582324769665701, 0.639988 ],
         "t" : 0.0016495718852141666,
         "u" : 1
      },
      {
         "d" : 0.021966085375417076,
         "l" : [ 2.1289063263158101, -2.0744723186758001, 0.639988 ],
         "t" : 0.0065898256126251222,
         "u" : 2
      }
   ]
}
