{
   "id" : "id181162",
   "p" : [
      {
         "l" : [ -0.18160000000000001, 3.3022999999999998, 0.91479999999999995 ],
         "u" : 0
      },
      {
         "d" : 0.39369999999999994,
         "l" : [ -0.18160000000000001, 3.3022999999999998, 0.52110000000000001 ],
         "t" : 2.7608695652173911,
         "u" : 1
      },
      {
         "d" : 0.78741363959101007,
         "l" : [ -0.43330000000000002, 3, 0.50460000000000005 ],
         "t" : 5.5218347797406038,
         "u" : 2
      }
   ]
}
