{
   "id" : "id164503",
   "p" : [
      {
         "l" : [ -2.4900000000000002, 1.3217000000000001, 0.63 ],
         "u" : 0
      },
      {
         "d" : 0.039400000000176336,
         "l" : [ -2.4899999999998248, 1.2823000000000193, 0.63 ],
         "t" : 0.30697312037535129,
         "u" : 1.0000000000176918
      },
      {
         "d" : 0.078807145820508226,
         "l" : [ -2.4508999999999999, 1.2871999999999999, 0.63 ],
         "t" : 0.61400191523574787,
         "u" : 3
      }
   ]
}
