{
   "id" : "id161489",
   "p" : [
      {
         "l" : [ -2.4900000000000002, -1.4505999999999999, 0.63 ],
         "u" : 0
      },
      {
         "d" : 0.039400000000000129,
         "l" : [ -2.4900000000000002, -1.49, 0.63 ],
         "t" : 0.30697312037397845,
         "u" : 1.0000000000000029
      },
      {
         "d" : 0.078800000000000148,
         "l" : [ -2.4506000000000001, -1.49, 0.63 ],
         "t" : 0.61394624074795612,
         "u" : 2
      }
   ]
}
