{
   "id" : "id310297",
   "p" : [
      {
         "l" : [ 1.1920012231017401, -2.7262400874936001, 0.88500000042284499 ],
         "u" : 0
      },
      {
         "d" : 0.11462184163306097,
         "l" : [ 1.2356340978518601, -2.8322263910435201, 0.88500000042284499 ],
         "t" : 0.068773104979836575,
         "u" : 2
      }
   ]
}
