{
   "id" : "id309805",
   "p" : [
      {
         "l" : [ 3.27976490000384, -1.9003851987273599, 0.88500000042284499 ],
         "u" : 0
      },
      {
         "d" : 0.0079567971082531407,
         "l" : [ 3.2722964468545501, -1.8976416897627599, 0.88500000042284499 ],
         "t" : 0.0047740782649518844,
         "u" : 2
      }
   ]
}
