{
   "id" : "id308484",
   "p" : [
      {
         "l" : [ 0.704619551491799, -3.6616933106510601, 0.88500000042284499 ],
         "u" : 0
      },
      {
         "d" : 1.114999999517807,
         "l" : [ 0.704619551491799, -3.6616933106510601, 1.9999999999406521 ],
         "u" : 1.9999999987141384
      },
      {
         "d" : 4.7922464748208631,
         "l" : [ 3.6616340019282299, -1.4757822473887501, 2.0000000004228502 ],
         "u" : 3
      }
   ]
}
