{
   "id" : "id310140",
   "p" : [
      {
         "l" : [ 3.1150609267398002, -1.9017482343230501, 0.88500000042284499 ],
         "u" : 0
      },
      {
         "d" : 0.0079567971082469859,
         "l" : [ 3.1076486580496998, -1.89885636524793, 0.88500000042284499 ],
         "t" : 0.0047740782649481912,
         "u" : 2
      }
   ]
}
