{
   "id" : "id283141",
   "p" : [
      {
         "l" : [ 1.6585673123761, 1.5774321085431799, 2 ],
         "u" : 0
      },
      {
         "d" : 1.0749999999999997,
         "l" : [ 1.6585673123761, 1.5774321085431799, 0.92500000000000004 ],
         "u" : 2
      }
   ]
}
