{
   "id" : "id181736",
   "p" : [
      {
         "l" : [ 0.62829999999999997, 3.6937000000000002, 1.9995000000000001 ],
         "u" : 0
      },
      {
         "d" : 6.0405150591650711,
         "l" : [ 3.4245999999999999, -1.6606000000000001, 1.9995000000000001 ],
         "u" : 1
      },
      {
         "d" : 6.7764150591650711,
         "l" : [ 3.4245999999999999, -1.6606000000000001, 1.2636000000000001 ],
         "u" : 2
      }
   ]
}
