{
   "id" : "id166325",
   "p" : [
      {
         "l" : [ 1.8626, -2.2847, 0.875 ],
         "u" : 0
      },
      {
         "d" : 1.1245000000000001,
         "l" : [ 1.8626, -2.2847, 1.9995000000000001 ],
         "u" : 1
      }
   ]
}
