{
   "id" : "id163114",
   "p" : [
      {
         "l" : [ 2.4900000000000002, 1.4309000000000001, 0.625 ],
         "u" : 0
      },
      {
         "d" : 0.019599999999999847,
         "l" : [ 2.4900000000000002, 1.4504999999999999, 0.625 ],
         "t" : 0.12216912528568366,
         "u" : 1
      }
   ]
}
