{
   "id" : "id262810",
   "p" : [
      {
         "l" : [ 2.7189000000000001, -1.5264, 0.87890000000000001 ],
         "u" : 0
      },
      {
         "d" : 1.1206,
         "l" : [ 2.7189000000000001, -1.5264, 1.9995000000000001 ],
         "u" : 1
      }
   ]
}
