{
   "id" : "id278459",
   "p" : [
      {
         "l" : [ 0.51472394462579796, 0.45312512392075599, 0.89500599999999997 ],
         "u" : 0
      },
      {
         "d" : 0.087211690018394877,
         "l" : [ 0.55020033662996903, 0.53279169745598698, 0.89500599999999997 ],
         "t" : 0.010465402802207384,
         "u" : 3
      }
   ]
}
