{
   "id" : "id169997",
   "p" : [
      {
         "l" : [ 0.81000000000000005, -3.6436999999999999, 1.0692999999999999 ],
         "u" : 0
      },
      {
         "d" : 0.93020000003233549,
         "l" : [ 0.8100000000254578, -3.643699999980063, 1.9995000000000001 ],
         "u" : 1.0000000000089839
      },
      {
         "d" : 4.5294644151290138,
         "l" : [ 3.6436999999999999, -1.4245000000000001, 1.9994999999980547 ],
         "u" : 2.0000000000022458
      },
      {
         "d" : 5.3956644151270687,
         "l" : [ 3.6436999999999999, -1.4245000000000001, 1.1333 ],
         "u" : 3
      }
   ]
}
