{
   "id" : "id308288",
   "p" : [
      {
         "l" : [ -0.266283303715321, 0.55330551227456803, 0.89499999349057302 ],
         "u" : 0
      },
      {
         "d" : 0.88935048325350541,
         "l" : [ -0.75876074231473001, -0.18710606768667701, 0.89499999349057302 ],
         "t" : 0.35574019330140216,
         "u" : 5
      }
   ]
}
