{
   "id" : "id171342",
   "p" : [
      {
         "l" : [ 0.54800000000000004, -3.6436999999999999, 1.3608 ],
         "u" : 0
      },
      {
         "d" : 0.63870000017031525,
         "l" : [ 0.54800000013043171, -3.6436999998904787, 1.9995000000000001 ],
         "u" : 1.0000000000421332
      },
      {
         "d" : 4.6810061212508591,
         "l" : [ 3.6436999931704399, -1.0443000057346505, 1.9995000000000001 ],
         "u" : 1.9999999977938561
      },
      {
         "d" : 5.4454061301687684,
         "l" : [ 3.6436999999999999, -1.0443, 1.2351000000000001 ],
         "u" : 3
      }
   ]
}
