{
   "id" : "id296109",
   "p" : [
      {
         "l" : [ -1.3473297581221499, -2.3997847946411199, 0.63998799267501005 ],
         "u" : 0
      },
      {
         "d" : 0.018487185267619929,
         "l" : [ -1.3560267923415901, -2.3834710699007302, 0.63998799267501005 ],
         "t" : 0.0055461555802859787,
         "u" : 0.99999999999998013
      },
      {
         "d" : 0.073055408303790662,
         "l" : [ -1.39978016305079, -2.3508622748155301, 0.63998799267501005 ],
         "t" : 0.021916622491137197,
         "u" : 2
      }
   ]
}
