{
   "id" : "id271703",
   "p" : [
      {
         "l" : [ -1.4893000000000001, 3, 1.9995000000000001 ],
         "u" : 0
      },
      {
         "d" : 6.5205584983189908,
         "l" : [ 3.2000000000000002, -1.5307999999999999, 1.9995000000000001 ],
         "u" : 1
      },
      {
         "d" : 7.5450584983189906,
         "l" : [ 3.2000000000000002, -1.5307999999999999, 0.97499999999999998 ],
         "u" : 2
      }
   ]
}
