{
   "id" : "id310963",
   "p" : [
      {
         "l" : [ -2.82796723789115, -3.6018099920618498, 2.9749999934905702 ],
         "u" : 0
      },
      {
         "d" : 1.45,
         "l" : [ -2.82796723789115, -3.6018099920618498, 1.52499999349057 ],
         "u" : 2
      }
   ]
}
