{
   "id" : "id308870",
   "p" : [
      {
         "l" : [ 3.6075328126093398, -1.70045320343914, 0.88500000042284499 ],
         "u" : 0
      },
      {
         "d" : 0.061159287983408951,
         "l" : [ 3.55145648059107, -1.72486433807099, 0.88500000042284499 ],
         "t" : 0.053736487801729987,
         "u" : 1
      }
   ]
}
