{
   "id" : "id297086",
   "p" : [
      {
         "l" : [ -2.2070811222111999, 2.0277242218052498, 0.639988 ],
         "u" : 0
      },
      {
         "d" : 0.074660260135199191,
         "l" : [ -2.1707324342403753, 1.9625097500504676, 0.639988 ],
         "t" : 0.022398078040559755,
         "u" : 0.99999999999819689
      },
      {
         "d" : 0.10569854882100346,
         "l" : [ -2.1518250836893378, 1.9378949687253493, 0.639988 ],
         "t" : 0.031709564646301036,
         "u" : 1.9999999999927254
      },
      {
         "d" : 0.19616715124800016,
         "l" : [ -2.0662297027324001, 1.9086033524516799, 0.639988 ],
         "t" : 0.058850145374400045,
         "u" : 3
      }
   ]
}
