{
   "id" : "id183496",
   "p" : [
      {
         "l" : [ 0.080199999999999994, -0.25230000000000002, 1.1182000000000001 ],
         "u" : 0
      },
      {
         "d" : 0.38619999999999988,
         "l" : [ 0.080199999999999994, -0.25230000000000002, 1.5044 ],
         "u" : 1
      },
      {
         "d" : 3.9157070505666933,
         "l" : [ 3.4243000000000001, 0.87660000000000005, 1.5044 ],
         "u" : 2
      }
   ]
}
