{
   "id" : "id160126",
   "p" : [
      {
         "l" : [ -3.4998999999999998, -3.375, 0.21729999999999999 ],
         "u" : 0
      },
      {
         "d" : 1.7821999999999998,
         "l" : [ -3.4998999999999998, -3.375, 1.9995000000000001 ],
         "u" : 1
      }
   ]
}
