{
   "id" : "id303371",
   "p" : [
      {
         "l" : [ 1.63244532573523, -2.4159389353537901, 0.639988 ],
         "u" : 0
      },
      {
         "d" : 0.22623982586198113,
         "l" : [ 1.6402951636079117, -2.1899756150996343, 0.639988 ],
         "t" : 0.067871947758594342,
         "u" : 3.9999999999590097
      },
      {
         "d" : 0.28875782788995308,
         "l" : [ 1.61266787428997, -2.13389323406509, 0.639988 ],
         "t" : 0.086627348366985921,
         "u" : 5
      }
   ]
}
