{
   "id" : "id310356",
   "p" : [
      {
         "l" : [ 2.93820666173418, -1.9016667987167799, 0.88500000042284499 ],
         "u" : 0
      },
      {
         "d" : 0.0079567971082464967,
         "l" : [ 2.9307943930440801, -1.8987749296416601, 0.88500000042284499 ],
         "t" : 0.004774078264947898,
         "u" : 2
      }
   ]
}
