{
   "id" : "id305693",
   "p" : [
      {
         "l" : [ -0.839201257397863, -3.3517832258741, 1.59999999349057 ],
         "u" : 0
      },
      {
         "d" : 0.70499999999999696,
         "l" : [ -0.839201257397863, -3.3517832258741, 0.89499999349057302 ],
         "t" : 2.8199999999999878,
         "u" : 1
      }
   ]
}
