{
   "id" : "id288499",
   "p" : [
      {
         "l" : [ 1.7410395243560599, -2.13949442918448, 2 ],
         "u" : 0
      },
      {
         "d" : 1.3100000000000001,
         "l" : [ 1.7410395243560599, -2.13949442918448, 0.68999999999999995 ],
         "u" : 2
      }
   ]
}
