{
   "id" : "id278632",
   "p" : [
      {
         "l" : [ 3.7187500062251102, 1.17952723997931, 2 ],
         "u" : 0
      },
      {
         "d" : 1,
         "l" : [ 3.7187500062251102, 1.17952723997931, 1 ],
         "t" : 10,
         "u" : 1
      }
   ]
}
