{
   "id" : "id285155",
   "p" : [
      {
         "l" : [ 1.4925358676563101, 2.54679045600265, 0.64499999755279103 ],
         "u" : 0
      },
      {
         "d" : 0.097468940899966591,
         "l" : [ 1.3999503462531699, 2.5164062564549998, 0.64499999755279103 ],
         "t" : 0.01169627290799599,
         "u" : 3
      }
   ]
}
