{
   "id" : "id309779",
   "p" : [
      {
         "l" : [ 3.3366852655572301, -1.92275773751728, 2.0000000004228502 ],
         "u" : 0
      },
      {
         "d" : 1.1150000000000053,
         "l" : [ 3.3366852655572301, -1.92275773751728, 0.88500000042284499 ],
         "t" : 3.3450000000000162,
         "u" : 1
      }
   ]
}
