{
   "id" : "id179924",
   "p" : [
      {
         "l" : [ -1.2275, 2.6598000000000002, 0.9929 ],
         "u" : 0
      },
      {
         "d" : 1.0065999999999999,
         "l" : [ -1.2275, 2.6598000000000002, 1.9995000000000001 ],
         "u" : 1
      }
   ]
}
