{
   "id" : "id173147",
   "p" : [
      {
         "l" : [ 0.061199999999999997, -3.6436999999999999, 1.4260999999999999 ],
         "u" : 0
      },
      {
         "d" : 0.5733999999410665,
         "l" : [ 0.061199999999999997, -3.6436999999999999, 1.9994999999410661 ],
         "u" : 0.99999999989722044
      },
      {
         "d" : 5.309829997535302,
         "l" : [ 3.6436999985270191, -0.54540000127389709, 1.9995000000000001 ],
         "u" : 1.99999999958884
      },
      {
         "d" : 6.0423299994827326,
         "l" : [ 3.6436999999999999, -0.5454, 1.2669999999999999 ],
         "u" : 3
      }
   ]
}
