{
   "id" : "id306992",
   "p" : [
      {
         "l" : [ -0.84196605570738703, -2.5364735119379902, 1.59999999349057 ],
         "u" : 0
      },
      {
         "d" : 0.70499999999999696,
         "l" : [ -0.84196605570738703, -2.5364735119379902, 0.89499999349057302 ],
         "t" : 2.8199999999999878,
         "u" : 1
      }
   ]
}
