{
   "id" : "id184116",
   "p" : [
      {
         "l" : [ -0.1081, -2.9344999999999999, 1.3777999999999999 ],
         "u" : 0
      },
      {
         "d" : 0.065511562011339439,
         "l" : [ -0.10909999999999728, -2.9999999999998774, 1.3780000000000008 ],
         "t" : 0.28712152817241537,
         "u" : 1.999999999995465
      },
      {
         "d" : 0.096927959004115244,
         "l" : [ -0.10920000000000001, -3.0312999999999999, 1.3753 ],
         "t" : 0.42481209205602005,
         "u" : 3
      }
   ]
}
