{
   "id" : "id308646",
   "p" : [
      {
         "l" : [ 3.6088199754397001, -1.60523505894103, 0.88500000042284499 ],
         "u" : 0
      },
      {
         "d" : 0.0079567971082405153,
         "l" : [ 3.6029883081338898, -1.61064766370363, 0.88500000042284499 ],
         "t" : 0.0047740782649443089,
         "u" : 2
      }
   ]
}
