{
   "id" : "id164488",
   "p" : [
      {
         "l" : [ -2.4506000000000001, 1.8467, 0.63 ],
         "u" : 0
      },
      {
         "d" : 0.039400000000000157,
         "l" : [ -2.4900000000000002, 1.8467, 0.63 ],
         "t" : 0.30697312037397867,
         "u" : 1
      },
      {
         "d" : 0.078800000000000231,
         "l" : [ -2.4900000000000002, 1.8072999999999999, 0.63 ],
         "t" : 0.61394624074795678,
         "u" : 2
      }
   ]
}
