{
   "id" : "id161783",
   "p" : [
      {
         "l" : [ -2.29, -1.0911999999999999, 0.625 ],
         "u" : 0
      },
      {
         "d" : 0.1593999999999999,
         "l" : [ -2.29, -1.2505999999999999, 0.625 ],
         "t" : 0.99355911074174064,
         "u" : 1
      }
   ]
}
