{
   "id" : "id281136",
   "p" : [
      {
         "l" : [ -2.51640624846398, -1.0539435539805, 0.644999989353499 ],
         "u" : 0
      },
      {
         "d" : 1.355000010646501,
         "l" : [ -2.51640624846398, -1.0539435539805, 2 ],
         "u" : 1
      }
   ]
}
