{
   "id" : "id278312",
   "p" : [
      {
         "l" : [ -0.485790378006557, -1.1876886791450001, 0.89500599999999997 ],
         "u" : 0
      },
      {
         "d" : 0.0076437055021985906,
         "l" : [ -0.480992292446762, -1.1817391819740199, 0.89500599999999997 ],
         "t" : 0.00091724466026383081,
         "u" : 2
      }
   ]
}
