{
   "id" : "id309746",
   "p" : [
      {
         "l" : [ 1.1919536888435101, -3.0502208540648201, 0.88500000042284499 ],
         "u" : 0
      },
      {
         "d" : 0.11403471662841307,
         "l" : [ 1.2355250961486099, -3.1555974144365302, 0.88500000042284499 ],
         "t" : 0.068420829977047834,
         "u" : 2
      }
   ]
}
