{
   "id" : "id158047",
   "p" : [
      {
         "l" : [ 1.1276999999999999, -3.5249999999999999, 1.9995000000000001 ],
         "u" : 0
      },
      {
         "d" : 7.8894137805035935,
         "l" : [ -4.0076999999999998, 2.4641999999999999, 1.9995000000000001 ],
         "u" : 1
      },
      {
         "d" : 8.9989137805035941,
         "l" : [ -4.0076999999999998, 2.4641999999999999, 0.89000000000000001 ],
         "u" : 2
      }
   ]
}
