{
   "id" : "id309760",
   "p" : [
      {
         "l" : [ 1.2355250961486099, -3.1555974144365302, 0.88500000042284499 ],
         "u" : 0
      },
      {
         "d" : 1.1149999995178068,
         "l" : [ 1.2355250961486099, -3.1555974144365302, 1.9999999999406519 ],
         "u" : 1.9999999987141379
      },
      {
         "d" : 3.5511378709949173,
         "l" : [ 3.3366852655572301, -1.92275773751728, 2.0000000004228502 ],
         "u" : 3
      }
   ]
}
