{
   "id" : "id162906",
   "p" : [
      {
         "l" : [ 1.5103, 1.6379999999999999, 0.625 ],
         "u" : 0
      },
      {
         "d" : 0.039434249073616298,
         "l" : [ 1.4858, 1.6689000000000001, 0.625 ],
         "t" : 0.30723996161757927,
         "u" : 1
      },
      {
         "d" : 0.078871287501977,
         "l" : [ 1.476, 1.6307, 0.625 ],
         "t" : 0.6145016556445424,
         "u" : 2
      }
   ]
}
