{
   "id" : "id184238",
   "p" : [
      {
         "l" : [ -0.45540000000000003, -3.0312999999999999, 1.3333999999999999 ],
         "u" : 0
      },
      {
         "d" : 0.052900000000000023,
         "l" : [ -0.45540000000000003, -3.0312999999999999, 1.3863000000000001 ],
         "u" : 0.99999999999999889
      },
      {
         "d" : 0.55887790465592457,
         "l" : [ -0.5262, -2.5303, 1.3863000000000001 ],
         "u" : 2
      }
   ]
}
