{
   "id" : "id309918",
   "p" : [
      {
         "l" : [ 3.2262146642895702, -1.90179941671814, 0.88500000042284499 ],
         "u" : 0
      },
      {
         "d" : 0.0079567971082448053,
         "l" : [ 3.2188023955918799, -1.8989075476624799, 0.88500000042284499 ],
         "t" : 0.0047740782649468832,
         "u" : 2
      }
   ]
}
