{
   "id" : "id308738",
   "p" : [
      {
         "l" : [ 3.6346550233700099, -1.63938516570981, 2.0000000004228502 ],
         "u" : 0
      },
      {
         "d" : 1.1150000000000053,
         "l" : [ 3.6346550233700099, -1.63938516570981, 0.88500000042284499 ],
         "t" : 3.3450000000000162,
         "u" : 1
      }
   ]
}
