{
   "id" : "id310523",
   "p" : [
      {
         "l" : [ 1.2357074869410201, -2.6749510239960399, 0.88500000042284499 ],
         "u" : 0
      },
      {
         "d" : 1.1149999995178066,
         "l" : [ 1.2357074869410201, -2.6749510239960399, 1.9999999999406517 ],
         "u" : 1.9999999987141375
      },
      {
         "d" : 2.7790637960305364,
         "l" : [ 2.7298008846231898, -1.9422892764876201, 2.0000000004228502 ],
         "u" : 3
      }
   ]
}
