{
   "id" : "id184081",
   "p" : [
      {
         "l" : [ 0.034599999999999999, -2.9275000000000002, 1.4233 ],
         "u" : 0
      },
      {
         "d" : 0.072501172404313308,
         "l" : [ 0.034200000000000001, -3, 1.4234 ],
         "t" : 0.31775532098311166,
         "u" : 1
      },
      {
         "d" : 0.10388747514930055,
         "l" : [ 0.0332, -3.0312999999999999, 1.4213 ],
         "t" : 0.45531398896698561,
         "u" : 2
      }
   ]
}
