{
   "id" : "id201185",
   "p" : [
      {
         "l" : [ -3.6937000000000002, 0.51770000000000005, 0.62 ],
         "u" : 0
      },
      {
         "d" : 1.3794999999999999,
         "l" : [ -3.6937000000000002, 0.51770000000000005, 1.9995000000000001 ],
         "u" : 1
      }
   ]
}
