{
   "id" : "id310509",
   "p" : [
      {
         "l" : [ 1.19233720433169, -2.5652216958684, 0.88500000042284499 ],
         "u" : 0
      },
      {
         "d" : 0.11799501404062705,
         "l" : [ 1.2357074869410201, -2.6749510239960399, 0.88500000042284499 ],
         "t" : 0.070797008424376223,
         "u" : 2
      }
   ]
}
