{
   "id" : "id299863",
   "p" : [
      {
         "l" : [ 1.86486922032653, 1.51321455341342, 0.639988 ],
         "u" : 0
      },
      {
         "d" : 0.032599788469599447,
         "l" : [ 1.8433980495511599, 1.4886842653230301, 0.639988 ],
         "t" : 0.0097799365408798335,
         "u" : 0.999999999999999
      },
      {
         "d" : 0.12733306916566128,
         "l" : [ 1.8336382478536299, 1.3944550727006599, 0.639988 ],
         "t" : 0.038199920749698378,
         "u" : 2
      }
   ]
}
