{
   "id" : "id294254",
   "p" : [
      {
         "l" : [ -2.04378782428698, -1.43508157303155, 0.63998799267501005 ],
         "u" : 0
      },
      {
         "d" : 0.51034204376593206,
         "l" : [ -1.8851693795117486, -0.95001540165668041, 0.63998799267501005 ],
         "t" : 0.1531026131297796,
         "u" : 1.0000000000159193
      },
      {
         "d" : 0.57528497836903247,
         "l" : [ -1.8846252087548101, -0.88565108119399405, 0.63998799267501005 ],
         "t" : 0.17258549351070973,
         "u" : 3
      }
   ]
}
